ISO-10303-21;
HEADER;
/* Generated by software containing ST-Developer
 * from STEP Tools, Inc. (www.steptools.com) 
 */

FILE_DESCRIPTION(
/* description */ (''),
/* implementation_level */ '2;1');

FILE_NAME(
/* name */ 'Damascus Center Cylinder.stp',
/* time_stamp */ '2026-07-20T12:29:36-04:00',
/* author */ ('Thienan Hoang'),
/* organization */ (''),
/* preprocessor_version */ 'ST-DEVELOPER v20.1',
/* originating_system */ 'Autodesk Inventor 2026',
/* authorisation */ '');

FILE_SCHEMA (('AUTOMOTIVE_DESIGN { 1 0 10303 214 3 1 1 }'));
ENDSEC;

DATA;
#10=MECHANICAL_DESIGN_GEOMETRIC_PRESENTATION_REPRESENTATION('',(#13),#16203);
#11=SHAPE_REPRESENTATION_RELATIONSHIP('SRR','None',#16210,#12);
#12=ADVANCED_BREP_SHAPE_REPRESENTATION('',(#14),#16202);
#13=STYLED_ITEM('',(#16219),#14);
#14=MANIFOLD_SOLID_BREP('Solid1',#8768);
#15=CONICAL_SURFACE('',#9070,63.5,0.790112789386805);
#16=CYLINDRICAL_SURFACE('',#9057,2.75);
#17=CYLINDRICAL_SURFACE('',#9059,2.75);
#18=CYLINDRICAL_SURFACE('',#9061,2.75);
#19=CYLINDRICAL_SURFACE('',#9063,56.);
#20=CYLINDRICAL_SURFACE('',#9068,66.);
#21=CYLINDRICAL_SURFACE('',#9072,61.);
#22=CYLINDRICAL_SURFACE('',#9074,40.5);
#23=CIRCLE('',#9045,60.9999999999999);
#24=CIRCLE('',#9046,40.5);
#25=CIRCLE('',#9047,2.75);
#26=CIRCLE('',#9048,2.75);
#27=CIRCLE('',#9049,2.75);
#28=CIRCLE('',#9058,2.75);
#29=CIRCLE('',#9060,2.75);
#30=CIRCLE('',#9062,2.75);
#31=CIRCLE('',#9064,56.);
#32=CIRCLE('',#9065,56.);
#33=CIRCLE('',#9067,66.);
#34=CIRCLE('',#9069,66.);
#35=CIRCLE('',#9071,61.);
#36=CIRCLE('',#9075,40.5);
#37=FACE_BOUND('',#775,.T.);
#38=FACE_BOUND('',#777,.T.);
#39=FACE_BOUND('',#807,.T.);
#40=FACE_BOUND('',#970,.T.);
#41=FACE_BOUND('',#1036,.T.);
#42=FACE_BOUND('',#1094,.T.);
#43=FACE_BOUND('',#1109,.T.);
#44=FACE_BOUND('',#1164,.T.);
#45=FACE_BOUND('',#1199,.T.);
#46=FACE_BOUND('',#1202,.T.);
#47=FACE_BOUND('',#1203,.T.);
#48=FACE_BOUND('',#1204,.T.);
#49=FACE_BOUND('',#1205,.T.);
#50=FACE_BOUND('',#1206,.T.);
#51=FACE_BOUND('',#1207,.T.);
#52=FACE_BOUND('',#1208,.T.);
#53=FACE_BOUND('',#1209,.T.);
#54=FACE_BOUND('',#1210,.T.);
#55=FACE_BOUND('',#1211,.T.);
#56=FACE_BOUND('',#1212,.T.);
#57=FACE_BOUND('',#1213,.T.);
#58=FACE_BOUND('',#1214,.T.);
#59=FACE_BOUND('',#1215,.T.);
#60=FACE_BOUND('',#1216,.T.);
#61=FACE_BOUND('',#1217,.T.);
#62=FACE_BOUND('',#1218,.T.);
#63=FACE_BOUND('',#1219,.T.);
#64=FACE_BOUND('',#1220,.T.);
#65=FACE_BOUND('',#1221,.T.);
#66=FACE_BOUND('',#1222,.T.);
#67=FACE_BOUND('',#1223,.T.);
#68=FACE_BOUND('',#1224,.T.);
#69=FACE_BOUND('',#1225,.T.);
#70=FACE_BOUND('',#1226,.T.);
#71=FACE_BOUND('',#1227,.T.);
#72=FACE_BOUND('',#1228,.T.);
#73=FACE_BOUND('',#1229,.T.);
#74=FACE_BOUND('',#1230,.T.);
#75=FACE_BOUND('',#1231,.T.);
#76=FACE_BOUND('',#1232,.T.);
#77=FACE_BOUND('',#1233,.T.);
#78=FACE_BOUND('',#1234,.T.);
#79=FACE_BOUND('',#1235,.T.);
#80=FACE_BOUND('',#1248,.T.);
#81=FACE_BOUND('',#1255,.T.);
#82=FACE_BOUND('',#1256,.T.);
#83=FACE_BOUND('',#1257,.T.);
#84=FACE_BOUND('',#1258,.T.);
#85=B_SPLINE_SURFACE_WITH_KNOTS('',2,1,((#10619,#10620),(#10621,#10622),
(#10623,#10624),(#10625,#10626)),.UNSPECIFIED.,.F.,.F.,.F.,(3,1,3),(2,2),
(-2.,-1.,0.),(0.,47.2749405076305),.UNSPECIFIED.);
#86=B_SPLINE_SURFACE_WITH_KNOTS('',2,1,((#10635,#10636),(#10637,#10638),
(#10639,#10640),(#10641,#10642)),.UNSPECIFIED.,.F.,.F.,.F.,(3,1,3),(2,2),
(-2.,-1.,0.),(0.,47.2749405076305),.UNSPECIFIED.);
#87=B_SPLINE_SURFACE_WITH_KNOTS('',2,1,((#10649,#10650),(#10651,#10652),
(#10653,#10654),(#10655,#10656)),.UNSPECIFIED.,.F.,.F.,.F.,(3,1,3),(2,2),
(-2.,-1.,0.),(0.,47.2749405076305),.UNSPECIFIED.);
#88=B_SPLINE_SURFACE_WITH_KNOTS('',2,1,((#10663,#10664),(#10665,#10666),
(#10667,#10668),(#10669,#10670)),.UNSPECIFIED.,.F.,.F.,.F.,(3,1,3),(2,2),
(-2.,-1.,0.),(0.,47.2749405076305),.UNSPECIFIED.);
#89=B_SPLINE_SURFACE_WITH_KNOTS('',2,1,((#10677,#10678),(#10679,#10680),
(#10681,#10682),(#10683,#10684)),.UNSPECIFIED.,.F.,.F.,.F.,(3,1,3),(2,2),
(-2.,-1.,0.),(0.,47.2749405076305),.UNSPECIFIED.);
#90=B_SPLINE_SURFACE_WITH_KNOTS('',2,1,((#10707,#10708),(#10709,#10710),
(#10711,#10712),(#10713,#10714)),.UNSPECIFIED.,.F.,.F.,.F.,(3,1,3),(2,2),
(-2.,-1.,0.),(0.,47.2749405076305),.UNSPECIFIED.);
#91=B_SPLINE_SURFACE_WITH_KNOTS('',2,1,((#10721,#10722),(#10723,#10724),
(#10725,#10726),(#10727,#10728)),.UNSPECIFIED.,.F.,.F.,.F.,(3,1,3),(2,2),
(-2.,-1.,0.),(0.,47.2749405076305),.UNSPECIFIED.);
#92=B_SPLINE_SURFACE_WITH_KNOTS('',2,1,((#10735,#10736),(#10737,#10738),
(#10739,#10740),(#10741,#10742)),.UNSPECIFIED.,.F.,.F.,.F.,(3,1,3),(2,2),
(-2.,-1.,0.),(0.,47.2749405076305),.UNSPECIFIED.);
#93=B_SPLINE_SURFACE_WITH_KNOTS('',2,1,((#10749,#10750),(#10751,#10752),
(#10753,#10754),(#10755,#10756)),.UNSPECIFIED.,.F.,.F.,.F.,(3,1,3),(2,2),
(-2.,-1.,0.),(0.,47.2749405076305),.UNSPECIFIED.);
#94=B_SPLINE_SURFACE_WITH_KNOTS('',2,1,((#10763,#10764),(#10765,#10766),
(#10767,#10768),(#10769,#10770)),.UNSPECIFIED.,.F.,.F.,.F.,(3,1,3),(2,2),
(-2.,-1.,0.),(0.,47.2749405076305),.UNSPECIFIED.);
#95=B_SPLINE_SURFACE_WITH_KNOTS('',2,1,((#10777,#10778),(#10779,#10780),
(#10781,#10782),(#10783,#10784)),.UNSPECIFIED.,.F.,.F.,.F.,(3,1,3),(2,2),
(-2.,-1.,0.),(0.,47.2749405076305),.UNSPECIFIED.);
#96=B_SPLINE_SURFACE_WITH_KNOTS('',2,1,((#10951,#10952),(#10953,#10954),
(#10955,#10956),(#10957,#10958)),.UNSPECIFIED.,.F.,.F.,.F.,(3,1,3),(2,2),
(0.,1.,2.),(0.,47.2749405076305),.UNSPECIFIED.);
#97=B_SPLINE_SURFACE_WITH_KNOTS('',2,1,((#10965,#10966),(#10967,#10968),
(#10969,#10970),(#10971,#10972)),.UNSPECIFIED.,.F.,.F.,.F.,(3,1,3),(2,2),
(0.,1.,2.),(0.,47.2749405076305),.UNSPECIFIED.);
#98=B_SPLINE_SURFACE_WITH_KNOTS('',2,1,((#10979,#10980),(#10981,#10982),
(#10983,#10984),(#10985,#10986)),.UNSPECIFIED.,.F.,.F.,.F.,(3,1,3),(2,2),
(-2.,-1.,0.),(0.,47.2749405076305),.UNSPECIFIED.);
#99=B_SPLINE_SURFACE_WITH_KNOTS('',2,1,((#10995,#10996),(#10997,#10998),
(#10999,#11000),(#11001,#11002)),.UNSPECIFIED.,.F.,.F.,.F.,(3,1,3),(2,2),
(-2.,-1.,0.),(0.,47.2749405076305),.UNSPECIFIED.);
#100=B_SPLINE_SURFACE_WITH_KNOTS('',2,1,((#11009,#11010),(#11011,#11012),
(#11013,#11014),(#11015,#11016)),.UNSPECIFIED.,.F.,.F.,.F.,(3,1,3),(2,2),
(-2.,-1.,0.),(0.,47.2749405076305),.UNSPECIFIED.);
#101=B_SPLINE_SURFACE_WITH_KNOTS('',2,1,((#11023,#11024),(#11025,#11026),
(#11027,#11028),(#11029,#11030)),.UNSPECIFIED.,.F.,.F.,.F.,(3,1,3),(2,2),
(-2.,-1.,0.),(0.,47.2749405076305),.UNSPECIFIED.);
#102=B_SPLINE_SURFACE_WITH_KNOTS('',2,1,((#11041,#11042),(#11043,#11044),
(#11045,#11046),(#11047,#11048)),.UNSPECIFIED.,.F.,.F.,.F.,(3,1,3),(2,2),
(0.,1.,2.),(0.,47.2749405076305),.UNSPECIFIED.);
#103=B_SPLINE_SURFACE_WITH_KNOTS('',2,1,((#11055,#11056),(#11057,#11058),
(#11059,#11060),(#11061,#11062)),.UNSPECIFIED.,.F.,.F.,.F.,(3,1,3),(2,2),
(0.,1.,2.),(0.,47.2749405076305),.UNSPECIFIED.);
#104=B_SPLINE_SURFACE_WITH_KNOTS('',2,1,((#11223,#11224),(#11225,#11226),
(#11227,#11228),(#11229,#11230)),.UNSPECIFIED.,.F.,.F.,.F.,(3,1,3),(2,2),
(-2.,-1.,0.),(0.,47.2749405076305),.UNSPECIFIED.);
#105=B_SPLINE_SURFACE_WITH_KNOTS('',2,1,((#11248,#11249),(#11250,#11251),
(#11252,#11253),(#11254,#11255)),.UNSPECIFIED.,.F.,.F.,.F.,(3,1,3),(2,2),
(-2.,-1.,0.),(0.,47.2749405076305),.UNSPECIFIED.);
#106=B_SPLINE_SURFACE_WITH_KNOTS('',2,1,((#11270,#11271),(#11272,#11273),
(#11274,#11275),(#11276,#11277)),.UNSPECIFIED.,.F.,.F.,.F.,(3,1,3),(2,2),
(-2.,-1.,0.),(0.,47.2749405076305),.UNSPECIFIED.);
#107=B_SPLINE_SURFACE_WITH_KNOTS('',2,1,((#11292,#11293),(#11294,#11295),
(#11296,#11297),(#11298,#11299)),.UNSPECIFIED.,.F.,.F.,.F.,(3,1,3),(2,2),
(-2.,-1.,0.),(0.,47.2749405076305),.UNSPECIFIED.);
#108=B_SPLINE_SURFACE_WITH_KNOTS('',2,1,((#11326,#11327),(#11328,#11329),
(#11330,#11331),(#11332,#11333)),.UNSPECIFIED.,.F.,.F.,.F.,(3,1,3),(2,2),
(-2.,-1.,0.),(0.,47.2749405076305),.UNSPECIFIED.);
#109=B_SPLINE_SURFACE_WITH_KNOTS('',2,1,((#11348,#11349),(#11350,#11351),
(#11352,#11353),(#11354,#11355)),.UNSPECIFIED.,.F.,.F.,.F.,(3,1,3),(2,2),
(-2.,-1.,0.),(0.,47.2749405076305),.UNSPECIFIED.);
#110=B_SPLINE_SURFACE_WITH_KNOTS('',2,1,((#11370,#11371),(#11372,#11373),
(#11374,#11375),(#11376,#11377)),.UNSPECIFIED.,.F.,.F.,.F.,(3,1,3),(2,2),
(-2.,-1.,0.),(0.,47.2749405076305),.UNSPECIFIED.);
#111=B_SPLINE_SURFACE_WITH_KNOTS('',2,1,((#11392,#11393),(#11394,#11395),
(#11396,#11397),(#11398,#11399)),.UNSPECIFIED.,.F.,.F.,.F.,(3,1,3),(2,2),
(-2.,-1.,0.),(0.,47.2749405076305),.UNSPECIFIED.);
#112=B_SPLINE_SURFACE_WITH_KNOTS('',2,1,((#11414,#11415),(#11416,#11417),
(#11418,#11419),(#11420,#11421)),.UNSPECIFIED.,.F.,.F.,.F.,(3,1,3),(2,2),
(-2.,-1.,0.),(0.,47.2749405076305),.UNSPECIFIED.);
#113=B_SPLINE_SURFACE_WITH_KNOTS('',2,1,((#11436,#11437),(#11438,#11439),
(#11440,#11441),(#11442,#11443)),.UNSPECIFIED.,.F.,.F.,.F.,(3,1,3),(2,2),
(-2.,-1.,0.),(0.,47.2749405076305),.UNSPECIFIED.);
#114=B_SPLINE_SURFACE_WITH_KNOTS('',2,1,((#11458,#11459),(#11460,#11461),
(#11462,#11463),(#11464,#11465)),.UNSPECIFIED.,.F.,.F.,.F.,(3,1,3),(2,2),
(-2.,-1.,0.),(0.,47.2749405076305),.UNSPECIFIED.);
#115=B_SPLINE_SURFACE_WITH_KNOTS('',2,1,((#11479,#11480),(#11481,#11482),
(#11483,#11484),(#11485,#11486)),.UNSPECIFIED.,.F.,.F.,.F.,(3,1,3),(2,2),
(-2.,-1.,0.),(0.,47.2749405076305),.UNSPECIFIED.);
#116=B_SPLINE_SURFACE_WITH_KNOTS('',2,1,((#11513,#11514),(#11515,#11516),
(#11517,#11518),(#11519,#11520)),.UNSPECIFIED.,.F.,.F.,.F.,(3,1,3),(2,2),
(-2.,-1.,0.),(0.,47.2749405076305),.UNSPECIFIED.);
#117=B_SPLINE_SURFACE_WITH_KNOTS('',2,1,((#11535,#11536),(#11537,#11538),
(#11539,#11540),(#11541,#11542)),.UNSPECIFIED.,.F.,.F.,.F.,(3,1,3),(2,2),
(-2.,-1.,0.),(0.,47.2749405076305),.UNSPECIFIED.);
#118=B_SPLINE_SURFACE_WITH_KNOTS('',2,1,((#11557,#11558),(#11559,#11560),
(#11561,#11562),(#11563,#11564)),.UNSPECIFIED.,.F.,.F.,.F.,(3,1,3),(2,2),
(-2.,-1.,0.),(0.,47.2749405076305),.UNSPECIFIED.);
#119=B_SPLINE_SURFACE_WITH_KNOTS('',2,1,((#11579,#11580),(#11581,#11582),
(#11583,#11584),(#11585,#11586)),.UNSPECIFIED.,.F.,.F.,.F.,(3,1,3),(2,2),
(-2.,-1.,0.),(0.,47.2749405076305),.UNSPECIFIED.);
#120=B_SPLINE_SURFACE_WITH_KNOTS('',2,1,((#11741,#11742),(#11743,#11744),
(#11745,#11746),(#11747,#11748)),.UNSPECIFIED.,.F.,.F.,.F.,(3,1,3),(2,2),
(-2.,-1.,0.),(0.,47.2749405076305),.UNSPECIFIED.);
#121=B_SPLINE_SURFACE_WITH_KNOTS('',2,1,((#11755,#11756),(#11757,#11758),
(#11759,#11760),(#11761,#11762)),.UNSPECIFIED.,.F.,.F.,.F.,(3,1,3),(2,2),
(-2.,-1.,0.),(0.,47.2749405076305),.UNSPECIFIED.);
#122=B_SPLINE_SURFACE_WITH_KNOTS('',2,1,((#11769,#11770),(#11771,#11772),
(#11773,#11774),(#11775,#11776)),.UNSPECIFIED.,.F.,.F.,.F.,(3,1,3),(2,2),
(-2.,-1.,0.),(0.,47.2749405076305),.UNSPECIFIED.);
#123=B_SPLINE_SURFACE_WITH_KNOTS('',2,1,((#11783,#11784),(#11785,#11786),
(#11787,#11788),(#11789,#11790)),.UNSPECIFIED.,.F.,.F.,.F.,(3,1,3),(2,2),
(-2.,-1.,0.),(0.,47.2749405076305),.UNSPECIFIED.);
#124=B_SPLINE_SURFACE_WITH_KNOTS('',2,1,((#11797,#11798),(#11799,#11800),
(#11801,#11802),(#11803,#11804)),.UNSPECIFIED.,.F.,.F.,.F.,(3,1,3),(2,2),
(-2.,-1.,0.),(0.,47.2749405076305),.UNSPECIFIED.);
#125=B_SPLINE_SURFACE_WITH_KNOTS('',2,1,((#11811,#11812),(#11813,#11814),
(#11815,#11816),(#11817,#11818)),.UNSPECIFIED.,.F.,.F.,.F.,(3,1,3),(2,2),
(-2.,-1.,0.),(0.,47.2749405076305),.UNSPECIFIED.);
#126=B_SPLINE_SURFACE_WITH_KNOTS('',2,1,((#11825,#11826),(#11827,#11828),
(#11829,#11830),(#11831,#11832)),.UNSPECIFIED.,.F.,.F.,.F.,(3,1,3),(2,2),
(-2.,-1.,0.),(0.,47.2749405076305),.UNSPECIFIED.);
#127=B_SPLINE_SURFACE_WITH_KNOTS('',2,1,((#11839,#11840),(#11841,#11842),
(#11843,#11844),(#11845,#11846)),.UNSPECIFIED.,.F.,.F.,.F.,(3,1,3),(2,2),
(-2.,-1.,0.),(0.,47.2749405076305),.UNSPECIFIED.);
#128=B_SPLINE_SURFACE_WITH_KNOTS('',2,1,((#11861,#11862),(#11863,#11864),
(#11865,#11866),(#11867,#11868)),.UNSPECIFIED.,.F.,.F.,.F.,(3,1,3),(2,2),
(-2.,-1.,0.),(0.,47.2749405076305),.UNSPECIFIED.);
#129=B_SPLINE_SURFACE_WITH_KNOTS('',2,1,((#11875,#11876),(#11877,#11878),
(#11879,#11880),(#11881,#11882)),.UNSPECIFIED.,.F.,.F.,.F.,(3,1,3),(2,2),
(-2.,-1.,0.),(0.,47.2749405076305),.UNSPECIFIED.);
#130=B_SPLINE_SURFACE_WITH_KNOTS('',2,1,((#11889,#11890),(#11891,#11892),
(#11893,#11894),(#11895,#11896)),.UNSPECIFIED.,.F.,.F.,.F.,(3,1,3),(2,2),
(-2.,-1.,0.),(0.,47.2749405076305),.UNSPECIFIED.);
#131=B_SPLINE_SURFACE_WITH_KNOTS('',2,1,((#11903,#11904),(#11905,#11906),
(#11907,#11908),(#11909,#11910)),.UNSPECIFIED.,.F.,.F.,.F.,(3,1,3),(2,2),
(-2.,-1.,0.),(0.,47.2749405076305),.UNSPECIFIED.);
#132=B_SPLINE_SURFACE_WITH_KNOTS('',2,1,((#11917,#11918),(#11919,#11920),
(#11921,#11922),(#11923,#11924)),.UNSPECIFIED.,.F.,.F.,.F.,(3,1,3),(2,2),
(-2.,-1.,0.),(0.,47.2749405076305),.UNSPECIFIED.);
#133=B_SPLINE_SURFACE_WITH_KNOTS('',2,1,((#11931,#11932),(#11933,#11934),
(#11935,#11936),(#11937,#11938)),.UNSPECIFIED.,.F.,.F.,.F.,(3,1,3),(2,2),
(-2.,-1.,0.),(0.,47.2749405076305),.UNSPECIFIED.);
#134=B_SPLINE_SURFACE_WITH_KNOTS('',2,1,((#11945,#11946),(#11947,#11948),
(#11949,#11950),(#11951,#11952)),.UNSPECIFIED.,.F.,.F.,.F.,(3,1,3),(2,2),
(-2.,-1.,0.),(0.,47.2749405076305),.UNSPECIFIED.);
#135=B_SPLINE_SURFACE_WITH_KNOTS('',2,1,((#11959,#11960),(#11961,#11962),
(#11963,#11964),(#11965,#11966)),.UNSPECIFIED.,.F.,.F.,.F.,(3,1,3),(2,2),
(-2.,-1.,0.),(0.,47.2749405076305),.UNSPECIFIED.);
#136=B_SPLINE_SURFACE_WITH_KNOTS('',2,1,((#11984,#11985),(#11986,#11987),
(#11988,#11989),(#11990,#11991)),.UNSPECIFIED.,.F.,.F.,.F.,(3,1,3),(2,2),
(-2.,-1.,0.),(0.,47.2749405076305),.UNSPECIFIED.);
#137=B_SPLINE_SURFACE_WITH_KNOTS('',2,1,((#12006,#12007),(#12008,#12009),
(#12010,#12011),(#12012,#12013)),.UNSPECIFIED.,.F.,.F.,.F.,(3,1,3),(2,2),
(-2.,-1.,0.),(0.,47.2749405076305),.UNSPECIFIED.);
#138=B_SPLINE_SURFACE_WITH_KNOTS('',2,1,((#12028,#12029),(#12030,#12031),
(#12032,#12033),(#12034,#12035)),.UNSPECIFIED.,.F.,.F.,.F.,(3,1,3),(2,2),
(-2.,-1.,0.),(0.,47.2749405076305),.UNSPECIFIED.);
#139=B_SPLINE_SURFACE_WITH_KNOTS('',2,1,((#12050,#12051),(#12052,#12053),
(#12054,#12055),(#12056,#12057)),.UNSPECIFIED.,.F.,.F.,.F.,(3,1,3),(2,2),
(-2.,-1.,0.),(0.,47.2749405076305),.UNSPECIFIED.);
#140=B_SPLINE_SURFACE_WITH_KNOTS('',2,1,((#12071,#12072),(#12073,#12074),
(#12075,#12076),(#12077,#12078)),.UNSPECIFIED.,.F.,.F.,.F.,(3,1,3),(2,2),
(-2.,-1.,0.),(0.,47.2749405076305),.UNSPECIFIED.);
#141=B_SPLINE_SURFACE_WITH_KNOTS('',2,1,((#12093,#12094),(#12095,#12096),
(#12097,#12098),(#12099,#12100)),.UNSPECIFIED.,.F.,.F.,.F.,(3,1,3),(2,2),
(-2.,-1.,0.),(0.,47.2749405076305),.UNSPECIFIED.);
#142=B_SPLINE_SURFACE_WITH_KNOTS('',2,1,((#12115,#12116),(#12117,#12118),
(#12119,#12120),(#12121,#12122)),.UNSPECIFIED.,.F.,.F.,.F.,(3,1,3),(2,2),
(-2.,-1.,0.),(0.,47.2749405076305),.UNSPECIFIED.);
#143=B_SPLINE_SURFACE_WITH_KNOTS('',2,1,((#12137,#12138),(#12139,#12140),
(#12141,#12142),(#12143,#12144)),.UNSPECIFIED.,.F.,.F.,.F.,(3,1,3),(2,2),
(-2.,-1.,0.),(0.,47.2749405076305),.UNSPECIFIED.);
#144=B_SPLINE_SURFACE_WITH_KNOTS('',2,1,((#12171,#12172),(#12173,#12174),
(#12175,#12176),(#12177,#12178)),.UNSPECIFIED.,.F.,.F.,.F.,(3,1,3),(2,2),
(-2.,-1.,0.),(0.,47.2749405076305),.UNSPECIFIED.);
#145=B_SPLINE_SURFACE_WITH_KNOTS('',2,1,((#12193,#12194),(#12195,#12196),
(#12197,#12198),(#12199,#12200)),.UNSPECIFIED.,.F.,.F.,.F.,(3,1,3),(2,2),
(-2.,-1.,0.),(0.,47.2749405076305),.UNSPECIFIED.);
#146=B_SPLINE_SURFACE_WITH_KNOTS('',2,1,((#12214,#12215),(#12216,#12217),
(#12218,#12219),(#12220,#12221)),.UNSPECIFIED.,.F.,.F.,.F.,(3,1,3),(2,2),
(-2.,-1.,0.),(0.,47.2749405076305),.UNSPECIFIED.);
#147=B_SPLINE_SURFACE_WITH_KNOTS('',2,1,((#12236,#12237),(#12238,#12239),
(#12240,#12241),(#12242,#12243)),.UNSPECIFIED.,.F.,.F.,.F.,(3,1,3),(2,2),
(-2.,-1.,0.),(0.,47.2749405076305),.UNSPECIFIED.);
#148=B_SPLINE_SURFACE_WITH_KNOTS('',2,1,((#12258,#12259),(#12260,#12261),
(#12262,#12263),(#12264,#12265)),.UNSPECIFIED.,.F.,.F.,.F.,(3,1,3),(2,2),
(-2.,-1.,0.),(0.,47.2749405076305),.UNSPECIFIED.);
#149=B_SPLINE_SURFACE_WITH_KNOTS('',2,1,((#12280,#12281),(#12282,#12283),
(#12284,#12285),(#12286,#12287)),.UNSPECIFIED.,.F.,.F.,.F.,(3,1,3),(2,2),
(-2.,-1.,0.),(0.,47.2749405076305),.UNSPECIFIED.);
#150=B_SPLINE_SURFACE_WITH_KNOTS('',2,1,((#12302,#12303),(#12304,#12305),
(#12306,#12307),(#12308,#12309)),.UNSPECIFIED.,.F.,.F.,.F.,(3,1,3),(2,2),
(-2.,-1.,0.),(0.,47.2749405076305),.UNSPECIFIED.);
#151=B_SPLINE_SURFACE_WITH_KNOTS('',2,1,((#12324,#12325),(#12326,#12327),
(#12328,#12329),(#12330,#12331)),.UNSPECIFIED.,.F.,.F.,.F.,(3,1,3),(2,2),
(-2.,-1.,0.),(0.,47.2749405076305),.UNSPECIFIED.);
#152=B_SPLINE_SURFACE_WITH_KNOTS('',2,1,((#12440,#12441),(#12442,#12443),
(#12444,#12445),(#12446,#12447)),.UNSPECIFIED.,.F.,.F.,.F.,(3,1,3),(2,2),
(-2.,-1.,0.),(0.,47.2749405076305),.UNSPECIFIED.);
#153=B_SPLINE_SURFACE_WITH_KNOTS('',2,1,((#12454,#12455),(#12456,#12457),
(#12458,#12459),(#12460,#12461)),.UNSPECIFIED.,.F.,.F.,.F.,(3,1,3),(2,2),
(-2.,-1.,0.),(0.,47.2749405076305),.UNSPECIFIED.);
#154=B_SPLINE_SURFACE_WITH_KNOTS('',2,1,((#12468,#12469),(#12470,#12471),
(#12472,#12473),(#12474,#12475)),.UNSPECIFIED.,.F.,.F.,.F.,(3,1,3),(2,2),
(-2.,-1.,0.),(0.,47.2749405076305),.UNSPECIFIED.);
#155=B_SPLINE_SURFACE_WITH_KNOTS('',2,1,((#12482,#12483),(#12484,#12485),
(#12486,#12487),(#12488,#12489)),.UNSPECIFIED.,.F.,.F.,.F.,(3,1,3),(2,2),
(-2.,-1.,0.),(0.,47.2749405076305),.UNSPECIFIED.);
#156=B_SPLINE_SURFACE_WITH_KNOTS('',2,1,((#12508,#12509),(#12510,#12511),
(#12512,#12513),(#12514,#12515)),.UNSPECIFIED.,.F.,.F.,.F.,(3,1,3),(2,2),
(-2.,-1.,0.),(0.,47.2749405076305),.UNSPECIFIED.);
#157=B_SPLINE_SURFACE_WITH_KNOTS('',2,1,((#12522,#12523),(#12524,#12525),
(#12526,#12527),(#12528,#12529)),.UNSPECIFIED.,.F.,.F.,.F.,(3,1,3),(2,2),
(-2.,-1.,0.),(0.,47.2749405076305),.UNSPECIFIED.);
#158=B_SPLINE_SURFACE_WITH_KNOTS('',2,1,((#12536,#12537),(#12538,#12539),
(#12540,#12541),(#12542,#12543)),.UNSPECIFIED.,.F.,.F.,.F.,(3,1,3),(2,2),
(-2.,-1.,0.),(0.,47.2749405076305),.UNSPECIFIED.);
#159=B_SPLINE_SURFACE_WITH_KNOTS('',2,1,((#12550,#12551),(#12552,#12553),
(#12554,#12555),(#12556,#12557)),.UNSPECIFIED.,.F.,.F.,.F.,(3,1,3),(2,2),
(-2.,-1.,0.),(0.,47.2749405076305),.UNSPECIFIED.);
#160=B_SPLINE_SURFACE_WITH_KNOTS('',2,1,((#12770,#12771),(#12772,#12773),
(#12774,#12775),(#12776,#12777)),.UNSPECIFIED.,.F.,.F.,.F.,(3,1,3),(2,2),
(-2.,-1.,0.),(0.,47.2749405076305),.UNSPECIFIED.);
#161=B_SPLINE_SURFACE_WITH_KNOTS('',2,1,((#12786,#12787),(#12788,#12789),
(#12790,#12791),(#12792,#12793)),.UNSPECIFIED.,.F.,.F.,.F.,(3,1,3),(2,2),
(-2.,-1.,0.),(0.,47.2749405076305),.UNSPECIFIED.);
#162=B_SPLINE_SURFACE_WITH_KNOTS('',2,1,((#12800,#12801),(#12802,#12803),
(#12804,#12805),(#12806,#12807)),.UNSPECIFIED.,.F.,.F.,.F.,(3,1,3),(2,2),
(-2.,-1.,0.),(0.,47.2749405076305),.UNSPECIFIED.);
#163=B_SPLINE_SURFACE_WITH_KNOTS('',2,1,((#12814,#12815),(#12816,#12817),
(#12818,#12819),(#12820,#12821)),.UNSPECIFIED.,.F.,.F.,.F.,(3,1,3),(2,2),
(-2.,-1.,0.),(0.,47.2749405076305),.UNSPECIFIED.);
#164=B_SPLINE_SURFACE_WITH_KNOTS('',2,1,((#12836,#12837),(#12838,#12839),
(#12840,#12841),(#12842,#12843)),.UNSPECIFIED.,.F.,.F.,.F.,(3,1,3),(2,2),
(-2.,-1.,0.),(0.,47.2749405076305),.UNSPECIFIED.);
#165=B_SPLINE_SURFACE_WITH_KNOTS('',2,1,((#12850,#12851),(#12852,#12853),
(#12854,#12855),(#12856,#12857)),.UNSPECIFIED.,.F.,.F.,.F.,(3,1,3),(2,2),
(-2.,-1.,0.),(0.,47.2749405076305),.UNSPECIFIED.);
#166=B_SPLINE_SURFACE_WITH_KNOTS('',2,1,((#12864,#12865),(#12866,#12867),
(#12868,#12869),(#12870,#12871)),.UNSPECIFIED.,.F.,.F.,.F.,(3,1,3),(2,2),
(-2.,-1.,0.),(0.,47.2749405076305),.UNSPECIFIED.);
#167=B_SPLINE_SURFACE_WITH_KNOTS('',2,1,((#12878,#12879),(#12880,#12881),
(#12882,#12883),(#12884,#12885)),.UNSPECIFIED.,.F.,.F.,.F.,(3,1,3),(2,2),
(-2.,-1.,0.),(0.,47.2749405076305),.UNSPECIFIED.);
#168=B_SPLINE_SURFACE_WITH_KNOTS('',2,1,((#12892,#12893),(#12894,#12895),
(#12896,#12897),(#12898,#12899)),.UNSPECIFIED.,.F.,.F.,.F.,(3,1,3),(2,2),
(-2.,-1.,0.),(0.,47.2749405076305),.UNSPECIFIED.);
#169=B_SPLINE_SURFACE_WITH_KNOTS('',2,1,((#12906,#12907),(#12908,#12909),
(#12910,#12911),(#12912,#12913)),.UNSPECIFIED.,.F.,.F.,.F.,(3,1,3),(2,2),
(-2.,-1.,0.),(0.,47.2749405076305),.UNSPECIFIED.);
#170=B_SPLINE_SURFACE_WITH_KNOTS('',2,1,((#12920,#12921),(#12922,#12923),
(#12924,#12925),(#12926,#12927)),.UNSPECIFIED.,.F.,.F.,.F.,(3,1,3),(2,2),
(-2.,-1.,0.),(0.,47.2749405076305),.UNSPECIFIED.);
#171=B_SPLINE_SURFACE_WITH_KNOTS('',2,1,((#12934,#12935),(#12936,#12937),
(#12938,#12939),(#12940,#12941)),.UNSPECIFIED.,.F.,.F.,.F.,(3,1,3),(2,2),
(-2.,-1.,0.),(0.,47.2749405076305),.UNSPECIFIED.);
#172=B_SPLINE_SURFACE_WITH_KNOTS('',2,1,((#12956,#12957),(#12958,#12959),
(#12960,#12961),(#12962,#12963)),.UNSPECIFIED.,.F.,.F.,.F.,(3,1,3),(2,2),
(-2.,-1.,0.),(0.,47.2749405076305),.UNSPECIFIED.);
#173=B_SPLINE_SURFACE_WITH_KNOTS('',2,1,((#12970,#12971),(#12972,#12973),
(#12974,#12975),(#12976,#12977)),.UNSPECIFIED.,.F.,.F.,.F.,(3,1,3),(2,2),
(-2.,-1.,0.),(0.,47.2749405076305),.UNSPECIFIED.);
#174=B_SPLINE_SURFACE_WITH_KNOTS('',2,1,((#12984,#12985),(#12986,#12987),
(#12988,#12989),(#12990,#12991)),.UNSPECIFIED.,.F.,.F.,.F.,(3,1,3),(2,2),
(-2.,-1.,0.),(0.,47.2749405076305),.UNSPECIFIED.);
#175=B_SPLINE_SURFACE_WITH_KNOTS('',2,1,((#12998,#12999),(#13000,#13001),
(#13002,#13003),(#13004,#13005)),.UNSPECIFIED.,.F.,.F.,.F.,(3,1,3),(2,2),
(-2.,-1.,0.),(0.,47.2749405076305),.UNSPECIFIED.);
#176=B_SPLINE_SURFACE_WITH_KNOTS('',2,1,((#13153,#13154),(#13155,#13156),
(#13157,#13158),(#13159,#13160)),.UNSPECIFIED.,.F.,.F.,.F.,(3,1,3),(2,2),
(0.,1.,2.),(0.,47.2749405076305),.UNSPECIFIED.);
#177=B_SPLINE_SURFACE_WITH_KNOTS('',2,1,((#13178,#13179),(#13180,#13181),
(#13182,#13183),(#13184,#13185)),.UNSPECIFIED.,.F.,.F.,.F.,(3,1,3),(2,2),
(0.,1.,2.),(0.,47.2749405076305),.UNSPECIFIED.);
#178=B_SPLINE_SURFACE_WITH_KNOTS('',2,1,((#13224,#13225),(#13226,#13227),
(#13228,#13229),(#13230,#13231)),.UNSPECIFIED.,.F.,.F.,.F.,(3,1,3),(2,2),
(-2.,-1.,0.),(0.,47.2749405076305),.UNSPECIFIED.);
#179=B_SPLINE_SURFACE_WITH_KNOTS('',2,1,((#13246,#13247),(#13248,#13249),
(#13250,#13251),(#13252,#13253)),.UNSPECIFIED.,.F.,.F.,.F.,(3,1,3),(2,2),
(-2.,-1.,0.),(0.,47.2749405076305),.UNSPECIFIED.);
#180=B_SPLINE_SURFACE_WITH_KNOTS('',2,1,((#13268,#13269),(#13270,#13271),
(#13272,#13273),(#13274,#13275)),.UNSPECIFIED.,.F.,.F.,.F.,(3,1,3),(2,2),
(-2.,-1.,0.),(0.,47.2749405076305),.UNSPECIFIED.);
#181=B_SPLINE_SURFACE_WITH_KNOTS('',2,1,((#13287,#13288),(#13289,#13290),
(#13291,#13292),(#13293,#13294)),.UNSPECIFIED.,.F.,.F.,.F.,(3,1,3),(2,2),
(0.,1.,2.),(0.,47.2749405076305),.UNSPECIFIED.);
#182=B_SPLINE_SURFACE_WITH_KNOTS('',2,1,((#13309,#13310),(#13311,#13312),
(#13313,#13314),(#13315,#13316)),.UNSPECIFIED.,.F.,.F.,.F.,(3,1,3),(2,2),
(0.,1.,2.),(0.,47.2749405076305),.UNSPECIFIED.);
#183=B_SPLINE_SURFACE_WITH_KNOTS('',2,1,((#13423,#13424),(#13425,#13426),
(#13427,#13428),(#13429,#13430)),.UNSPECIFIED.,.F.,.F.,.F.,(3,1,3),(2,2),
(-2.,-1.,0.),(0.,47.2749405076305),.UNSPECIFIED.);
#184=B_SPLINE_SURFACE_WITH_KNOTS('',2,1,((#13447,#13448),(#13449,#13450),
(#13451,#13452),(#13453,#13454)),.UNSPECIFIED.,.F.,.F.,.F.,(3,1,3),(2,2),
(-2.,-1.,0.),(0.,47.2749405076305),.UNSPECIFIED.);
#185=B_SPLINE_SURFACE_WITH_KNOTS('',2,1,((#13470,#13471),(#13472,#13473),
(#13474,#13475),(#13476,#13477)),.UNSPECIFIED.,.F.,.F.,.F.,(3,1,3),(2,2),
(-2.,-1.,0.),(0.,47.2749405076305),.UNSPECIFIED.);
#186=B_SPLINE_SURFACE_WITH_KNOTS('',2,1,((#13492,#13493),(#13494,#13495),
(#13496,#13497),(#13498,#13499)),.UNSPECIFIED.,.F.,.F.,.F.,(3,1,3),(2,2),
(-2.,-1.,0.),(0.,47.2749405076305),.UNSPECIFIED.);
#187=B_SPLINE_SURFACE_WITH_KNOTS('',2,1,((#13574,#13575),(#13576,#13577),
(#13578,#13579),(#13580,#13581)),.UNSPECIFIED.,.F.,.F.,.F.,(3,1,3),(2,2),
(-2.,-1.,0.),(0.,47.2749405076305),.UNSPECIFIED.);
#188=B_SPLINE_SURFACE_WITH_KNOTS('',2,1,((#13596,#13597),(#13598,#13599),
(#13600,#13601),(#13602,#13603)),.UNSPECIFIED.,.F.,.F.,.F.,(3,1,3),(2,2),
(-2.,-1.,0.),(0.,47.2749405076305),.UNSPECIFIED.);
#189=B_SPLINE_SURFACE_WITH_KNOTS('',2,1,((#13618,#13619),(#13620,#13621),
(#13622,#13623),(#13624,#13625)),.UNSPECIFIED.,.F.,.F.,.F.,(3,1,3),(2,2),
(-2.,-1.,0.),(0.,47.2749405076305),.UNSPECIFIED.);
#190=B_SPLINE_SURFACE_WITH_KNOTS('',2,1,((#13640,#13641),(#13642,#13643),
(#13644,#13645),(#13646,#13647)),.UNSPECIFIED.,.F.,.F.,.F.,(3,1,3),(2,2),
(-2.,-1.,0.),(0.,47.2749405076305),.UNSPECIFIED.);
#191=B_SPLINE_SURFACE_WITH_KNOTS('',2,1,((#13673,#13674),(#13675,#13676),
(#13677,#13678),(#13679,#13680)),.UNSPECIFIED.,.F.,.F.,.F.,(3,1,3),(2,2),
(-2.,-1.,0.),(0.,47.2749405076305),.UNSPECIFIED.);
#192=B_SPLINE_SURFACE_WITH_KNOTS('',2,1,((#13695,#13696),(#13697,#13698),
(#13699,#13700),(#13701,#13702)),.UNSPECIFIED.,.F.,.F.,.F.,(3,1,3),(2,2),
(-2.,-1.,0.),(0.,47.2749405076305),.UNSPECIFIED.);
#193=B_SPLINE_SURFACE_WITH_KNOTS('',2,1,((#13717,#13718),(#13719,#13720),
(#13721,#13722),(#13723,#13724)),.UNSPECIFIED.,.F.,.F.,.F.,(3,1,3),(2,2),
(-2.,-1.,0.),(0.,47.2749405076305),.UNSPECIFIED.);
#194=B_SPLINE_SURFACE_WITH_KNOTS('',2,1,((#13739,#13740),(#13741,#13742),
(#13743,#13744),(#13745,#13746)),.UNSPECIFIED.,.F.,.F.,.F.,(3,1,3),(2,2),
(-2.,-1.,0.),(0.,47.2749405076305),.UNSPECIFIED.);
#195=B_SPLINE_SURFACE_WITH_KNOTS('',2,1,((#13761,#13762),(#13763,#13764),
(#13765,#13766),(#13767,#13768)),.UNSPECIFIED.,.F.,.F.,.F.,(3,1,3),(2,2),
(-2.,-1.,0.),(0.,47.2749405076305),.UNSPECIFIED.);
#196=B_SPLINE_SURFACE_WITH_KNOTS('',2,1,((#13783,#13784),(#13785,#13786),
(#13787,#13788),(#13789,#13790)),.UNSPECIFIED.,.F.,.F.,.F.,(3,1,3),(2,2),
(-2.,-1.,0.),(0.,47.2749405076305),.UNSPECIFIED.);
#197=B_SPLINE_SURFACE_WITH_KNOTS('',2,1,((#13805,#13806),(#13807,#13808),
(#13809,#13810),(#13811,#13812)),.UNSPECIFIED.,.F.,.F.,.F.,(3,1,3),(2,2),
(-2.,-1.,0.),(0.,47.2749405076305),.UNSPECIFIED.);
#198=B_SPLINE_SURFACE_WITH_KNOTS('',2,1,((#13827,#13828),(#13829,#13830),
(#13831,#13832),(#13833,#13834)),.UNSPECIFIED.,.F.,.F.,.F.,(3,1,3),(2,2),
(-2.,-1.,0.),(0.,47.2749405076305),.UNSPECIFIED.);
#199=B_SPLINE_SURFACE_WITH_KNOTS('',2,1,((#14050,#14051),(#14052,#14053),
(#14054,#14055),(#14056,#14057)),.UNSPECIFIED.,.F.,.F.,.F.,(3,1,3),(2,2),
(0.,1.,2.),(0.,47.2749405076305),.UNSPECIFIED.);
#200=B_SPLINE_SURFACE_WITH_KNOTS('',2,1,((#14064,#14065),(#14066,#14067),
(#14068,#14069),(#14070,#14071)),.UNSPECIFIED.,.F.,.F.,.F.,(3,1,3),(2,2),
(0.,1.,2.),(0.,47.2749405076305),.UNSPECIFIED.);
#201=B_SPLINE_SURFACE_WITH_KNOTS('',2,1,((#14078,#14079),(#14080,#14081),
(#14082,#14083),(#14084,#14085)),.UNSPECIFIED.,.F.,.F.,.F.,(3,1,3),(2,2),
(-2.,-1.,0.),(0.,47.2749405076305),.UNSPECIFIED.);
#202=B_SPLINE_SURFACE_WITH_KNOTS('',2,1,((#14094,#14095),(#14096,#14097),
(#14098,#14099),(#14100,#14101)),.UNSPECIFIED.,.F.,.F.,.F.,(3,1,3),(2,2),
(-2.,-1.,0.),(0.,47.2749405076305),.UNSPECIFIED.);
#203=B_SPLINE_SURFACE_WITH_KNOTS('',2,1,((#14108,#14109),(#14110,#14111),
(#14112,#14113),(#14114,#14115)),.UNSPECIFIED.,.F.,.F.,.F.,(3,1,3),(2,2),
(-2.,-1.,0.),(0.,47.2749405076305),.UNSPECIFIED.);
#204=B_SPLINE_SURFACE_WITH_KNOTS('',2,1,((#14122,#14123),(#14124,#14125),
(#14126,#14127),(#14128,#14129)),.UNSPECIFIED.,.F.,.F.,.F.,(3,1,3),(2,2),
(-2.,-1.,0.),(0.,47.2749405076305),.UNSPECIFIED.);
#205=B_SPLINE_SURFACE_WITH_KNOTS('',2,1,((#14140,#14141),(#14142,#14143),
(#14144,#14145),(#14146,#14147)),.UNSPECIFIED.,.F.,.F.,.F.,(3,1,3),(2,2),
(0.,1.,2.),(0.,47.2749405076305),.UNSPECIFIED.);
#206=B_SPLINE_SURFACE_WITH_KNOTS('',2,1,((#14154,#14155),(#14156,#14157),
(#14158,#14159),(#14160,#14161)),.UNSPECIFIED.,.F.,.F.,.F.,(3,1,3),(2,2),
(0.,1.,2.),(0.,47.2749405076305),.UNSPECIFIED.);
#207=B_SPLINE_SURFACE_WITH_KNOTS('',2,1,((#14343,#14344),(#14345,#14346),
(#14347,#14348),(#14349,#14350)),.UNSPECIFIED.,.F.,.F.,.F.,(3,1,3),(2,2),
(0.,1.,2.),(0.,47.2749405076305),.UNSPECIFIED.);
#208=B_SPLINE_SURFACE_WITH_KNOTS('',2,1,((#14368,#14369),(#14370,#14371),
(#14372,#14373),(#14374,#14375)),.UNSPECIFIED.,.F.,.F.,.F.,(3,1,3),(2,2),
(0.,1.,2.),(0.,47.2749405076305),.UNSPECIFIED.);
#209=B_SPLINE_SURFACE_WITH_KNOTS('',2,1,((#14414,#14415),(#14416,#14417),
(#14418,#14419),(#14420,#14421)),.UNSPECIFIED.,.F.,.F.,.F.,(3,1,3),(2,2),
(-2.,-1.,0.),(0.,47.2749405076305),.UNSPECIFIED.);
#210=B_SPLINE_SURFACE_WITH_KNOTS('',2,1,((#14436,#14437),(#14438,#14439),
(#14440,#14441),(#14442,#14443)),.UNSPECIFIED.,.F.,.F.,.F.,(3,1,3),(2,2),
(-2.,-1.,0.),(0.,47.2749405076305),.UNSPECIFIED.);
#211=B_SPLINE_SURFACE_WITH_KNOTS('',2,1,((#14458,#14459),(#14460,#14461),
(#14462,#14463),(#14464,#14465)),.UNSPECIFIED.,.F.,.F.,.F.,(3,1,3),(2,2),
(-2.,-1.,0.),(0.,47.2749405076305),.UNSPECIFIED.);
#212=B_SPLINE_SURFACE_WITH_KNOTS('',2,1,((#14477,#14478),(#14479,#14480),
(#14481,#14482),(#14483,#14484)),.UNSPECIFIED.,.F.,.F.,.F.,(3,1,3),(2,2),
(0.,1.,2.),(0.,47.2749405076305),.UNSPECIFIED.);
#213=B_SPLINE_SURFACE_WITH_KNOTS('',2,1,((#14499,#14500),(#14501,#14502),
(#14503,#14504),(#14505,#14506)),.UNSPECIFIED.,.F.,.F.,.F.,(3,1,3),(2,2),
(0.,1.,2.),(0.,47.2749405076305),.UNSPECIFIED.);
#214=B_SPLINE_SURFACE_WITH_KNOTS('',2,1,((#14696,#14697),(#14698,#14699),
(#14700,#14701),(#14702,#14703)),.UNSPECIFIED.,.F.,.F.,.F.,(3,1,3),(2,2),
(0.,1.,2.),(0.,47.2749405076305),.UNSPECIFIED.);
#215=B_SPLINE_SURFACE_WITH_KNOTS('',2,1,((#14712,#14713),(#14714,#14715),
(#14716,#14717),(#14718,#14719)),.UNSPECIFIED.,.F.,.F.,.F.,(3,1,3),(2,2),
(0.,1.,2.),(0.,47.2749405076305),.UNSPECIFIED.);
#216=B_SPLINE_SURFACE_WITH_KNOTS('',2,1,((#14726,#14727),(#14728,#14729),
(#14730,#14731),(#14732,#14733)),.UNSPECIFIED.,.F.,.F.,.F.,(3,1,3),(2,2),
(0.,1.,2.),(0.,47.2749405076305),.UNSPECIFIED.);
#217=B_SPLINE_SURFACE_WITH_KNOTS('',2,1,((#14740,#14741),(#14742,#14743),
(#14744,#14745),(#14746,#14747)),.UNSPECIFIED.,.F.,.F.,.F.,(3,1,3),(2,2),
(0.,1.,2.),(0.,47.2749405076305),.UNSPECIFIED.);
#218=B_SPLINE_SURFACE_WITH_KNOTS('',2,1,((#14754,#14755),(#14756,#14757),
(#14758,#14759),(#14760,#14761)),.UNSPECIFIED.,.F.,.F.,.F.,(3,1,3),(2,2),
(-2.,-1.,0.),(0.,47.2749405076305),.UNSPECIFIED.);
#219=B_SPLINE_SURFACE_WITH_KNOTS('',2,1,((#14770,#14771),(#14772,#14773),
(#14774,#14775),(#14776,#14777)),.UNSPECIFIED.,.F.,.F.,.F.,(3,1,3),(2,2),
(-2.,-1.,0.),(0.,47.2749405076305),.UNSPECIFIED.);
#220=B_SPLINE_SURFACE_WITH_KNOTS('',2,1,((#14784,#14785),(#14786,#14787),
(#14788,#14789),(#14790,#14791)),.UNSPECIFIED.,.F.,.F.,.F.,(3,1,3),(2,2),
(0.,1.,2.),(0.,47.2749405076305),.UNSPECIFIED.);
#221=B_SPLINE_SURFACE_WITH_KNOTS('',2,1,((#14798,#14799),(#14800,#14801),
(#14802,#14803),(#14804,#14805)),.UNSPECIFIED.,.F.,.F.,.F.,(3,1,3),(2,2),
(0.,1.,2.),(0.,47.2749405076305),.UNSPECIFIED.);
#222=B_SPLINE_SURFACE_WITH_KNOTS('',2,1,((#14812,#14813),(#14814,#14815),
(#14816,#14817),(#14818,#14819)),.UNSPECIFIED.,.F.,.F.,.F.,(3,1,3),(2,2),
(0.,1.,2.),(0.,47.2749405076305),.UNSPECIFIED.);
#223=B_SPLINE_SURFACE_WITH_KNOTS('',2,1,((#14826,#14827),(#14828,#14829),
(#14830,#14831),(#14832,#14833)),.UNSPECIFIED.,.F.,.F.,.F.,(3,1,3),(2,2),
(0.,1.,2.),(0.,47.2749405076305),.UNSPECIFIED.);
#224=B_SPLINE_SURFACE_WITH_KNOTS('',2,1,((#14838,#14839),(#14840,#14841),
(#14842,#14843),(#14844,#14845)),.UNSPECIFIED.,.F.,.F.,.F.,(3,1,3),(2,2),
(-2.,-1.,0.),(0.,47.2749405076305),.UNSPECIFIED.);
#225=B_SPLINE_SURFACE_WITH_KNOTS('',2,1,((#14852,#14853),(#14854,#14855),
(#14856,#14857),(#14858,#14859)),.UNSPECIFIED.,.F.,.F.,.F.,(3,1,3),(2,2),
(-2.,-1.,0.),(0.,47.2749405076305),.UNSPECIFIED.);
#226=B_SPLINE_SURFACE_WITH_KNOTS('',2,1,((#14879,#14880),(#14881,#14882),
(#14883,#14884),(#14885,#14886)),.UNSPECIFIED.,.F.,.F.,.F.,(3,1,3),(2,2),
(-2.,-1.,0.),(0.,47.2749405076305),.UNSPECIFIED.);
#227=B_SPLINE_SURFACE_WITH_KNOTS('',2,1,((#14901,#14902),(#14903,#14904),
(#14905,#14906),(#14907,#14908)),.UNSPECIFIED.,.F.,.F.,.F.,(3,1,3),(2,2),
(-2.,-1.,0.),(0.,47.2749405076305),.UNSPECIFIED.);
#228=B_SPLINE_SURFACE_WITH_KNOTS('',2,1,((#14923,#14924),(#14925,#14926),
(#14927,#14928),(#14929,#14930)),.UNSPECIFIED.,.F.,.F.,.F.,(3,1,3),(2,2),
(-2.,-1.,0.),(0.,47.2749405076305),.UNSPECIFIED.);
#229=B_SPLINE_SURFACE_WITH_KNOTS('',2,1,((#14945,#14946),(#14947,#14948),
(#14949,#14950),(#14951,#14952)),.UNSPECIFIED.,.F.,.F.,.F.,(3,1,3),(2,2),
(-2.,-1.,0.),(0.,47.2749405076305),.UNSPECIFIED.);
#230=B_SPLINE_SURFACE_WITH_KNOTS('',2,1,((#14967,#14968),(#14969,#14970),
(#14971,#14972),(#14973,#14974)),.UNSPECIFIED.,.F.,.F.,.F.,(3,1,3),(2,2),
(-2.,-1.,0.),(0.,47.2749405076305),.UNSPECIFIED.);
#231=B_SPLINE_SURFACE_WITH_KNOTS('',2,1,((#14989,#14990),(#14991,#14992),
(#14993,#14994),(#14995,#14996)),.UNSPECIFIED.,.F.,.F.,.F.,(3,1,3),(2,2),
(-2.,-1.,0.),(0.,47.2749405076305),.UNSPECIFIED.);
#232=B_SPLINE_SURFACE_WITH_KNOTS('',2,1,((#15035,#15036),(#15037,#15038),
(#15039,#15040),(#15041,#15042)),.UNSPECIFIED.,.F.,.F.,.F.,(3,1,3),(2,2),
(-2.,-1.,0.),(0.,47.2749405076305),.UNSPECIFIED.);
#233=B_SPLINE_SURFACE_WITH_KNOTS('',2,1,((#15057,#15058),(#15059,#15060),
(#15061,#15062),(#15063,#15064)),.UNSPECIFIED.,.F.,.F.,.F.,(3,1,3),(2,2),
(-2.,-1.,0.),(0.,47.2749405076305),.UNSPECIFIED.);
#234=B_SPLINE_SURFACE_WITH_KNOTS('',2,1,((#15079,#15080),(#15081,#15082),
(#15083,#15084),(#15085,#15086)),.UNSPECIFIED.,.F.,.F.,.F.,(3,1,3),(2,2),
(-2.,-1.,0.),(0.,47.2749405076305),.UNSPECIFIED.);
#235=B_SPLINE_SURFACE_WITH_KNOTS('',2,1,((#15101,#15102),(#15103,#15104),
(#15105,#15106),(#15107,#15108)),.UNSPECIFIED.,.F.,.F.,.F.,(3,1,3),(2,2),
(-2.,-1.,0.),(0.,47.2749405076305),.UNSPECIFIED.);
#236=B_SPLINE_SURFACE_WITH_KNOTS('',2,1,((#15123,#15124),(#15125,#15126),
(#15127,#15128),(#15129,#15130)),.UNSPECIFIED.,.F.,.F.,.F.,(3,1,3),(2,2),
(-2.,-1.,0.),(0.,47.2749405076305),.UNSPECIFIED.);
#237=B_SPLINE_SURFACE_WITH_KNOTS('',2,1,((#15183,#15184),(#15185,#15186),
(#15187,#15188),(#15189,#15190)),.UNSPECIFIED.,.F.,.F.,.F.,(3,1,3),(2,2),
(-2.,-1.,0.),(0.,47.2749405076305),.UNSPECIFIED.);
#238=B_SPLINE_SURFACE_WITH_KNOTS('',2,1,((#15205,#15206),(#15207,#15208),
(#15209,#15210),(#15211,#15212)),.UNSPECIFIED.,.F.,.F.,.F.,(3,1,3),(2,2),
(-2.,-1.,0.),(0.,47.2749405076305),.UNSPECIFIED.);
#239=B_SPLINE_SURFACE_WITH_KNOTS('',2,1,((#15227,#15228),(#15229,#15230),
(#15231,#15232),(#15233,#15234)),.UNSPECIFIED.,.F.,.F.,.F.,(3,1,3),(2,2),
(-2.,-1.,0.),(0.,47.2749405076305),.UNSPECIFIED.);
#240=B_SPLINE_SURFACE_WITH_KNOTS('',2,1,((#15249,#15250),(#15251,#15252),
(#15253,#15254),(#15255,#15256)),.UNSPECIFIED.,.F.,.F.,.F.,(3,1,3),(2,2),
(-2.,-1.,0.),(0.,47.2749405076305),.UNSPECIFIED.);
#241=B_SPLINE_SURFACE_WITH_KNOTS('',2,1,((#15271,#15272),(#15273,#15274),
(#15275,#15276),(#15277,#15278)),.UNSPECIFIED.,.F.,.F.,.F.,(3,1,3),(2,2),
(-2.,-1.,0.),(0.,47.2749405076305),.UNSPECIFIED.);
#242=B_SPLINE_SURFACE_WITH_KNOTS('',2,1,((#15293,#15294),(#15295,#15296),
(#15297,#15298),(#15299,#15300)),.UNSPECIFIED.,.F.,.F.,.F.,(3,1,3),(2,2),
(-2.,-1.,0.),(0.,47.2749405076305),.UNSPECIFIED.);
#243=B_SPLINE_SURFACE_WITH_KNOTS('',2,1,((#15339,#15340),(#15341,#15342),
(#15343,#15344),(#15345,#15346)),.UNSPECIFIED.,.F.,.F.,.F.,(3,1,3),(2,2),
(-2.,-1.,0.),(0.,47.2749405076305),.UNSPECIFIED.);
#244=B_SPLINE_SURFACE_WITH_KNOTS('',2,1,((#15361,#15362),(#15363,#15364),
(#15365,#15366),(#15367,#15368)),.UNSPECIFIED.,.F.,.F.,.F.,(3,1,3),(2,2),
(-2.,-1.,0.),(0.,47.2749405076305),.UNSPECIFIED.);
#245=B_SPLINE_SURFACE_WITH_KNOTS('',2,1,((#15383,#15384),(#15385,#15386),
(#15387,#15388),(#15389,#15390)),.UNSPECIFIED.,.F.,.F.,.F.,(3,1,3),(2,2),
(-2.,-1.,0.),(0.,47.2749405076305),.UNSPECIFIED.);
#246=B_SPLINE_SURFACE_WITH_KNOTS('',2,1,((#15405,#15406),(#15407,#15408),
(#15409,#15410),(#15411,#15412)),.UNSPECIFIED.,.F.,.F.,.F.,(3,1,3),(2,2),
(-2.,-1.,0.),(0.,47.2749405076305),.UNSPECIFIED.);
#247=B_SPLINE_SURFACE_WITH_KNOTS('',2,1,((#15427,#15428),(#15429,#15430),
(#15431,#15432),(#15433,#15434)),.UNSPECIFIED.,.F.,.F.,.F.,(3,1,3),(2,2),
(-2.,-1.,0.),(0.,47.2749405076305),.UNSPECIFIED.);
#248=B_SPLINE_SURFACE_WITH_KNOTS('',2,1,((#15544,#15545),(#15546,#15547),
(#15548,#15549),(#15550,#15551)),.UNSPECIFIED.,.F.,.F.,.F.,(3,1,3),(2,2),
(0.,1.,2.),(0.,47.2749405076305),.UNSPECIFIED.);
#249=B_SPLINE_SURFACE_WITH_KNOTS('',2,1,((#15560,#15561),(#15562,#15563),
(#15564,#15565),(#15566,#15567)),.UNSPECIFIED.,.F.,.F.,.F.,(3,1,3),(2,2),
(0.,1.,2.),(0.,47.2749405076305),.UNSPECIFIED.);
#250=B_SPLINE_SURFACE_WITH_KNOTS('',2,1,((#15574,#15575),(#15576,#15577),
(#15578,#15579),(#15580,#15581)),.UNSPECIFIED.,.F.,.F.,.F.,(3,1,3),(2,2),
(0.,1.,2.),(0.,47.2749405076305),.UNSPECIFIED.);
#251=B_SPLINE_SURFACE_WITH_KNOTS('',2,1,((#15588,#15589),(#15590,#15591),
(#15592,#15593),(#15594,#15595)),.UNSPECIFIED.,.F.,.F.,.F.,(3,1,3),(2,2),
(0.,1.,2.),(0.,47.2749405076305),.UNSPECIFIED.);
#252=B_SPLINE_SURFACE_WITH_KNOTS('',2,1,((#15602,#15603),(#15604,#15605),
(#15606,#15607),(#15608,#15609)),.UNSPECIFIED.,.F.,.F.,.F.,(3,1,3),(2,2),
(-2.,-1.,0.),(0.,47.2749405076305),.UNSPECIFIED.);
#253=B_SPLINE_SURFACE_WITH_KNOTS('',2,1,((#15618,#15619),(#15620,#15621),
(#15622,#15623),(#15624,#15625)),.UNSPECIFIED.,.F.,.F.,.F.,(3,1,3),(2,2),
(-2.,-1.,0.),(0.,47.2749405076305),.UNSPECIFIED.);
#254=B_SPLINE_SURFACE_WITH_KNOTS('',2,1,((#15632,#15633),(#15634,#15635),
(#15636,#15637),(#15638,#15639)),.UNSPECIFIED.,.F.,.F.,.F.,(3,1,3),(2,2),
(0.,1.,2.),(0.,47.2749405076305),.UNSPECIFIED.);
#255=B_SPLINE_SURFACE_WITH_KNOTS('',2,1,((#15646,#15647),(#15648,#15649),
(#15650,#15651),(#15652,#15653)),.UNSPECIFIED.,.F.,.F.,.F.,(3,1,3),(2,2),
(0.,1.,2.),(0.,47.2749405076305),.UNSPECIFIED.);
#256=B_SPLINE_SURFACE_WITH_KNOTS('',2,1,((#15660,#15661),(#15662,#15663),
(#15664,#15665),(#15666,#15667)),.UNSPECIFIED.,.F.,.F.,.F.,(3,1,3),(2,2),
(0.,1.,2.),(0.,47.2749405076305),.UNSPECIFIED.);
#257=B_SPLINE_SURFACE_WITH_KNOTS('',2,1,((#15674,#15675),(#15676,#15677),
(#15678,#15679),(#15680,#15681)),.UNSPECIFIED.,.F.,.F.,.F.,(3,1,3),(2,2),
(0.,1.,2.),(0.,47.2749405076305),.UNSPECIFIED.);
#258=B_SPLINE_SURFACE_WITH_KNOTS('',2,1,((#15686,#15687),(#15688,#15689),
(#15690,#15691),(#15692,#15693)),.UNSPECIFIED.,.F.,.F.,.F.,(3,1,3),(2,2),
(-2.,-1.,0.),(0.,47.2749405076305),.UNSPECIFIED.);
#259=B_SPLINE_SURFACE_WITH_KNOTS('',2,1,((#15700,#15701),(#15702,#15703),
(#15704,#15705),(#15706,#15707)),.UNSPECIFIED.,.F.,.F.,.F.,(3,1,3),(2,2),
(-2.,-1.,0.),(0.,47.2749405076305),.UNSPECIFIED.);
#260=B_SPLINE_SURFACE_WITH_KNOTS('',2,1,((#15727,#15728),(#15729,#15730),
(#15731,#15732),(#15733,#15734)),.UNSPECIFIED.,.F.,.F.,.F.,(3,1,3),(2,2),
(-2.,-1.,0.),(0.,47.2749405076305),.UNSPECIFIED.);
#261=B_SPLINE_SURFACE_WITH_KNOTS('',2,1,((#15749,#15750),(#15751,#15752),
(#15753,#15754),(#15755,#15756)),.UNSPECIFIED.,.F.,.F.,.F.,(3,1,3),(2,2),
(-2.,-1.,0.),(0.,47.2749405076305),.UNSPECIFIED.);
#262=B_SPLINE_SURFACE_WITH_KNOTS('',2,1,((#15771,#15772),(#15773,#15774),
(#15775,#15776),(#15777,#15778)),.UNSPECIFIED.,.F.,.F.,.F.,(3,1,3),(2,2),
(-2.,-1.,0.),(0.,47.2749405076305),.UNSPECIFIED.);
#263=B_SPLINE_SURFACE_WITH_KNOTS('',2,1,((#15793,#15794),(#15795,#15796),
(#15797,#15798),(#15799,#15800)),.UNSPECIFIED.,.F.,.F.,.F.,(3,1,3),(2,2),
(-2.,-1.,0.),(0.,47.2749405076305),.UNSPECIFIED.);
#264=B_SPLINE_SURFACE_WITH_KNOTS('',2,1,((#15815,#15816),(#15817,#15818),
(#15819,#15820),(#15821,#15822)),.UNSPECIFIED.,.F.,.F.,.F.,(3,1,3),(2,2),
(-2.,-1.,0.),(0.,47.2749405076305),.UNSPECIFIED.);
#265=B_SPLINE_SURFACE_WITH_KNOTS('',2,1,((#15837,#15838),(#15839,#15840),
(#15841,#15842),(#15843,#15844)),.UNSPECIFIED.,.F.,.F.,.F.,(3,1,3),(2,2),
(0.,1.,2.),(0.,47.2749405076305),.UNSPECIFIED.);
#266=B_SPLINE_SURFACE_WITH_KNOTS('',2,1,((#15862,#15863),(#15864,#15865),
(#15866,#15867),(#15868,#15869)),.UNSPECIFIED.,.F.,.F.,.F.,(3,1,3),(2,2),
(0.,1.,2.),(0.,47.2749405076305),.UNSPECIFIED.);
#267=B_SPLINE_SURFACE_WITH_KNOTS('',2,1,((#15885,#15886),(#15887,#15888),
(#15889,#15890),(#15891,#15892)),.UNSPECIFIED.,.F.,.F.,.F.,(3,1,3),(2,2),
(0.,1.,2.),(0.,47.2749405076305),.UNSPECIFIED.);
#268=B_SPLINE_SURFACE_WITH_KNOTS('',2,1,((#15907,#15908),(#15909,#15910),
(#15911,#15912),(#15913,#15914)),.UNSPECIFIED.,.F.,.F.,.F.,(3,1,3),(2,2),
(-2.,-1.,0.),(0.,47.2749405076305),.UNSPECIFIED.);
#269=B_SPLINE_SURFACE_WITH_KNOTS('',2,1,((#15929,#15930),(#15931,#15932),
(#15933,#15934),(#15935,#15936)),.UNSPECIFIED.,.F.,.F.,.F.,(3,1,3),(2,2),
(-2.,-1.,0.),(0.,47.2749405076305),.UNSPECIFIED.);
#270=B_SPLINE_SURFACE_WITH_KNOTS('',2,1,((#15951,#15952),(#15953,#15954),
(#15955,#15956),(#15957,#15958)),.UNSPECIFIED.,.F.,.F.,.F.,(3,1,3),(2,2),
(-2.,-1.,0.),(0.,47.2749405076305),.UNSPECIFIED.);
#271=B_SPLINE_SURFACE_WITH_KNOTS('',2,1,((#15973,#15974),(#15975,#15976),
(#15977,#15978),(#15979,#15980)),.UNSPECIFIED.,.F.,.F.,.F.,(3,1,3),(2,2),
(-2.,-1.,0.),(0.,47.2749405076305),.UNSPECIFIED.);
#272=B_SPLINE_SURFACE_WITH_KNOTS('',2,1,((#15995,#15996),(#15997,#15998),
(#15999,#16000),(#16001,#16002)),.UNSPECIFIED.,.F.,.F.,.F.,(3,1,3),(2,2),
(-2.,-1.,0.),(0.,47.2749405076305),.UNSPECIFIED.);
#273=B_SPLINE_SURFACE_WITH_KNOTS('',2,1,((#16017,#16018),(#16019,#16020),
(#16021,#16022),(#16023,#16024)),.UNSPECIFIED.,.F.,.F.,.F.,(3,1,3),(2,2),
(-2.,-1.,0.),(0.,47.2749405076305),.UNSPECIFIED.);
#274=B_SPLINE_SURFACE_WITH_KNOTS('',2,1,((#16039,#16040),(#16041,#16042),
(#16043,#16044),(#16045,#16046)),.UNSPECIFIED.,.F.,.F.,.F.,(3,1,3),(2,2),
(-2.,-1.,0.),(0.,47.2749405076305),.UNSPECIFIED.);
#275=B_SPLINE_SURFACE_WITH_KNOTS('',2,1,((#16058,#16059),(#16060,#16061),
(#16062,#16063),(#16064,#16065)),.UNSPECIFIED.,.F.,.F.,.F.,(3,1,3),(2,2),
(0.,1.,2.),(0.,47.2749405076305),.UNSPECIFIED.);
#276=B_SPLINE_SURFACE_WITH_KNOTS('',2,1,((#16080,#16081),(#16082,#16083),
(#16084,#16085),(#16086,#16087)),.UNSPECIFIED.,.F.,.F.,.F.,(3,1,3),(2,2),
(0.,1.,2.),(0.,47.2749405076305),.UNSPECIFIED.);
#277=B_SPLINE_SURFACE_WITH_KNOTS('',2,1,((#16102,#16103),(#16104,#16105),
(#16106,#16107),(#16108,#16109)),.UNSPECIFIED.,.F.,.F.,.F.,(3,1,3),(2,2),
(0.,1.,2.),(0.,47.2749405076305),.UNSPECIFIED.);
#278=B_SPLINE_SURFACE_WITH_KNOTS('',2,1,((#16124,#16125),(#16126,#16127),
(#16128,#16129),(#16130,#16131)),.UNSPECIFIED.,.F.,.F.,.F.,(3,1,3),(2,2),
(0.,1.,2.),(0.,47.2749405076305),.UNSPECIFIED.);
#279=FACE_OUTER_BOUND('',#745,.T.);
#280=FACE_OUTER_BOUND('',#746,.T.);
#281=FACE_OUTER_BOUND('',#747,.T.);
#282=FACE_OUTER_BOUND('',#748,.T.);
#283=FACE_OUTER_BOUND('',#749,.T.);
#284=FACE_OUTER_BOUND('',#750,.T.);
#285=FACE_OUTER_BOUND('',#751,.T.);
#286=FACE_OUTER_BOUND('',#752,.T.);
#287=FACE_OUTER_BOUND('',#753,.T.);
#288=FACE_OUTER_BOUND('',#754,.T.);
#289=FACE_OUTER_BOUND('',#755,.T.);
#290=FACE_OUTER_BOUND('',#756,.T.);
#291=FACE_OUTER_BOUND('',#757,.T.);
#292=FACE_OUTER_BOUND('',#758,.T.);
#293=FACE_OUTER_BOUND('',#759,.T.);
#294=FACE_OUTER_BOUND('',#760,.T.);
#295=FACE_OUTER_BOUND('',#761,.T.);
#296=FACE_OUTER_BOUND('',#762,.T.);
#297=FACE_OUTER_BOUND('',#763,.T.);
#298=FACE_OUTER_BOUND('',#764,.T.);
#299=FACE_OUTER_BOUND('',#765,.T.);
#300=FACE_OUTER_BOUND('',#766,.T.);
#301=FACE_OUTER_BOUND('',#767,.T.);
#302=FACE_OUTER_BOUND('',#768,.T.);
#303=FACE_OUTER_BOUND('',#769,.T.);
#304=FACE_OUTER_BOUND('',#770,.T.);
#305=FACE_OUTER_BOUND('',#771,.T.);
#306=FACE_OUTER_BOUND('',#772,.T.);
#307=FACE_OUTER_BOUND('',#773,.T.);
#308=FACE_OUTER_BOUND('',#774,.T.);
#309=FACE_OUTER_BOUND('',#776,.T.);
#310=FACE_OUTER_BOUND('',#778,.T.);
#311=FACE_OUTER_BOUND('',#779,.T.);
#312=FACE_OUTER_BOUND('',#780,.T.);
#313=FACE_OUTER_BOUND('',#781,.T.);
#314=FACE_OUTER_BOUND('',#782,.T.);
#315=FACE_OUTER_BOUND('',#783,.T.);
#316=FACE_OUTER_BOUND('',#784,.T.);
#317=FACE_OUTER_BOUND('',#785,.T.);
#318=FACE_OUTER_BOUND('',#786,.T.);
#319=FACE_OUTER_BOUND('',#787,.T.);
#320=FACE_OUTER_BOUND('',#788,.T.);
#321=FACE_OUTER_BOUND('',#789,.T.);
#322=FACE_OUTER_BOUND('',#790,.T.);
#323=FACE_OUTER_BOUND('',#791,.T.);
#324=FACE_OUTER_BOUND('',#792,.T.);
#325=FACE_OUTER_BOUND('',#793,.T.);
#326=FACE_OUTER_BOUND('',#794,.T.);
#327=FACE_OUTER_BOUND('',#795,.T.);
#328=FACE_OUTER_BOUND('',#796,.T.);
#329=FACE_OUTER_BOUND('',#797,.T.);
#330=FACE_OUTER_BOUND('',#798,.T.);
#331=FACE_OUTER_BOUND('',#799,.T.);
#332=FACE_OUTER_BOUND('',#800,.T.);
#333=FACE_OUTER_BOUND('',#801,.T.);
#334=FACE_OUTER_BOUND('',#802,.T.);
#335=FACE_OUTER_BOUND('',#803,.T.);
#336=FACE_OUTER_BOUND('',#804,.T.);
#337=FACE_OUTER_BOUND('',#805,.T.);
#338=FACE_OUTER_BOUND('',#806,.T.);
#339=FACE_OUTER_BOUND('',#808,.T.);
#340=FACE_OUTER_BOUND('',#809,.T.);
#341=FACE_OUTER_BOUND('',#810,.T.);
#342=FACE_OUTER_BOUND('',#811,.T.);
#343=FACE_OUTER_BOUND('',#812,.T.);
#344=FACE_OUTER_BOUND('',#813,.T.);
#345=FACE_OUTER_BOUND('',#814,.T.);
#346=FACE_OUTER_BOUND('',#815,.T.);
#347=FACE_OUTER_BOUND('',#816,.T.);
#348=FACE_OUTER_BOUND('',#817,.T.);
#349=FACE_OUTER_BOUND('',#818,.T.);
#350=FACE_OUTER_BOUND('',#819,.T.);
#351=FACE_OUTER_BOUND('',#820,.T.);
#352=FACE_OUTER_BOUND('',#821,.T.);
#353=FACE_OUTER_BOUND('',#822,.T.);
#354=FACE_OUTER_BOUND('',#823,.T.);
#355=FACE_OUTER_BOUND('',#824,.T.);
#356=FACE_OUTER_BOUND('',#825,.T.);
#357=FACE_OUTER_BOUND('',#826,.T.);
#358=FACE_OUTER_BOUND('',#827,.T.);
#359=FACE_OUTER_BOUND('',#828,.T.);
#360=FACE_OUTER_BOUND('',#829,.T.);
#361=FACE_OUTER_BOUND('',#830,.T.);
#362=FACE_OUTER_BOUND('',#831,.T.);
#363=FACE_OUTER_BOUND('',#832,.T.);
#364=FACE_OUTER_BOUND('',#833,.T.);
#365=FACE_OUTER_BOUND('',#834,.T.);
#366=FACE_OUTER_BOUND('',#835,.T.);
#367=FACE_OUTER_BOUND('',#836,.T.);
#368=FACE_OUTER_BOUND('',#837,.T.);
#369=FACE_OUTER_BOUND('',#838,.T.);
#370=FACE_OUTER_BOUND('',#839,.T.);
#371=FACE_OUTER_BOUND('',#840,.T.);
#372=FACE_OUTER_BOUND('',#841,.T.);
#373=FACE_OUTER_BOUND('',#842,.T.);
#374=FACE_OUTER_BOUND('',#843,.T.);
#375=FACE_OUTER_BOUND('',#844,.T.);
#376=FACE_OUTER_BOUND('',#845,.T.);
#377=FACE_OUTER_BOUND('',#846,.T.);
#378=FACE_OUTER_BOUND('',#847,.T.);
#379=FACE_OUTER_BOUND('',#848,.T.);
#380=FACE_OUTER_BOUND('',#849,.T.);
#381=FACE_OUTER_BOUND('',#850,.T.);
#382=FACE_OUTER_BOUND('',#851,.T.);
#383=FACE_OUTER_BOUND('',#852,.T.);
#384=FACE_OUTER_BOUND('',#853,.T.);
#385=FACE_OUTER_BOUND('',#854,.T.);
#386=FACE_OUTER_BOUND('',#855,.T.);
#387=FACE_OUTER_BOUND('',#856,.T.);
#388=FACE_OUTER_BOUND('',#857,.T.);
#389=FACE_OUTER_BOUND('',#858,.T.);
#390=FACE_OUTER_BOUND('',#859,.T.);
#391=FACE_OUTER_BOUND('',#860,.T.);
#392=FACE_OUTER_BOUND('',#861,.T.);
#393=FACE_OUTER_BOUND('',#862,.T.);
#394=FACE_OUTER_BOUND('',#863,.T.);
#395=FACE_OUTER_BOUND('',#864,.T.);
#396=FACE_OUTER_BOUND('',#865,.T.);
#397=FACE_OUTER_BOUND('',#866,.T.);
#398=FACE_OUTER_BOUND('',#867,.T.);
#399=FACE_OUTER_BOUND('',#868,.T.);
#400=FACE_OUTER_BOUND('',#869,.T.);
#401=FACE_OUTER_BOUND('',#870,.T.);
#402=FACE_OUTER_BOUND('',#871,.T.);
#403=FACE_OUTER_BOUND('',#872,.T.);
#404=FACE_OUTER_BOUND('',#873,.T.);
#405=FACE_OUTER_BOUND('',#874,.T.);
#406=FACE_OUTER_BOUND('',#875,.T.);
#407=FACE_OUTER_BOUND('',#876,.T.);
#408=FACE_OUTER_BOUND('',#877,.T.);
#409=FACE_OUTER_BOUND('',#878,.T.);
#410=FACE_OUTER_BOUND('',#879,.T.);
#411=FACE_OUTER_BOUND('',#880,.T.);
#412=FACE_OUTER_BOUND('',#881,.T.);
#413=FACE_OUTER_BOUND('',#882,.T.);
#414=FACE_OUTER_BOUND('',#883,.T.);
#415=FACE_OUTER_BOUND('',#884,.T.);
#416=FACE_OUTER_BOUND('',#885,.T.);
#417=FACE_OUTER_BOUND('',#886,.T.);
#418=FACE_OUTER_BOUND('',#887,.T.);
#419=FACE_OUTER_BOUND('',#888,.T.);
#420=FACE_OUTER_BOUND('',#889,.T.);
#421=FACE_OUTER_BOUND('',#890,.T.);
#422=FACE_OUTER_BOUND('',#891,.T.);
#423=FACE_OUTER_BOUND('',#892,.T.);
#424=FACE_OUTER_BOUND('',#893,.T.);
#425=FACE_OUTER_BOUND('',#894,.T.);
#426=FACE_OUTER_BOUND('',#895,.T.);
#427=FACE_OUTER_BOUND('',#896,.T.);
#428=FACE_OUTER_BOUND('',#897,.T.);
#429=FACE_OUTER_BOUND('',#898,.T.);
#430=FACE_OUTER_BOUND('',#899,.T.);
#431=FACE_OUTER_BOUND('',#900,.T.);
#432=FACE_OUTER_BOUND('',#901,.T.);
#433=FACE_OUTER_BOUND('',#902,.T.);
#434=FACE_OUTER_BOUND('',#903,.T.);
#435=FACE_OUTER_BOUND('',#904,.T.);
#436=FACE_OUTER_BOUND('',#905,.T.);
#437=FACE_OUTER_BOUND('',#906,.T.);
#438=FACE_OUTER_BOUND('',#907,.T.);
#439=FACE_OUTER_BOUND('',#908,.T.);
#440=FACE_OUTER_BOUND('',#909,.T.);
#441=FACE_OUTER_BOUND('',#910,.T.);
#442=FACE_OUTER_BOUND('',#911,.T.);
#443=FACE_OUTER_BOUND('',#912,.T.);
#444=FACE_OUTER_BOUND('',#913,.T.);
#445=FACE_OUTER_BOUND('',#914,.T.);
#446=FACE_OUTER_BOUND('',#915,.T.);
#447=FACE_OUTER_BOUND('',#916,.T.);
#448=FACE_OUTER_BOUND('',#917,.T.);
#449=FACE_OUTER_BOUND('',#918,.T.);
#450=FACE_OUTER_BOUND('',#919,.T.);
#451=FACE_OUTER_BOUND('',#920,.T.);
#452=FACE_OUTER_BOUND('',#921,.T.);
#453=FACE_OUTER_BOUND('',#922,.T.);
#454=FACE_OUTER_BOUND('',#923,.T.);
#455=FACE_OUTER_BOUND('',#924,.T.);
#456=FACE_OUTER_BOUND('',#925,.T.);
#457=FACE_OUTER_BOUND('',#926,.T.);
#458=FACE_OUTER_BOUND('',#927,.T.);
#459=FACE_OUTER_BOUND('',#928,.T.);
#460=FACE_OUTER_BOUND('',#929,.T.);
#461=FACE_OUTER_BOUND('',#930,.T.);
#462=FACE_OUTER_BOUND('',#931,.T.);
#463=FACE_OUTER_BOUND('',#932,.T.);
#464=FACE_OUTER_BOUND('',#933,.T.);
#465=FACE_OUTER_BOUND('',#934,.T.);
#466=FACE_OUTER_BOUND('',#935,.T.);
#467=FACE_OUTER_BOUND('',#936,.T.);
#468=FACE_OUTER_BOUND('',#937,.T.);
#469=FACE_OUTER_BOUND('',#938,.T.);
#470=FACE_OUTER_BOUND('',#939,.T.);
#471=FACE_OUTER_BOUND('',#940,.T.);
#472=FACE_OUTER_BOUND('',#941,.T.);
#473=FACE_OUTER_BOUND('',#942,.T.);
#474=FACE_OUTER_BOUND('',#943,.T.);
#475=FACE_OUTER_BOUND('',#944,.T.);
#476=FACE_OUTER_BOUND('',#945,.T.);
#477=FACE_OUTER_BOUND('',#946,.T.);
#478=FACE_OUTER_BOUND('',#947,.T.);
#479=FACE_OUTER_BOUND('',#948,.T.);
#480=FACE_OUTER_BOUND('',#949,.T.);
#481=FACE_OUTER_BOUND('',#950,.T.);
#482=FACE_OUTER_BOUND('',#951,.T.);
#483=FACE_OUTER_BOUND('',#952,.T.);
#484=FACE_OUTER_BOUND('',#953,.T.);
#485=FACE_OUTER_BOUND('',#954,.T.);
#486=FACE_OUTER_BOUND('',#955,.T.);
#487=FACE_OUTER_BOUND('',#956,.T.);
#488=FACE_OUTER_BOUND('',#957,.T.);
#489=FACE_OUTER_BOUND('',#958,.T.);
#490=FACE_OUTER_BOUND('',#959,.T.);
#491=FACE_OUTER_BOUND('',#960,.T.);
#492=FACE_OUTER_BOUND('',#961,.T.);
#493=FACE_OUTER_BOUND('',#962,.T.);
#494=FACE_OUTER_BOUND('',#963,.T.);
#495=FACE_OUTER_BOUND('',#964,.T.);
#496=FACE_OUTER_BOUND('',#965,.T.);
#497=FACE_OUTER_BOUND('',#966,.T.);
#498=FACE_OUTER_BOUND('',#967,.T.);
#499=FACE_OUTER_BOUND('',#968,.T.);
#500=FACE_OUTER_BOUND('',#969,.T.);
#501=FACE_OUTER_BOUND('',#971,.T.);
#502=FACE_OUTER_BOUND('',#972,.T.);
#503=FACE_OUTER_BOUND('',#973,.T.);
#504=FACE_OUTER_BOUND('',#974,.T.);
#505=FACE_OUTER_BOUND('',#975,.T.);
#506=FACE_OUTER_BOUND('',#976,.T.);
#507=FACE_OUTER_BOUND('',#977,.T.);
#508=FACE_OUTER_BOUND('',#978,.T.);
#509=FACE_OUTER_BOUND('',#979,.T.);
#510=FACE_OUTER_BOUND('',#980,.T.);
#511=FACE_OUTER_BOUND('',#981,.T.);
#512=FACE_OUTER_BOUND('',#982,.T.);
#513=FACE_OUTER_BOUND('',#983,.T.);
#514=FACE_OUTER_BOUND('',#984,.T.);
#515=FACE_OUTER_BOUND('',#985,.T.);
#516=FACE_OUTER_BOUND('',#986,.T.);
#517=FACE_OUTER_BOUND('',#987,.T.);
#518=FACE_OUTER_BOUND('',#988,.T.);
#519=FACE_OUTER_BOUND('',#989,.T.);
#520=FACE_OUTER_BOUND('',#990,.T.);
#521=FACE_OUTER_BOUND('',#991,.T.);
#522=FACE_OUTER_BOUND('',#992,.T.);
#523=FACE_OUTER_BOUND('',#993,.T.);
#524=FACE_OUTER_BOUND('',#994,.T.);
#525=FACE_OUTER_BOUND('',#995,.T.);
#526=FACE_OUTER_BOUND('',#996,.T.);
#527=FACE_OUTER_BOUND('',#997,.T.);
#528=FACE_OUTER_BOUND('',#998,.T.);
#529=FACE_OUTER_BOUND('',#999,.T.);
#530=FACE_OUTER_BOUND('',#1000,.T.);
#531=FACE_OUTER_BOUND('',#1001,.T.);
#532=FACE_OUTER_BOUND('',#1002,.T.);
#533=FACE_OUTER_BOUND('',#1003,.T.);
#534=FACE_OUTER_BOUND('',#1004,.T.);
#535=FACE_OUTER_BOUND('',#1005,.T.);
#536=FACE_OUTER_BOUND('',#1006,.T.);
#537=FACE_OUTER_BOUND('',#1007,.T.);
#538=FACE_OUTER_BOUND('',#1008,.T.);
#539=FACE_OUTER_BOUND('',#1009,.T.);
#540=FACE_OUTER_BOUND('',#1010,.T.);
#541=FACE_OUTER_BOUND('',#1011,.T.);
#542=FACE_OUTER_BOUND('',#1012,.T.);
#543=FACE_OUTER_BOUND('',#1013,.T.);
#544=FACE_OUTER_BOUND('',#1014,.T.);
#545=FACE_OUTER_BOUND('',#1015,.T.);
#546=FACE_OUTER_BOUND('',#1016,.T.);
#547=FACE_OUTER_BOUND('',#1017,.T.);
#548=FACE_OUTER_BOUND('',#1018,.T.);
#549=FACE_OUTER_BOUND('',#1019,.T.);
#550=FACE_OUTER_BOUND('',#1020,.T.);
#551=FACE_OUTER_BOUND('',#1021,.T.);
#552=FACE_OUTER_BOUND('',#1022,.T.);
#553=FACE_OUTER_BOUND('',#1023,.T.);
#554=FACE_OUTER_BOUND('',#1024,.T.);
#555=FACE_OUTER_BOUND('',#1025,.T.);
#556=FACE_OUTER_BOUND('',#1026,.T.);
#557=FACE_OUTER_BOUND('',#1027,.T.);
#558=FACE_OUTER_BOUND('',#1028,.T.);
#559=FACE_OUTER_BOUND('',#1029,.T.);
#560=FACE_OUTER_BOUND('',#1030,.T.);
#561=FACE_OUTER_BOUND('',#1031,.T.);
#562=FACE_OUTER_BOUND('',#1032,.T.);
#563=FACE_OUTER_BOUND('',#1033,.T.);
#564=FACE_OUTER_BOUND('',#1034,.T.);
#565=FACE_OUTER_BOUND('',#1035,.T.);
#566=FACE_OUTER_BOUND('',#1037,.T.);
#567=FACE_OUTER_BOUND('',#1038,.T.);
#568=FACE_OUTER_BOUND('',#1039,.T.);
#569=FACE_OUTER_BOUND('',#1040,.T.);
#570=FACE_OUTER_BOUND('',#1041,.T.);
#571=FACE_OUTER_BOUND('',#1042,.T.);
#572=FACE_OUTER_BOUND('',#1043,.T.);
#573=FACE_OUTER_BOUND('',#1044,.T.);
#574=FACE_OUTER_BOUND('',#1045,.T.);
#575=FACE_OUTER_BOUND('',#1046,.T.);
#576=FACE_OUTER_BOUND('',#1047,.T.);
#577=FACE_OUTER_BOUND('',#1048,.T.);
#578=FACE_OUTER_BOUND('',#1049,.T.);
#579=FACE_OUTER_BOUND('',#1050,.T.);
#580=FACE_OUTER_BOUND('',#1051,.T.);
#581=FACE_OUTER_BOUND('',#1052,.T.);
#582=FACE_OUTER_BOUND('',#1053,.T.);
#583=FACE_OUTER_BOUND('',#1054,.T.);
#584=FACE_OUTER_BOUND('',#1055,.T.);
#585=FACE_OUTER_BOUND('',#1056,.T.);
#586=FACE_OUTER_BOUND('',#1057,.T.);
#587=FACE_OUTER_BOUND('',#1058,.T.);
#588=FACE_OUTER_BOUND('',#1059,.T.);
#589=FACE_OUTER_BOUND('',#1060,.T.);
#590=FACE_OUTER_BOUND('',#1061,.T.);
#591=FACE_OUTER_BOUND('',#1062,.T.);
#592=FACE_OUTER_BOUND('',#1063,.T.);
#593=FACE_OUTER_BOUND('',#1064,.T.);
#594=FACE_OUTER_BOUND('',#1065,.T.);
#595=FACE_OUTER_BOUND('',#1066,.T.);
#596=FACE_OUTER_BOUND('',#1067,.T.);
#597=FACE_OUTER_BOUND('',#1068,.T.);
#598=FACE_OUTER_BOUND('',#1069,.T.);
#599=FACE_OUTER_BOUND('',#1070,.T.);
#600=FACE_OUTER_BOUND('',#1071,.T.);
#601=FACE_OUTER_BOUND('',#1072,.T.);
#602=FACE_OUTER_BOUND('',#1073,.T.);
#603=FACE_OUTER_BOUND('',#1074,.T.);
#604=FACE_OUTER_BOUND('',#1075,.T.);
#605=FACE_OUTER_BOUND('',#1076,.T.);
#606=FACE_OUTER_BOUND('',#1077,.T.);
#607=FACE_OUTER_BOUND('',#1078,.T.);
#608=FACE_OUTER_BOUND('',#1079,.T.);
#609=FACE_OUTER_BOUND('',#1080,.T.);
#610=FACE_OUTER_BOUND('',#1081,.T.);
#611=FACE_OUTER_BOUND('',#1082,.T.);
#612=FACE_OUTER_BOUND('',#1083,.T.);
#613=FACE_OUTER_BOUND('',#1084,.T.);
#614=FACE_OUTER_BOUND('',#1085,.T.);
#615=FACE_OUTER_BOUND('',#1086,.T.);
#616=FACE_OUTER_BOUND('',#1087,.T.);
#617=FACE_OUTER_BOUND('',#1088,.T.);
#618=FACE_OUTER_BOUND('',#1089,.T.);
#619=FACE_OUTER_BOUND('',#1090,.T.);
#620=FACE_OUTER_BOUND('',#1091,.T.);
#621=FACE_OUTER_BOUND('',#1092,.T.);
#622=FACE_OUTER_BOUND('',#1093,.T.);
#623=FACE_OUTER_BOUND('',#1095,.T.);
#624=FACE_OUTER_BOUND('',#1096,.T.);
#625=FACE_OUTER_BOUND('',#1097,.T.);
#626=FACE_OUTER_BOUND('',#1098,.T.);
#627=FACE_OUTER_BOUND('',#1099,.T.);
#628=FACE_OUTER_BOUND('',#1100,.T.);
#629=FACE_OUTER_BOUND('',#1101,.T.);
#630=FACE_OUTER_BOUND('',#1102,.T.);
#631=FACE_OUTER_BOUND('',#1103,.T.);
#632=FACE_OUTER_BOUND('',#1104,.T.);
#633=FACE_OUTER_BOUND('',#1105,.T.);
#634=FACE_OUTER_BOUND('',#1106,.T.);
#635=FACE_OUTER_BOUND('',#1107,.T.);
#636=FACE_OUTER_BOUND('',#1108,.T.);
#637=FACE_OUTER_BOUND('',#1110,.T.);
#638=FACE_OUTER_BOUND('',#1111,.T.);
#639=FACE_OUTER_BOUND('',#1112,.T.);
#640=FACE_OUTER_BOUND('',#1113,.T.);
#641=FACE_OUTER_BOUND('',#1114,.T.);
#642=FACE_OUTER_BOUND('',#1115,.T.);
#643=FACE_OUTER_BOUND('',#1116,.T.);
#644=FACE_OUTER_BOUND('',#1117,.T.);
#645=FACE_OUTER_BOUND('',#1118,.T.);
#646=FACE_OUTER_BOUND('',#1119,.T.);
#647=FACE_OUTER_BOUND('',#1120,.T.);
#648=FACE_OUTER_BOUND('',#1121,.T.);
#649=FACE_OUTER_BOUND('',#1122,.T.);
#650=FACE_OUTER_BOUND('',#1123,.T.);
#651=FACE_OUTER_BOUND('',#1124,.T.);
#652=FACE_OUTER_BOUND('',#1125,.T.);
#653=FACE_OUTER_BOUND('',#1126,.T.);
#654=FACE_OUTER_BOUND('',#1127,.T.);
#655=FACE_OUTER_BOUND('',#1128,.T.);
#656=FACE_OUTER_BOUND('',#1129,.T.);
#657=FACE_OUTER_BOUND('',#1130,.T.);
#658=FACE_OUTER_BOUND('',#1131,.T.);
#659=FACE_OUTER_BOUND('',#1132,.T.);
#660=FACE_OUTER_BOUND('',#1133,.T.);
#661=FACE_OUTER_BOUND('',#1134,.T.);
#662=FACE_OUTER_BOUND('',#1135,.T.);
#663=FACE_OUTER_BOUND('',#1136,.T.);
#664=FACE_OUTER_BOUND('',#1137,.T.);
#665=FACE_OUTER_BOUND('',#1138,.T.);
#666=FACE_OUTER_BOUND('',#1139,.T.);
#667=FACE_OUTER_BOUND('',#1140,.T.);
#668=FACE_OUTER_BOUND('',#1141,.T.);
#669=FACE_OUTER_BOUND('',#1142,.T.);
#670=FACE_OUTER_BOUND('',#1143,.T.);
#671=FACE_OUTER_BOUND('',#1144,.T.);
#672=FACE_OUTER_BOUND('',#1145,.T.);
#673=FACE_OUTER_BOUND('',#1146,.T.);
#674=FACE_OUTER_BOUND('',#1147,.T.);
#675=FACE_OUTER_BOUND('',#1148,.T.);
#676=FACE_OUTER_BOUND('',#1149,.T.);
#677=FACE_OUTER_BOUND('',#1150,.T.);
#678=FACE_OUTER_BOUND('',#1151,.T.);
#679=FACE_OUTER_BOUND('',#1152,.T.);
#680=FACE_OUTER_BOUND('',#1153,.T.);
#681=FACE_OUTER_BOUND('',#1154,.T.);
#682=FACE_OUTER_BOUND('',#1155,.T.);
#683=FACE_OUTER_BOUND('',#1156,.T.);
#684=FACE_OUTER_BOUND('',#1157,.T.);
#685=FACE_OUTER_BOUND('',#1158,.T.);
#686=FACE_OUTER_BOUND('',#1159,.T.);
#687=FACE_OUTER_BOUND('',#1160,.T.);
#688=FACE_OUTER_BOUND('',#1161,.T.);
#689=FACE_OUTER_BOUND('',#1162,.T.);
#690=FACE_OUTER_BOUND('',#1163,.T.);
#691=FACE_OUTER_BOUND('',#1165,.T.);
#692=FACE_OUTER_BOUND('',#1166,.T.);
#693=FACE_OUTER_BOUND('',#1167,.T.);
#694=FACE_OUTER_BOUND('',#1168,.T.);
#695=FACE_OUTER_BOUND('',#1169,.T.);
#696=FACE_OUTER_BOUND('',#1170,.T.);
#697=FACE_OUTER_BOUND('',#1171,.T.);
#698=FACE_OUTER_BOUND('',#1172,.T.);
#699=FACE_OUTER_BOUND('',#1173,.T.);
#700=FACE_OUTER_BOUND('',#1174,.T.);
#701=FACE_OUTER_BOUND('',#1175,.T.);
#702=FACE_OUTER_BOUND('',#1176,.T.);
#703=FACE_OUTER_BOUND('',#1177,.T.);
#704=FACE_OUTER_BOUND('',#1178,.T.);
#705=FACE_OUTER_BOUND('',#1179,.T.);
#706=FACE_OUTER_BOUND('',#1180,.T.);
#707=FACE_OUTER_BOUND('',#1181,.T.);
#708=FACE_OUTER_BOUND('',#1182,.T.);
#709=FACE_OUTER_BOUND('',#1183,.T.);
#710=FACE_OUTER_BOUND('',#1184,.T.);
#711=FACE_OUTER_BOUND('',#1185,.T.);
#712=FACE_OUTER_BOUND('',#1186,.T.);
#713=FACE_OUTER_BOUND('',#1187,.T.);
#714=FACE_OUTER_BOUND('',#1188,.T.);
#715=FACE_OUTER_BOUND('',#1189,.T.);
#716=FACE_OUTER_BOUND('',#1190,.T.);
#717=FACE_OUTER_BOUND('',#1191,.T.);
#718=FACE_OUTER_BOUND('',#1192,.T.);
#719=FACE_OUTER_BOUND('',#1193,.T.);
#720=FACE_OUTER_BOUND('',#1194,.T.);
#721=FACE_OUTER_BOUND('',#1195,.T.);
#722=FACE_OUTER_BOUND('',#1196,.T.);
#723=FACE_OUTER_BOUND('',#1197,.T.);
#724=FACE_OUTER_BOUND('',#1198,.T.);
#725=FACE_OUTER_BOUND('',#1200,.T.);
#726=FACE_OUTER_BOUND('',#1201,.T.);
#727=FACE_OUTER_BOUND('',#1236,.T.);
#728=FACE_OUTER_BOUND('',#1237,.T.);
#729=FACE_OUTER_BOUND('',#1238,.T.);
#730=FACE_OUTER_BOUND('',#1239,.T.);
#731=FACE_OUTER_BOUND('',#1240,.T.);
#732=FACE_OUTER_BOUND('',#1241,.T.);
#733=FACE_OUTER_BOUND('',#1242,.T.);
#734=FACE_OUTER_BOUND('',#1243,.T.);
#735=FACE_OUTER_BOUND('',#1244,.T.);
#736=FACE_OUTER_BOUND('',#1245,.T.);
#737=FACE_OUTER_BOUND('',#1246,.T.);
#738=FACE_OUTER_BOUND('',#1247,.T.);
#739=FACE_OUTER_BOUND('',#1249,.T.);
#740=FACE_OUTER_BOUND('',#1250,.T.);
#741=FACE_OUTER_BOUND('',#1251,.T.);
#742=FACE_OUTER_BOUND('',#1252,.T.);
#743=FACE_OUTER_BOUND('',#1253,.T.);
#744=FACE_OUTER_BOUND('',#1254,.T.);
#745=EDGE_LOOP('',(#5498,#5499,#5500,#5501,#5502,#5503,#5504,#5505,#5506,
#5507,#5508,#5509,#5510,#5511,#5512,#5513,#5514));
#746=EDGE_LOOP('',(#5515,#5516,#5517,#5518));
#747=EDGE_LOOP('',(#5519,#5520,#5521,#5522));
#748=EDGE_LOOP('',(#5523,#5524,#5525,#5526));
#749=EDGE_LOOP('',(#5527,#5528,#5529,#5530));
#750=EDGE_LOOP('',(#5531,#5532,#5533,#5534));
#751=EDGE_LOOP('',(#5535,#5536,#5537,#5538));
#752=EDGE_LOOP('',(#5539,#5540,#5541,#5542));
#753=EDGE_LOOP('',(#5543,#5544,#5545,#5546));
#754=EDGE_LOOP('',(#5547,#5548,#5549,#5550));
#755=EDGE_LOOP('',(#5551,#5552,#5553,#5554));
#756=EDGE_LOOP('',(#5555,#5556,#5557,#5558));
#757=EDGE_LOOP('',(#5559,#5560,#5561,#5562));
#758=EDGE_LOOP('',(#5563,#5564,#5565,#5566));
#759=EDGE_LOOP('',(#5567,#5568,#5569,#5570));
#760=EDGE_LOOP('',(#5571,#5572,#5573,#5574));
#761=EDGE_LOOP('',(#5575,#5576,#5577,#5578));
#762=EDGE_LOOP('',(#5579,#5580,#5581,#5582));
#763=EDGE_LOOP('',(#5583,#5584,#5585,#5586));
#764=EDGE_LOOP('',(#5587,#5588,#5589,#5590));
#765=EDGE_LOOP('',(#5591,#5592,#5593,#5594));
#766=EDGE_LOOP('',(#5595,#5596,#5597,#5598));
#767=EDGE_LOOP('',(#5599,#5600,#5601,#5602));
#768=EDGE_LOOP('',(#5603,#5604,#5605,#5606));
#769=EDGE_LOOP('',(#5607,#5608,#5609,#5610));
#770=EDGE_LOOP('',(#5611,#5612,#5613,#5614));
#771=EDGE_LOOP('',(#5615,#5616,#5617,#5618));
#772=EDGE_LOOP('',(#5619,#5620,#5621,#5622));
#773=EDGE_LOOP('',(#5623,#5624,#5625,#5626));
#774=EDGE_LOOP('',(#5627,#5628,#5629,#5630,#5631,#5632,#5633,#5634));
#775=EDGE_LOOP('',(#5635,#5636,#5637));
#776=EDGE_LOOP('',(#5638,#5639,#5640,#5641,#5642,#5643,#5644));
#777=EDGE_LOOP('',(#5645,#5646,#5647,#5648,#5649,#5650,#5651));
#778=EDGE_LOOP('',(#5652,#5653,#5654,#5655));
#779=EDGE_LOOP('',(#5656,#5657,#5658,#5659));
#780=EDGE_LOOP('',(#5660,#5661,#5662,#5663));
#781=EDGE_LOOP('',(#5664,#5665,#5666,#5667));
#782=EDGE_LOOP('',(#5668,#5669,#5670,#5671));
#783=EDGE_LOOP('',(#5672,#5673,#5674,#5675));
#784=EDGE_LOOP('',(#5676,#5677,#5678,#5679));
#785=EDGE_LOOP('',(#5680,#5681,#5682,#5683));
#786=EDGE_LOOP('',(#5684,#5685,#5686,#5687));
#787=EDGE_LOOP('',(#5688,#5689,#5690,#5691));
#788=EDGE_LOOP('',(#5692,#5693,#5694,#5695));
#789=EDGE_LOOP('',(#5696,#5697,#5698,#5699));
#790=EDGE_LOOP('',(#5700,#5701,#5702,#5703));
#791=EDGE_LOOP('',(#5704,#5705,#5706,#5707));
#792=EDGE_LOOP('',(#5708,#5709,#5710,#5711));
#793=EDGE_LOOP('',(#5712,#5713,#5714,#5715));
#794=EDGE_LOOP('',(#5716,#5717,#5718,#5719));
#795=EDGE_LOOP('',(#5720,#5721,#5722,#5723));
#796=EDGE_LOOP('',(#5724,#5725,#5726,#5727));
#797=EDGE_LOOP('',(#5728,#5729,#5730,#5731));
#798=EDGE_LOOP('',(#5732,#5733,#5734,#5735));
#799=EDGE_LOOP('',(#5736,#5737,#5738,#5739));
#800=EDGE_LOOP('',(#5740,#5741,#5742,#5743));
#801=EDGE_LOOP('',(#5744,#5745,#5746,#5747));
#802=EDGE_LOOP('',(#5748,#5749,#5750,#5751));
#803=EDGE_LOOP('',(#5752,#5753,#5754,#5755));
#804=EDGE_LOOP('',(#5756,#5757,#5758,#5759));
#805=EDGE_LOOP('',(#5760,#5761,#5762,#5763,#5764,#5765,#5766,#5767,#5768,
#5769,#5770,#5771,#5772));
#806=EDGE_LOOP('',(#5773,#5774,#5775,#5776,#5777,#5778,#5779,#5780));
#807=EDGE_LOOP('',(#5781,#5782,#5783));
#808=EDGE_LOOP('',(#5784,#5785,#5786,#5787));
#809=EDGE_LOOP('',(#5788,#5789,#5790,#5791));
#810=EDGE_LOOP('',(#5792,#5793,#5794,#5795));
#811=EDGE_LOOP('',(#5796,#5797,#5798,#5799));
#812=EDGE_LOOP('',(#5800,#5801,#5802,#5803));
#813=EDGE_LOOP('',(#5804,#5805,#5806,#5807));
#814=EDGE_LOOP('',(#5808,#5809,#5810,#5811));
#815=EDGE_LOOP('',(#5812,#5813,#5814,#5815));
#816=EDGE_LOOP('',(#5816,#5817,#5818,#5819));
#817=EDGE_LOOP('',(#5820,#5821,#5822,#5823));
#818=EDGE_LOOP('',(#5824,#5825,#5826,#5827));
#819=EDGE_LOOP('',(#5828,#5829,#5830,#5831));
#820=EDGE_LOOP('',(#5832,#5833,#5834,#5835));
#821=EDGE_LOOP('',(#5836,#5837,#5838,#5839));
#822=EDGE_LOOP('',(#5840,#5841,#5842,#5843));
#823=EDGE_LOOP('',(#5844,#5845,#5846,#5847));
#824=EDGE_LOOP('',(#5848,#5849,#5850,#5851));
#825=EDGE_LOOP('',(#5852,#5853,#5854,#5855));
#826=EDGE_LOOP('',(#5856,#5857,#5858,#5859));
#827=EDGE_LOOP('',(#5860,#5861,#5862,#5863));
#828=EDGE_LOOP('',(#5864,#5865,#5866,#5867));
#829=EDGE_LOOP('',(#5868,#5869,#5870,#5871));
#830=EDGE_LOOP('',(#5872,#5873,#5874,#5875));
#831=EDGE_LOOP('',(#5876,#5877,#5878,#5879));
#832=EDGE_LOOP('',(#5880,#5881,#5882,#5883));
#833=EDGE_LOOP('',(#5884,#5885,#5886,#5887));
#834=EDGE_LOOP('',(#5888,#5889,#5890,#5891));
#835=EDGE_LOOP('',(#5892,#5893,#5894,#5895));
#836=EDGE_LOOP('',(#5896,#5897,#5898,#5899));
#837=EDGE_LOOP('',(#5900,#5901,#5902,#5903));
#838=EDGE_LOOP('',(#5904,#5905,#5906,#5907));
#839=EDGE_LOOP('',(#5908,#5909,#5910,#5911,#5912,#5913,#5914,#5915,#5916,
#5917,#5918,#5919,#5920,#5921,#5922,#5923,#5924,#5925,#5926,#5927));
#840=EDGE_LOOP('',(#5928,#5929,#5930,#5931,#5932,#5933,#5934,#5935,#5936,
#5937,#5938,#5939,#5940,#5941,#5942,#5943,#5944,#5945,#5946,#5947));
#841=EDGE_LOOP('',(#5948,#5949,#5950,#5951));
#842=EDGE_LOOP('',(#5952,#5953,#5954,#5955));
#843=EDGE_LOOP('',(#5956,#5957,#5958,#5959));
#844=EDGE_LOOP('',(#5960,#5961,#5962,#5963));
#845=EDGE_LOOP('',(#5964,#5965,#5966,#5967));
#846=EDGE_LOOP('',(#5968,#5969,#5970,#5971));
#847=EDGE_LOOP('',(#5972,#5973,#5974,#5975));
#848=EDGE_LOOP('',(#5976,#5977,#5978,#5979));
#849=EDGE_LOOP('',(#5980,#5981,#5982,#5983));
#850=EDGE_LOOP('',(#5984,#5985,#5986,#5987));
#851=EDGE_LOOP('',(#5988,#5989,#5990,#5991));
#852=EDGE_LOOP('',(#5992,#5993,#5994,#5995));
#853=EDGE_LOOP('',(#5996,#5997,#5998,#5999));
#854=EDGE_LOOP('',(#6000,#6001,#6002,#6003));
#855=EDGE_LOOP('',(#6004,#6005,#6006,#6007));
#856=EDGE_LOOP('',(#6008,#6009,#6010,#6011));
#857=EDGE_LOOP('',(#6012,#6013,#6014,#6015));
#858=EDGE_LOOP('',(#6016,#6017,#6018,#6019));
#859=EDGE_LOOP('',(#6020,#6021,#6022,#6023));
#860=EDGE_LOOP('',(#6024,#6025,#6026,#6027));
#861=EDGE_LOOP('',(#6028,#6029,#6030,#6031));
#862=EDGE_LOOP('',(#6032,#6033,#6034,#6035));
#863=EDGE_LOOP('',(#6036,#6037,#6038,#6039));
#864=EDGE_LOOP('',(#6040,#6041,#6042,#6043));
#865=EDGE_LOOP('',(#6044,#6045,#6046,#6047));
#866=EDGE_LOOP('',(#6048,#6049,#6050,#6051));
#867=EDGE_LOOP('',(#6052,#6053,#6054,#6055));
#868=EDGE_LOOP('',(#6056,#6057,#6058,#6059));
#869=EDGE_LOOP('',(#6060,#6061,#6062,#6063));
#870=EDGE_LOOP('',(#6064,#6065,#6066,#6067));
#871=EDGE_LOOP('',(#6068,#6069,#6070,#6071));
#872=EDGE_LOOP('',(#6072,#6073,#6074,#6075));
#873=EDGE_LOOP('',(#6076,#6077,#6078,#6079));
#874=EDGE_LOOP('',(#6080,#6081,#6082,#6083));
#875=EDGE_LOOP('',(#6084,#6085,#6086,#6087));
#876=EDGE_LOOP('',(#6088,#6089,#6090,#6091));
#877=EDGE_LOOP('',(#6092,#6093,#6094,#6095));
#878=EDGE_LOOP('',(#6096,#6097,#6098,#6099));
#879=EDGE_LOOP('',(#6100,#6101,#6102,#6103));
#880=EDGE_LOOP('',(#6104,#6105,#6106,#6107));
#881=EDGE_LOOP('',(#6108,#6109,#6110,#6111,#6112,#6113,#6114,#6115,#6116,
#6117,#6118,#6119,#6120,#6121,#6122,#6123,#6124,#6125,#6126,#6127));
#882=EDGE_LOOP('',(#6128,#6129,#6130,#6131,#6132,#6133,#6134,#6135,#6136,
#6137,#6138,#6139,#6140,#6141));
#883=EDGE_LOOP('',(#6142,#6143,#6144,#6145));
#884=EDGE_LOOP('',(#6146,#6147,#6148,#6149));
#885=EDGE_LOOP('',(#6150,#6151,#6152,#6153));
#886=EDGE_LOOP('',(#6154,#6155,#6156,#6157));
#887=EDGE_LOOP('',(#6158,#6159,#6160,#6161));
#888=EDGE_LOOP('',(#6162,#6163,#6164,#6165));
#889=EDGE_LOOP('',(#6166,#6167,#6168,#6169));
#890=EDGE_LOOP('',(#6170,#6171,#6172,#6173));
#891=EDGE_LOOP('',(#6174,#6175,#6176,#6177));
#892=EDGE_LOOP('',(#6178,#6179,#6180,#6181));
#893=EDGE_LOOP('',(#6182,#6183,#6184,#6185));
#894=EDGE_LOOP('',(#6186,#6187,#6188,#6189));
#895=EDGE_LOOP('',(#6190,#6191,#6192,#6193));
#896=EDGE_LOOP('',(#6194,#6195,#6196,#6197));
#897=EDGE_LOOP('',(#6198,#6199,#6200,#6201));
#898=EDGE_LOOP('',(#6202,#6203,#6204,#6205));
#899=EDGE_LOOP('',(#6206,#6207,#6208,#6209));
#900=EDGE_LOOP('',(#6210,#6211,#6212,#6213));
#901=EDGE_LOOP('',(#6214,#6215,#6216,#6217));
#902=EDGE_LOOP('',(#6218,#6219,#6220,#6221));
#903=EDGE_LOOP('',(#6222,#6223,#6224,#6225));
#904=EDGE_LOOP('',(#6226,#6227,#6228,#6229));
#905=EDGE_LOOP('',(#6230,#6231,#6232,#6233));
#906=EDGE_LOOP('',(#6234,#6235,#6236,#6237));
#907=EDGE_LOOP('',(#6238,#6239,#6240,#6241));
#908=EDGE_LOOP('',(#6242,#6243,#6244,#6245));
#909=EDGE_LOOP('',(#6246,#6247,#6248,#6249,#6250,#6251,#6252,#6253,#6254,
#6255,#6256,#6257));
#910=EDGE_LOOP('',(#6258,#6259,#6260,#6261,#6262,#6263,#6264,#6265,#6266,
#6267,#6268,#6269,#6270,#6271,#6272,#6273,#6274,#6275,#6276,#6277));
#911=EDGE_LOOP('',(#6278,#6279,#6280,#6281));
#912=EDGE_LOOP('',(#6282,#6283,#6284,#6285));
#913=EDGE_LOOP('',(#6286,#6287,#6288,#6289));
#914=EDGE_LOOP('',(#6290,#6291,#6292,#6293));
#915=EDGE_LOOP('',(#6294,#6295,#6296,#6297));
#916=EDGE_LOOP('',(#6298,#6299,#6300,#6301));
#917=EDGE_LOOP('',(#6302,#6303,#6304,#6305));
#918=EDGE_LOOP('',(#6306,#6307,#6308,#6309));
#919=EDGE_LOOP('',(#6310,#6311,#6312,#6313));
#920=EDGE_LOOP('',(#6314,#6315,#6316,#6317));
#921=EDGE_LOOP('',(#6318,#6319,#6320,#6321));
#922=EDGE_LOOP('',(#6322,#6323,#6324,#6325));
#923=EDGE_LOOP('',(#6326,#6327,#6328,#6329));
#924=EDGE_LOOP('',(#6330,#6331,#6332,#6333));
#925=EDGE_LOOP('',(#6334,#6335,#6336,#6337));
#926=EDGE_LOOP('',(#6338,#6339,#6340,#6341));
#927=EDGE_LOOP('',(#6342,#6343,#6344,#6345));
#928=EDGE_LOOP('',(#6346,#6347,#6348,#6349));
#929=EDGE_LOOP('',(#6350,#6351,#6352,#6353));
#930=EDGE_LOOP('',(#6354,#6355,#6356,#6357));
#931=EDGE_LOOP('',(#6358,#6359,#6360,#6361));
#932=EDGE_LOOP('',(#6362,#6363,#6364,#6365));
#933=EDGE_LOOP('',(#6366,#6367,#6368,#6369));
#934=EDGE_LOOP('',(#6370,#6371,#6372,#6373));
#935=EDGE_LOOP('',(#6374,#6375,#6376,#6377));
#936=EDGE_LOOP('',(#6378,#6379,#6380,#6381));
#937=EDGE_LOOP('',(#6382,#6383,#6384,#6385));
#938=EDGE_LOOP('',(#6386,#6387,#6388,#6389));
#939=EDGE_LOOP('',(#6390,#6391,#6392,#6393,#6394,#6395,#6396,#6397));
#940=EDGE_LOOP('',(#6398,#6399,#6400,#6401,#6402,#6403,#6404,#6405,#6406,
#6407));
#941=EDGE_LOOP('',(#6408,#6409,#6410,#6411));
#942=EDGE_LOOP('',(#6412,#6413,#6414,#6415));
#943=EDGE_LOOP('',(#6416,#6417,#6418,#6419));
#944=EDGE_LOOP('',(#6420,#6421,#6422,#6423));
#945=EDGE_LOOP('',(#6424,#6425,#6426,#6427));
#946=EDGE_LOOP('',(#6428,#6429,#6430,#6431));
#947=EDGE_LOOP('',(#6432,#6433,#6434,#6435));
#948=EDGE_LOOP('',(#6436,#6437,#6438,#6439));
#949=EDGE_LOOP('',(#6440,#6441,#6442,#6443));
#950=EDGE_LOOP('',(#6444,#6445,#6446,#6447));
#951=EDGE_LOOP('',(#6448,#6449,#6450,#6451));
#952=EDGE_LOOP('',(#6452,#6453,#6454,#6455));
#953=EDGE_LOOP('',(#6456,#6457,#6458,#6459));
#954=EDGE_LOOP('',(#6460,#6461,#6462,#6463));
#955=EDGE_LOOP('',(#6464,#6465,#6466,#6467));
#956=EDGE_LOOP('',(#6468,#6469,#6470,#6471));
#957=EDGE_LOOP('',(#6472,#6473,#6474,#6475));
#958=EDGE_LOOP('',(#6476,#6477,#6478,#6479));
#959=EDGE_LOOP('',(#6480,#6481,#6482,#6483));
#960=EDGE_LOOP('',(#6484,#6485,#6486,#6487));
#961=EDGE_LOOP('',(#6488,#6489,#6490,#6491));
#962=EDGE_LOOP('',(#6492,#6493,#6494,#6495));
#963=EDGE_LOOP('',(#6496,#6497,#6498,#6499));
#964=EDGE_LOOP('',(#6500,#6501,#6502,#6503));
#965=EDGE_LOOP('',(#6504,#6505,#6506,#6507));
#966=EDGE_LOOP('',(#6508,#6509,#6510,#6511));
#967=EDGE_LOOP('',(#6512,#6513,#6514,#6515));
#968=EDGE_LOOP('',(#6516,#6517,#6518,#6519));
#969=EDGE_LOOP('',(#6520,#6521,#6522,#6523,#6524,#6525,#6526,#6527,#6528,
#6529,#6530));
#970=EDGE_LOOP('',(#6531,#6532,#6533,#6534,#6535,#6536,#6537));
#971=EDGE_LOOP('',(#6538,#6539,#6540,#6541,#6542,#6543,#6544,#6545,#6546,
#6547,#6548,#6549));
#972=EDGE_LOOP('',(#6550,#6551,#6552,#6553));
#973=EDGE_LOOP('',(#6554,#6555,#6556,#6557));
#974=EDGE_LOOP('',(#6558,#6559,#6560,#6561));
#975=EDGE_LOOP('',(#6562,#6563,#6564,#6565));
#976=EDGE_LOOP('',(#6566,#6567,#6568,#6569));
#977=EDGE_LOOP('',(#6570,#6571,#6572,#6573));
#978=EDGE_LOOP('',(#6574,#6575,#6576,#6577));
#979=EDGE_LOOP('',(#6578,#6579,#6580,#6581));
#980=EDGE_LOOP('',(#6582,#6583,#6584,#6585));
#981=EDGE_LOOP('',(#6586,#6587,#6588,#6589));
#982=EDGE_LOOP('',(#6590,#6591,#6592,#6593));
#983=EDGE_LOOP('',(#6594,#6595,#6596,#6597));
#984=EDGE_LOOP('',(#6598,#6599,#6600,#6601));
#985=EDGE_LOOP('',(#6602,#6603,#6604,#6605));
#986=EDGE_LOOP('',(#6606,#6607,#6608,#6609));
#987=EDGE_LOOP('',(#6610,#6611,#6612,#6613));
#988=EDGE_LOOP('',(#6614,#6615,#6616,#6617));
#989=EDGE_LOOP('',(#6618,#6619,#6620,#6621));
#990=EDGE_LOOP('',(#6622,#6623,#6624,#6625));
#991=EDGE_LOOP('',(#6626,#6627,#6628,#6629));
#992=EDGE_LOOP('',(#6630,#6631,#6632,#6633));
#993=EDGE_LOOP('',(#6634,#6635,#6636,#6637));
#994=EDGE_LOOP('',(#6638,#6639,#6640,#6641));
#995=EDGE_LOOP('',(#6642,#6643,#6644,#6645));
#996=EDGE_LOOP('',(#6646,#6647,#6648,#6649));
#997=EDGE_LOOP('',(#6650,#6651,#6652,#6653));
#998=EDGE_LOOP('',(#6654,#6655,#6656,#6657));
#999=EDGE_LOOP('',(#6658,#6659,#6660,#6661));
#1000=EDGE_LOOP('',(#6662,#6663,#6664,#6665));
#1001=EDGE_LOOP('',(#6666,#6667,#6668,#6669));
#1002=EDGE_LOOP('',(#6670,#6671,#6672,#6673));
#1003=EDGE_LOOP('',(#6674,#6675,#6676,#6677));
#1004=EDGE_LOOP('',(#6678,#6679,#6680,#6681));
#1005=EDGE_LOOP('',(#6682,#6683,#6684,#6685));
#1006=EDGE_LOOP('',(#6686,#6687,#6688,#6689));
#1007=EDGE_LOOP('',(#6690,#6691,#6692,#6693));
#1008=EDGE_LOOP('',(#6694,#6695,#6696,#6697));
#1009=EDGE_LOOP('',(#6698,#6699,#6700,#6701));
#1010=EDGE_LOOP('',(#6702,#6703,#6704,#6705));
#1011=EDGE_LOOP('',(#6706,#6707,#6708,#6709));
#1012=EDGE_LOOP('',(#6710,#6711,#6712,#6713));
#1013=EDGE_LOOP('',(#6714,#6715,#6716,#6717));
#1014=EDGE_LOOP('',(#6718,#6719,#6720,#6721,#6722,#6723,#6724,#6725,#6726,
#6727,#6728,#6729,#6730,#6731,#6732,#6733,#6734,#6735,#6736,#6737,#6738,
#6739,#6740,#6741,#6742,#6743,#6744,#6745,#6746,#6747));
#1015=EDGE_LOOP('',(#6748,#6749,#6750,#6751,#6752,#6753,#6754,#6755,#6756,
#6757,#6758,#6759));
#1016=EDGE_LOOP('',(#6760,#6761,#6762,#6763));
#1017=EDGE_LOOP('',(#6764,#6765,#6766,#6767));
#1018=EDGE_LOOP('',(#6768,#6769,#6770,#6771));
#1019=EDGE_LOOP('',(#6772,#6773,#6774,#6775));
#1020=EDGE_LOOP('',(#6776,#6777,#6778,#6779));
#1021=EDGE_LOOP('',(#6780,#6781,#6782,#6783));
#1022=EDGE_LOOP('',(#6784,#6785,#6786,#6787));
#1023=EDGE_LOOP('',(#6788,#6789,#6790,#6791));
#1024=EDGE_LOOP('',(#6792,#6793,#6794,#6795));
#1025=EDGE_LOOP('',(#6796,#6797,#6798,#6799));
#1026=EDGE_LOOP('',(#6800,#6801,#6802,#6803));
#1027=EDGE_LOOP('',(#6804,#6805,#6806,#6807));
#1028=EDGE_LOOP('',(#6808,#6809,#6810,#6811));
#1029=EDGE_LOOP('',(#6812,#6813,#6814,#6815));
#1030=EDGE_LOOP('',(#6816,#6817,#6818,#6819));
#1031=EDGE_LOOP('',(#6820,#6821,#6822,#6823));
#1032=EDGE_LOOP('',(#6824,#6825,#6826,#6827));
#1033=EDGE_LOOP('',(#6828,#6829,#6830,#6831));
#1034=EDGE_LOOP('',(#6832,#6833,#6834,#6835,#6836,#6837));
#1035=EDGE_LOOP('',(#6838,#6839,#6840,#6841,#6842,#6843,#6844));
#1036=EDGE_LOOP('',(#6845,#6846,#6847,#6848,#6849,#6850,#6851));
#1037=EDGE_LOOP('',(#6852,#6853,#6854,#6855));
#1038=EDGE_LOOP('',(#6856,#6857,#6858,#6859));
#1039=EDGE_LOOP('',(#6860,#6861,#6862,#6863));
#1040=EDGE_LOOP('',(#6864,#6865,#6866,#6867));
#1041=EDGE_LOOP('',(#6868,#6869,#6870,#6871));
#1042=EDGE_LOOP('',(#6872,#6873,#6874,#6875));
#1043=EDGE_LOOP('',(#6876,#6877,#6878,#6879));
#1044=EDGE_LOOP('',(#6880,#6881,#6882,#6883));
#1045=EDGE_LOOP('',(#6884,#6885,#6886,#6887));
#1046=EDGE_LOOP('',(#6888,#6889,#6890,#6891));
#1047=EDGE_LOOP('',(#6892,#6893,#6894,#6895));
#1048=EDGE_LOOP('',(#6896,#6897,#6898,#6899));
#1049=EDGE_LOOP('',(#6900,#6901,#6902,#6903));
#1050=EDGE_LOOP('',(#6904,#6905,#6906,#6907));
#1051=EDGE_LOOP('',(#6908,#6909,#6910,#6911));
#1052=EDGE_LOOP('',(#6912,#6913,#6914,#6915));
#1053=EDGE_LOOP('',(#6916,#6917,#6918,#6919));
#1054=EDGE_LOOP('',(#6920,#6921,#6922,#6923));
#1055=EDGE_LOOP('',(#6924,#6925,#6926,#6927));
#1056=EDGE_LOOP('',(#6928,#6929,#6930,#6931));
#1057=EDGE_LOOP('',(#6932,#6933,#6934,#6935));
#1058=EDGE_LOOP('',(#6936,#6937,#6938,#6939));
#1059=EDGE_LOOP('',(#6940,#6941,#6942,#6943));
#1060=EDGE_LOOP('',(#6944,#6945,#6946,#6947));
#1061=EDGE_LOOP('',(#6948,#6949,#6950,#6951,#6952,#6953,#6954,#6955,#6956,
#6957));
#1062=EDGE_LOOP('',(#6958,#6959,#6960,#6961,#6962,#6963,#6964,#6965,#6966,
#6967,#6968,#6969));
#1063=EDGE_LOOP('',(#6970,#6971,#6972,#6973));
#1064=EDGE_LOOP('',(#6974,#6975,#6976,#6977));
#1065=EDGE_LOOP('',(#6978,#6979,#6980,#6981));
#1066=EDGE_LOOP('',(#6982,#6983,#6984,#6985));
#1067=EDGE_LOOP('',(#6986,#6987,#6988,#6989));
#1068=EDGE_LOOP('',(#6990,#6991,#6992,#6993));
#1069=EDGE_LOOP('',(#6994,#6995,#6996,#6997));
#1070=EDGE_LOOP('',(#6998,#6999,#7000,#7001));
#1071=EDGE_LOOP('',(#7002,#7003,#7004,#7005));
#1072=EDGE_LOOP('',(#7006,#7007,#7008,#7009));
#1073=EDGE_LOOP('',(#7010,#7011,#7012,#7013));
#1074=EDGE_LOOP('',(#7014,#7015,#7016,#7017));
#1075=EDGE_LOOP('',(#7018,#7019,#7020,#7021));
#1076=EDGE_LOOP('',(#7022,#7023,#7024,#7025));
#1077=EDGE_LOOP('',(#7026,#7027,#7028,#7029));
#1078=EDGE_LOOP('',(#7030,#7031,#7032,#7033));
#1079=EDGE_LOOP('',(#7034,#7035,#7036,#7037));
#1080=EDGE_LOOP('',(#7038,#7039,#7040,#7041));
#1081=EDGE_LOOP('',(#7042,#7043,#7044,#7045));
#1082=EDGE_LOOP('',(#7046,#7047,#7048,#7049));
#1083=EDGE_LOOP('',(#7050,#7051,#7052,#7053));
#1084=EDGE_LOOP('',(#7054,#7055,#7056,#7057));
#1085=EDGE_LOOP('',(#7058,#7059,#7060,#7061));
#1086=EDGE_LOOP('',(#7062,#7063,#7064,#7065));
#1087=EDGE_LOOP('',(#7066,#7067,#7068,#7069));
#1088=EDGE_LOOP('',(#7070,#7071,#7072,#7073));
#1089=EDGE_LOOP('',(#7074,#7075,#7076,#7077));
#1090=EDGE_LOOP('',(#7078,#7079,#7080,#7081));
#1091=EDGE_LOOP('',(#7082,#7083,#7084,#7085));
#1092=EDGE_LOOP('',(#7086,#7087,#7088,#7089));
#1093=EDGE_LOOP('',(#7090,#7091,#7092,#7093,#7094,#7095,#7096,#7097,#7098,
#7099,#7100));
#1094=EDGE_LOOP('',(#7101,#7102,#7103,#7104,#7105,#7106,#7107));
#1095=EDGE_LOOP('',(#7108,#7109,#7110,#7111));
#1096=EDGE_LOOP('',(#7112,#7113,#7114,#7115));
#1097=EDGE_LOOP('',(#7116,#7117,#7118,#7119));
#1098=EDGE_LOOP('',(#7120,#7121,#7122,#7123));
#1099=EDGE_LOOP('',(#7124,#7125,#7126,#7127));
#1100=EDGE_LOOP('',(#7128,#7129,#7130,#7131));
#1101=EDGE_LOOP('',(#7132,#7133,#7134,#7135));
#1102=EDGE_LOOP('',(#7136,#7137,#7138,#7139));
#1103=EDGE_LOOP('',(#7140,#7141,#7142,#7143));
#1104=EDGE_LOOP('',(#7144,#7145,#7146,#7147));
#1105=EDGE_LOOP('',(#7148,#7149,#7150,#7151));
#1106=EDGE_LOOP('',(#7152,#7153,#7154,#7155));
#1107=EDGE_LOOP('',(#7156,#7157,#7158,#7159,#7160,#7161,#7162));
#1108=EDGE_LOOP('',(#7163,#7164,#7165,#7166));
#1109=EDGE_LOOP('',(#7167,#7168,#7169,#7170,#7171,#7172,#7173,#7174));
#1110=EDGE_LOOP('',(#7175,#7176,#7177,#7178));
#1111=EDGE_LOOP('',(#7179,#7180,#7181,#7182));
#1112=EDGE_LOOP('',(#7183,#7184,#7185,#7186));
#1113=EDGE_LOOP('',(#7187,#7188,#7189,#7190));
#1114=EDGE_LOOP('',(#7191,#7192,#7193,#7194));
#1115=EDGE_LOOP('',(#7195,#7196,#7197,#7198));
#1116=EDGE_LOOP('',(#7199,#7200,#7201,#7202));
#1117=EDGE_LOOP('',(#7203,#7204,#7205,#7206));
#1118=EDGE_LOOP('',(#7207,#7208,#7209,#7210));
#1119=EDGE_LOOP('',(#7211,#7212,#7213,#7214));
#1120=EDGE_LOOP('',(#7215,#7216,#7217,#7218));
#1121=EDGE_LOOP('',(#7219,#7220,#7221,#7222));
#1122=EDGE_LOOP('',(#7223,#7224,#7225,#7226));
#1123=EDGE_LOOP('',(#7227,#7228,#7229,#7230));
#1124=EDGE_LOOP('',(#7231,#7232,#7233,#7234));
#1125=EDGE_LOOP('',(#7235,#7236,#7237,#7238));
#1126=EDGE_LOOP('',(#7239,#7240,#7241,#7242));
#1127=EDGE_LOOP('',(#7243,#7244,#7245,#7246));
#1128=EDGE_LOOP('',(#7247,#7248,#7249,#7250));
#1129=EDGE_LOOP('',(#7251,#7252,#7253,#7254));
#1130=EDGE_LOOP('',(#7255,#7256,#7257,#7258));
#1131=EDGE_LOOP('',(#7259,#7260,#7261,#7262));
#1132=EDGE_LOOP('',(#7263,#7264,#7265,#7266));
#1133=EDGE_LOOP('',(#7267,#7268,#7269,#7270));
#1134=EDGE_LOOP('',(#7271,#7272,#7273,#7274));
#1135=EDGE_LOOP('',(#7275,#7276,#7277,#7278));
#1136=EDGE_LOOP('',(#7279,#7280,#7281,#7282));
#1137=EDGE_LOOP('',(#7283,#7284,#7285,#7286));
#1138=EDGE_LOOP('',(#7287,#7288,#7289,#7290));
#1139=EDGE_LOOP('',(#7291,#7292,#7293,#7294,#7295,#7296,#7297,#7298,#7299,
#7300,#7301,#7302,#7303,#7304,#7305,#7306,#7307));
#1140=EDGE_LOOP('',(#7308,#7309,#7310,#7311));
#1141=EDGE_LOOP('',(#7312,#7313,#7314,#7315));
#1142=EDGE_LOOP('',(#7316,#7317,#7318,#7319));
#1143=EDGE_LOOP('',(#7320,#7321,#7322,#7323));
#1144=EDGE_LOOP('',(#7324,#7325,#7326,#7327));
#1145=EDGE_LOOP('',(#7328,#7329,#7330,#7331));
#1146=EDGE_LOOP('',(#7332,#7333,#7334,#7335));
#1147=EDGE_LOOP('',(#7336,#7337,#7338,#7339));
#1148=EDGE_LOOP('',(#7340,#7341,#7342,#7343));
#1149=EDGE_LOOP('',(#7344,#7345,#7346,#7347));
#1150=EDGE_LOOP('',(#7348,#7349,#7350,#7351));
#1151=EDGE_LOOP('',(#7352,#7353,#7354,#7355));
#1152=EDGE_LOOP('',(#7356,#7357,#7358,#7359));
#1153=EDGE_LOOP('',(#7360,#7361,#7362,#7363));
#1154=EDGE_LOOP('',(#7364,#7365,#7366,#7367));
#1155=EDGE_LOOP('',(#7368,#7369,#7370,#7371));
#1156=EDGE_LOOP('',(#7372,#7373,#7374,#7375));
#1157=EDGE_LOOP('',(#7376,#7377,#7378,#7379));
#1158=EDGE_LOOP('',(#7380,#7381,#7382,#7383));
#1159=EDGE_LOOP('',(#7384,#7385,#7386,#7387));
#1160=EDGE_LOOP('',(#7388,#7389,#7390,#7391));
#1161=EDGE_LOOP('',(#7392,#7393,#7394,#7395));
#1162=EDGE_LOOP('',(#7396,#7397,#7398,#7399,#7400,#7401,#7402,#7403,#7404,
#7405,#7406,#7407,#7408,#7409,#7410,#7411,#7412));
#1163=EDGE_LOOP('',(#7413,#7414,#7415,#7416));
#1164=EDGE_LOOP('',(#7417,#7418,#7419,#7420,#7421,#7422,#7423,#7424));
#1165=EDGE_LOOP('',(#7425,#7426,#7427,#7428));
#1166=EDGE_LOOP('',(#7429,#7430,#7431,#7432));
#1167=EDGE_LOOP('',(#7433,#7434,#7435,#7436));
#1168=EDGE_LOOP('',(#7437,#7438,#7439,#7440));
#1169=EDGE_LOOP('',(#7441,#7442,#7443,#7444));
#1170=EDGE_LOOP('',(#7445,#7446,#7447,#7448));
#1171=EDGE_LOOP('',(#7449,#7450,#7451,#7452));
#1172=EDGE_LOOP('',(#7453,#7454,#7455,#7456));
#1173=EDGE_LOOP('',(#7457,#7458,#7459,#7460));
#1174=EDGE_LOOP('',(#7461,#7462,#7463,#7464));
#1175=EDGE_LOOP('',(#7465,#7466,#7467,#7468));
#1176=EDGE_LOOP('',(#7469,#7470,#7471,#7472));
#1177=EDGE_LOOP('',(#7473,#7474,#7475,#7476));
#1178=EDGE_LOOP('',(#7477,#7478,#7479,#7480));
#1179=EDGE_LOOP('',(#7481,#7482,#7483,#7484));
#1180=EDGE_LOOP('',(#7485,#7486,#7487,#7488));
#1181=EDGE_LOOP('',(#7489,#7490,#7491,#7492));
#1182=EDGE_LOOP('',(#7493,#7494,#7495,#7496));
#1183=EDGE_LOOP('',(#7497,#7498,#7499,#7500));
#1184=EDGE_LOOP('',(#7501,#7502,#7503,#7504));
#1185=EDGE_LOOP('',(#7505,#7506,#7507,#7508));
#1186=EDGE_LOOP('',(#7509,#7510,#7511,#7512));
#1187=EDGE_LOOP('',(#7513,#7514,#7515,#7516));
#1188=EDGE_LOOP('',(#7517,#7518,#7519,#7520));
#1189=EDGE_LOOP('',(#7521,#7522,#7523,#7524));
#1190=EDGE_LOOP('',(#7525,#7526,#7527,#7528));
#1191=EDGE_LOOP('',(#7529,#7530,#7531,#7532));
#1192=EDGE_LOOP('',(#7533,#7534,#7535,#7536));
#1193=EDGE_LOOP('',(#7537,#7538,#7539,#7540));
#1194=EDGE_LOOP('',(#7541,#7542,#7543,#7544));
#1195=EDGE_LOOP('',(#7545,#7546,#7547,#7548));
#1196=EDGE_LOOP('',(#7549,#7550,#7551,#7552));
#1197=EDGE_LOOP('',(#7553,#7554,#7555,#7556));
#1198=EDGE_LOOP('',(#7557,#7558,#7559,#7560,#7561,#7562,#7563,#7564,#7565,
#7566,#7567,#7568,#7569,#7570));
#1199=EDGE_LOOP('',(#7571,#7572,#7573,#7574,#7575,#7576,#7577));
#1200=EDGE_LOOP('',(#7578,#7579,#7580,#7581,#7582,#7583,#7584));
#1201=EDGE_LOOP('',(#7585));
#1202=EDGE_LOOP('',(#7586));
#1203=EDGE_LOOP('',(#7587));
#1204=EDGE_LOOP('',(#7588));
#1205=EDGE_LOOP('',(#7589));
#1206=EDGE_LOOP('',(#7590,#7591,#7592,#7593,#7594,#7595,#7596,#7597,#7598,
#7599,#7600,#7601,#7602,#7603));
#1207=EDGE_LOOP('',(#7604,#7605,#7606,#7607));
#1208=EDGE_LOOP('',(#7608,#7609,#7610,#7611,#7612,#7613,#7614,#7615,#7616,
#7617,#7618,#7619,#7620,#7621,#7622,#7623,#7624));
#1209=EDGE_LOOP('',(#7625,#7626,#7627,#7628));
#1210=EDGE_LOOP('',(#7629,#7630,#7631,#7632,#7633,#7634,#7635,#7636,#7637,
#7638,#7639,#7640,#7641,#7642,#7643,#7644,#7645));
#1211=EDGE_LOOP('',(#7646,#7647,#7648,#7649));
#1212=EDGE_LOOP('',(#7650,#7651,#7652,#7653,#7654,#7655,#7656));
#1213=EDGE_LOOP('',(#7657,#7658,#7659,#7660));
#1214=EDGE_LOOP('',(#7661,#7662,#7663,#7664,#7665,#7666,#7667,#7668,#7669,
#7670,#7671));
#1215=EDGE_LOOP('',(#7672,#7673,#7674,#7675,#7676,#7677,#7678,#7679,#7680,
#7681,#7682,#7683));
#1216=EDGE_LOOP('',(#7684,#7685,#7686,#7687,#7688,#7689,#7690,#7691,#7692,
#7693));
#1217=EDGE_LOOP('',(#7694,#7695,#7696,#7697,#7698,#7699,#7700));
#1218=EDGE_LOOP('',(#7701,#7702,#7703,#7704,#7705,#7706));
#1219=EDGE_LOOP('',(#7707,#7708,#7709,#7710,#7711,#7712,#7713,#7714,#7715,
#7716,#7717,#7718));
#1220=EDGE_LOOP('',(#7719,#7720,#7721,#7722,#7723,#7724,#7725,#7726,#7727,
#7728,#7729,#7730,#7731,#7732,#7733,#7734,#7735,#7736,#7737,#7738,#7739,
#7740,#7741,#7742,#7743,#7744,#7745,#7746,#7747,#7748));
#1221=EDGE_LOOP('',(#7749,#7750,#7751,#7752,#7753,#7754,#7755,#7756,#7757,
#7758,#7759,#7760));
#1222=EDGE_LOOP('',(#7761,#7762,#7763,#7764,#7765,#7766,#7767,#7768,#7769,
#7770,#7771));
#1223=EDGE_LOOP('',(#7772,#7773,#7774,#7775,#7776,#7777,#7778,#7779,#7780,
#7781));
#1224=EDGE_LOOP('',(#7782,#7783,#7784,#7785,#7786,#7787,#7788,#7789));
#1225=EDGE_LOOP('',(#7790,#7791,#7792,#7793,#7794,#7795,#7796,#7797,#7798,
#7799,#7800,#7801,#7802,#7803,#7804,#7805,#7806,#7807,#7808,#7809));
#1226=EDGE_LOOP('',(#7810,#7811,#7812,#7813,#7814,#7815,#7816,#7817,#7818,
#7819,#7820,#7821));
#1227=EDGE_LOOP('',(#7822,#7823,#7824,#7825,#7826,#7827,#7828,#7829,#7830,
#7831,#7832,#7833,#7834,#7835));
#1228=EDGE_LOOP('',(#7836,#7837,#7838,#7839,#7840,#7841,#7842,#7843,#7844,
#7845,#7846,#7847,#7848,#7849,#7850,#7851,#7852,#7853,#7854,#7855));
#1229=EDGE_LOOP('',(#7856,#7857,#7858,#7859,#7860,#7861,#7862,#7863,#7864,
#7865,#7866,#7867,#7868,#7869,#7870,#7871,#7872,#7873,#7874,#7875));
#1230=EDGE_LOOP('',(#7876,#7877,#7878,#7879,#7880,#7881,#7882,#7883,#7884,
#7885,#7886,#7887,#7888,#7889,#7890,#7891,#7892,#7893,#7894,#7895));
#1231=EDGE_LOOP('',(#7896,#7897,#7898,#7899,#7900,#7901,#7902,#7903));
#1232=EDGE_LOOP('',(#7904,#7905,#7906,#7907,#7908,#7909,#7910,#7911,#7912,
#7913,#7914,#7915,#7916));
#1233=EDGE_LOOP('',(#7917,#7918,#7919,#7920,#7921,#7922,#7923));
#1234=EDGE_LOOP('',(#7924,#7925,#7926,#7927,#7928,#7929,#7930,#7931));
#1235=EDGE_LOOP('',(#7932,#7933,#7934,#7935,#7936,#7937,#7938,#7939,#7940,
#7941,#7942,#7943,#7944,#7945,#7946,#7947,#7948));
#1236=EDGE_LOOP('',(#7949,#7950,#7951,#7952,#7953,#7954,#7955,#7956));
#1237=EDGE_LOOP('',(#7957,#7958,#7959,#7960,#7961,#7962,#7963));
#1238=EDGE_LOOP('',(#7964,#7965,#7966,#7967,#7968,#7969,#7970,#7971));
#1239=EDGE_LOOP('',(#7972,#7973,#7974,#7975,#7976,#7977,#7978));
#1240=EDGE_LOOP('',(#7979,#7980,#7981,#7982,#7983,#7984,#7985));
#1241=EDGE_LOOP('',(#7986,#7987,#7988));
#1242=EDGE_LOOP('',(#7989,#7990,#7991));
#1243=EDGE_LOOP('',(#7992,#7993,#7994,#7995));
#1244=EDGE_LOOP('',(#7996,#7997,#7998,#7999));
#1245=EDGE_LOOP('',(#8000,#8001,#8002,#8003));
#1246=EDGE_LOOP('',(#8004,#8005,#8006,#8007));
#1247=EDGE_LOOP('',(#8008));
#1248=EDGE_LOOP('',(#8009));
#1249=EDGE_LOOP('',(#8010,#8011,#8012,#8013));
#1250=EDGE_LOOP('',(#8014,#8015,#8016,#8017));
#1251=EDGE_LOOP('',(#8018,#8019,#8020,#8021));
#1252=EDGE_LOOP('',(#8022,#8023,#8024,#8025,#8026,#8027,#8028));
#1253=EDGE_LOOP('',(#8029,#8030,#8031,#8032));
#1254=EDGE_LOOP('',(#8033));
#1255=EDGE_LOOP('',(#8034));
#1256=EDGE_LOOP('',(#8035));
#1257=EDGE_LOOP('',(#8036));
#1258=EDGE_LOOP('',(#8037));
#1259=B_SPLINE_CURVE_WITH_KNOTS('',3,(#10530,#10531,#10532,#10533,#10534,
#10535,#10536),.UNSPECIFIED.,.F.,.F.,(4,3,4),(-0.135556829985806,-0.0677784149929031,
0.),.UNSPECIFIED.);
#1260=B_SPLINE_CURVE_WITH_KNOTS('',3,(#10538,#10539,#10540,#10541,#10542,
#10543),.UNSPECIFIED.,.F.,.F.,(4,2,4),(-0.0722949937386972,-0.0505363096580382,
0.),.UNSPECIFIED.);
#1261=B_SPLINE_CURVE_WITH_KNOTS('',3,(#10545,#10546,#10547,#10548,#10549,
#10550,#10551),.UNSPECIFIED.,.F.,.F.,(4,3,4),(-0.0691024263342095,-0.0345512131671048,
0.),.UNSPECIFIED.);
#1262=B_SPLINE_CURVE_WITH_KNOTS('',3,(#10553,#10554,#10555,#10556,#10557,
#10558,#10559),.UNSPECIFIED.,.F.,.F.,(4,3,4),(-0.207841713341044,-0.103920856670522,
0.),.UNSPECIFIED.);
#1263=B_SPLINE_CURVE_WITH_KNOTS('',3,(#10561,#10562,#10563,#10564,#10565,
#10566,#10567),.UNSPECIFIED.,.F.,.F.,(4,3,4),(-0.0913352668609729,-0.0456676334304864,
0.),.UNSPECIFIED.);
#1264=B_SPLINE_CURVE_WITH_KNOTS('',3,(#10573,#10574,#10575,#10576,#10577,
#10578,#10579),.UNSPECIFIED.,.F.,.F.,(4,3,4),(-0.0327427087264333,-0.0163713543632167,
0.),.UNSPECIFIED.);
#1265=B_SPLINE_CURVE_WITH_KNOTS('',3,(#10581,#10582,#10583,#10584,#10585,
#10586,#10587),.UNSPECIFIED.,.F.,.F.,(4,3,4),(-0.0492463144424043,-0.0246231572212021,
0.),.UNSPECIFIED.);
#1266=B_SPLINE_CURVE_WITH_KNOTS('',3,(#10589,#10590,#10591,#10592,#10593,
#10594,#10595),.UNSPECIFIED.,.F.,.F.,(4,3,4),(-0.0529999914951306,-0.0264999957475653,
0.),.UNSPECIFIED.);
#1267=B_SPLINE_CURVE_WITH_KNOTS('',3,(#10597,#10598,#10599,#10600,#10601,
#10602,#10603),.UNSPECIFIED.,.F.,.F.,(4,3,4),(-0.051554318661061,-0.0257771593305305,
0.),.UNSPECIFIED.);
#1268=B_SPLINE_CURVE_WITH_KNOTS('',3,(#10605,#10606,#10607,#10608,#10609,
#10610,#10611),.UNSPECIFIED.,.F.,.F.,(4,3,4),(-0.112104407806303,-0.0560522039031517,
0.),.UNSPECIFIED.);
#1269=B_SPLINE_CURVE_WITH_KNOTS('',3,(#10612,#10613,#10614,#10615,#10616,
#10617,#10618),.UNSPECIFIED.,.F.,.F.,(4,3,4),(-0.120961031425902,-0.0604805157129508,
0.),.UNSPECIFIED.);
#1270=B_SPLINE_CURVE_WITH_KNOTS('',2,(#10629,#10630,#10631,#10632),
 .UNSPECIFIED.,.F.,.F.,(3,1,3),(0.,1.,2.),.UNSPECIFIED.);
#1271=B_SPLINE_CURVE_WITH_KNOTS('',2,(#10644,#10645,#10646,#10647),
 .UNSPECIFIED.,.F.,.F.,(3,1,3),(0.,1.,2.),.UNSPECIFIED.);
#1272=B_SPLINE_CURVE_WITH_KNOTS('',2,(#10658,#10659,#10660,#10661),
 .UNSPECIFIED.,.F.,.F.,(3,1,3),(0.,1.,2.),.UNSPECIFIED.);
#1273=B_SPLINE_CURVE_WITH_KNOTS('',2,(#10672,#10673,#10674,#10675),
 .UNSPECIFIED.,.F.,.F.,(3,1,3),(0.,1.,2.),.UNSPECIFIED.);
#1274=B_SPLINE_CURVE_WITH_KNOTS('',2,(#10686,#10687,#10688,#10689),
 .UNSPECIFIED.,.F.,.F.,(3,1,3),(0.,1.,2.),.UNSPECIFIED.);
#1275=B_SPLINE_CURVE_WITH_KNOTS('',2,(#10716,#10717,#10718,#10719),
 .UNSPECIFIED.,.F.,.F.,(3,1,3),(0.,1.,2.),.UNSPECIFIED.);
#1276=B_SPLINE_CURVE_WITH_KNOTS('',2,(#10730,#10731,#10732,#10733),
 .UNSPECIFIED.,.F.,.F.,(3,1,3),(0.,1.,2.),.UNSPECIFIED.);
#1277=B_SPLINE_CURVE_WITH_KNOTS('',2,(#10744,#10745,#10746,#10747),
 .UNSPECIFIED.,.F.,.F.,(3,1,3),(0.,1.,2.),.UNSPECIFIED.);
#1278=B_SPLINE_CURVE_WITH_KNOTS('',2,(#10758,#10759,#10760,#10761),
 .UNSPECIFIED.,.F.,.F.,(3,1,3),(0.,1.,2.),.UNSPECIFIED.);
#1279=B_SPLINE_CURVE_WITH_KNOTS('',2,(#10772,#10773,#10774,#10775),
 .UNSPECIFIED.,.F.,.F.,(3,1,3),(0.,1.,2.),.UNSPECIFIED.);
#1280=B_SPLINE_CURVE_WITH_KNOTS('',2,(#10786,#10787,#10788,#10789),
 .UNSPECIFIED.,.F.,.F.,(3,1,3),(0.,1.,2.),.UNSPECIFIED.);
#1281=B_SPLINE_CURVE_WITH_KNOTS('',3,(#10867,#10868,#10869,#10870,#10871,
#10872,#10873),.UNSPECIFIED.,.F.,.F.,(4,3,4),(-0.123841304941707,-0.0619206524708534,
0.),.UNSPECIFIED.);
#1282=B_SPLINE_CURVE_WITH_KNOTS('',3,(#10875,#10876,#10877,#10878,#10879,
#10880,#10881),.UNSPECIFIED.,.F.,.F.,(4,3,4),(-0.169344375782624,-0.0846721878913119,
0.),.UNSPECIFIED.);
#1283=B_SPLINE_CURVE_WITH_KNOTS('',3,(#10883,#10884,#10885,#10886,#10887,
#10888,#10889),.UNSPECIFIED.,.F.,.F.,(4,3,4),(-0.244115263822752,-0.122057631911376,
0.),.UNSPECIFIED.);
#1284=B_SPLINE_CURVE_WITH_KNOTS('',3,(#10891,#10892,#10893,#10894,#10895,
#10896,#10897),.UNSPECIFIED.,.F.,.F.,(4,3,4),(-0.102571672218682,-0.051285836109341,
0.),.UNSPECIFIED.);
#1285=B_SPLINE_CURVE_WITH_KNOTS('',3,(#10905,#10906,#10907,#10908,#10909,
#10910,#10911),.UNSPECIFIED.,.F.,.F.,(4,3,4),(-0.134282238340493,-0.0671411191702465,
0.),.UNSPECIFIED.);
#1286=B_SPLINE_CURVE_WITH_KNOTS('',3,(#10913,#10914,#10915,#10916,#10917,
#10918,#10919),.UNSPECIFIED.,.F.,.F.,(4,3,4),(-0.0918376015365398,-0.0459188007682699,
0.),.UNSPECIFIED.);
#1287=B_SPLINE_CURVE_WITH_KNOTS('',3,(#10927,#10928,#10929,#10930,#10931,
#10932,#10933),.UNSPECIFIED.,.F.,.F.,(4,3,4),(-0.283762459321371,-0.141881229660685,
0.),.UNSPECIFIED.);
#1288=B_SPLINE_CURVE_WITH_KNOTS('',3,(#10934,#10935,#10936,#10937,#10938,
#10939,#10940),.UNSPECIFIED.,.F.,.F.,(4,3,4),(-0.169433416025559,-0.0847167080127796,
0.),.UNSPECIFIED.);
#1289=B_SPLINE_CURVE_WITH_KNOTS('',2,(#10960,#10961,#10962,#10963),
 .UNSPECIFIED.,.F.,.F.,(3,1,3),(0.,1.,2.),.UNSPECIFIED.);
#1290=B_SPLINE_CURVE_WITH_KNOTS('',2,(#10974,#10975,#10976,#10977),
 .UNSPECIFIED.,.F.,.F.,(3,1,3),(0.,1.,2.),.UNSPECIFIED.);
#1291=B_SPLINE_CURVE_WITH_KNOTS('',2,(#10989,#10990,#10991,#10992),
 .UNSPECIFIED.,.F.,.F.,(3,1,3),(0.,1.,2.),.UNSPECIFIED.);
#1292=B_SPLINE_CURVE_WITH_KNOTS('',2,(#11004,#11005,#11006,#11007),
 .UNSPECIFIED.,.F.,.F.,(3,1,3),(0.,1.,2.),.UNSPECIFIED.);
#1293=B_SPLINE_CURVE_WITH_KNOTS('',2,(#11018,#11019,#11020,#11021),
 .UNSPECIFIED.,.F.,.F.,(3,1,3),(0.,1.,2.),.UNSPECIFIED.);
#1294=B_SPLINE_CURVE_WITH_KNOTS('',2,(#11032,#11033,#11034,#11035),
 .UNSPECIFIED.,.F.,.F.,(3,1,3),(0.,1.,2.),.UNSPECIFIED.);
#1295=B_SPLINE_CURVE_WITH_KNOTS('',2,(#11050,#11051,#11052,#11053),
 .UNSPECIFIED.,.F.,.F.,(3,1,3),(0.,1.,2.),.UNSPECIFIED.);
#1296=B_SPLINE_CURVE_WITH_KNOTS('',2,(#11063,#11064,#11065,#11066),
 .UNSPECIFIED.,.F.,.F.,(3,1,3),(0.,1.,2.),.UNSPECIFIED.);
#1297=B_SPLINE_CURVE_WITH_KNOTS('',2,(#11233,#11234,#11235,#11236),
 .UNSPECIFIED.,.F.,.F.,(3,1,3),(0.,1.,2.),.UNSPECIFIED.);
#1298=B_SPLINE_CURVE_WITH_KNOTS('',3,(#11240,#11241,#11242,#11243,#11244,
#11245,#11246),.UNSPECIFIED.,.F.,.F.,(4,3,4),(-0.132919061653924,-0.0664595308269618,
0.),.UNSPECIFIED.);
#1299=B_SPLINE_CURVE_WITH_KNOTS('',2,(#11257,#11258,#11259,#11260),
 .UNSPECIFIED.,.F.,.F.,(3,1,3),(0.,1.,2.),.UNSPECIFIED.);
#1300=B_SPLINE_CURVE_WITH_KNOTS('',3,(#11263,#11264,#11265,#11266,#11267,
#11268,#11269),.UNSPECIFIED.,.F.,.F.,(4,3,4),(-0.100357307948279,-0.0501786539741393,
0.),.UNSPECIFIED.);
#1301=B_SPLINE_CURVE_WITH_KNOTS('',2,(#11279,#11280,#11281,#11282),
 .UNSPECIFIED.,.F.,.F.,(3,1,3),(0.,1.,2.),.UNSPECIFIED.);
#1302=B_SPLINE_CURVE_WITH_KNOTS('',3,(#11285,#11286,#11287,#11288,#11289,
#11290,#11291),.UNSPECIFIED.,.F.,.F.,(4,3,4),(-0.0691983852484978,-0.0345991926242489,
0.),.UNSPECIFIED.);
#1303=B_SPLINE_CURVE_WITH_KNOTS('',2,(#11301,#11302,#11303,#11304),
 .UNSPECIFIED.,.F.,.F.,(3,1,3),(0.,1.,2.),.UNSPECIFIED.);
#1304=B_SPLINE_CURVE_WITH_KNOTS('',3,(#11307,#11308,#11309,#11310,#11311,
#11312,#11313),.UNSPECIFIED.,.F.,.F.,(4,3,4),(-0.062651330394291,-0.0313256651971455,
0.),.UNSPECIFIED.);
#1305=B_SPLINE_CURVE_WITH_KNOTS('',2,(#11335,#11336,#11337,#11338),
 .UNSPECIFIED.,.F.,.F.,(3,1,3),(0.,1.,2.),.UNSPECIFIED.);
#1306=B_SPLINE_CURVE_WITH_KNOTS('',3,(#11341,#11342,#11343,#11344,#11345,
#11346,#11347),.UNSPECIFIED.,.F.,.F.,(4,3,4),(-0.0506719825774747,-0.0253359912887374,
0.),.UNSPECIFIED.);
#1307=B_SPLINE_CURVE_WITH_KNOTS('',2,(#11357,#11358,#11359,#11360),
 .UNSPECIFIED.,.F.,.F.,(3,1,3),(0.,1.,2.),.UNSPECIFIED.);
#1308=B_SPLINE_CURVE_WITH_KNOTS('',3,(#11363,#11364,#11365,#11366,#11367,
#11368,#11369),.UNSPECIFIED.,.F.,.F.,(4,3,4),(-0.05657831078125,-0.028289155390625,
0.),.UNSPECIFIED.);
#1309=B_SPLINE_CURVE_WITH_KNOTS('',2,(#11379,#11380,#11381,#11382),
 .UNSPECIFIED.,.F.,.F.,(3,1,3),(0.,1.,2.),.UNSPECIFIED.);
#1310=B_SPLINE_CURVE_WITH_KNOTS('',3,(#11385,#11386,#11387,#11388,#11389,
#11390,#11391),.UNSPECIFIED.,.F.,.F.,(4,3,4),(-0.146583351121697,-0.0732916755608487,
0.),.UNSPECIFIED.);
#1311=B_SPLINE_CURVE_WITH_KNOTS('',2,(#11401,#11402,#11403,#11404),
 .UNSPECIFIED.,.F.,.F.,(3,1,3),(0.,1.,2.),.UNSPECIFIED.);
#1312=B_SPLINE_CURVE_WITH_KNOTS('',3,(#11407,#11408,#11409,#11410,#11411,
#11412,#11413),.UNSPECIFIED.,.F.,.F.,(4,3,4),(-0.140309178928221,-0.0701545894641105,
0.),.UNSPECIFIED.);
#1313=B_SPLINE_CURVE_WITH_KNOTS('',2,(#11423,#11424,#11425,#11426),
 .UNSPECIFIED.,.F.,.F.,(3,1,3),(0.,1.,2.),.UNSPECIFIED.);
#1314=B_SPLINE_CURVE_WITH_KNOTS('',3,(#11429,#11430,#11431,#11432,#11433,
#11434,#11435),.UNSPECIFIED.,.F.,.F.,(4,3,4),(-0.160861822722702,-0.0804309113613512,
0.),.UNSPECIFIED.);
#1315=B_SPLINE_CURVE_WITH_KNOTS('',2,(#11445,#11446,#11447,#11448),
 .UNSPECIFIED.,.F.,.F.,(3,1,3),(0.,1.,2.),.UNSPECIFIED.);
#1316=B_SPLINE_CURVE_WITH_KNOTS('',3,(#11451,#11452,#11453,#11454,#11455,
#11456,#11457),.UNSPECIFIED.,.F.,.F.,(4,3,4),(-0.161469650827937,-0.0807348254139683,
0.),.UNSPECIFIED.);
#1317=B_SPLINE_CURVE_WITH_KNOTS('',2,(#11467,#11468,#11469,#11470),
 .UNSPECIFIED.,.F.,.F.,(3,1,3),(0.,1.,2.),.UNSPECIFIED.);
#1318=B_SPLINE_CURVE_WITH_KNOTS('',3,(#11473,#11474,#11475,#11476,#11477,
#11478),.UNSPECIFIED.,.F.,.F.,(4,2,4),(-0.0891339184456278,-0.0454373410572202,
0.),.UNSPECIFIED.);
#1319=B_SPLINE_CURVE_WITH_KNOTS('',2,(#11488,#11489,#11490,#11491),
 .UNSPECIFIED.,.F.,.F.,(3,1,3),(0.,1.,2.),.UNSPECIFIED.);
#1320=B_SPLINE_CURVE_WITH_KNOTS('',3,(#11494,#11495,#11496,#11497,#11498,
#11499,#11500),.UNSPECIFIED.,.F.,.F.,(4,3,4),(-0.0641666677939401,-0.0320833338969701,
0.),.UNSPECIFIED.);
#1321=B_SPLINE_CURVE_WITH_KNOTS('',2,(#11522,#11523,#11524,#11525),
 .UNSPECIFIED.,.F.,.F.,(3,1,3),(0.,1.,2.),.UNSPECIFIED.);
#1322=B_SPLINE_CURVE_WITH_KNOTS('',3,(#11528,#11529,#11530,#11531,#11532,
#11533,#11534),.UNSPECIFIED.,.F.,.F.,(4,3,4),(-0.0371932353148076,-0.0185966176574038,
0.),.UNSPECIFIED.);
#1323=B_SPLINE_CURVE_WITH_KNOTS('',2,(#11544,#11545,#11546,#11547),
 .UNSPECIFIED.,.F.,.F.,(3,1,3),(0.,1.,2.),.UNSPECIFIED.);
#1324=B_SPLINE_CURVE_WITH_KNOTS('',3,(#11550,#11551,#11552,#11553,#11554,
#11555,#11556),.UNSPECIFIED.,.F.,.F.,(4,3,4),(-0.0634007796838204,-0.0317003898419102,
0.),.UNSPECIFIED.);
#1325=B_SPLINE_CURVE_WITH_KNOTS('',2,(#11566,#11567,#11568,#11569),
 .UNSPECIFIED.,.F.,.F.,(3,1,3),(0.,1.,2.),.UNSPECIFIED.);
#1326=B_SPLINE_CURVE_WITH_KNOTS('',3,(#11572,#11573,#11574,#11575,#11576,
#11577,#11578),.UNSPECIFIED.,.F.,.F.,(4,3,4),(-0.0963889160397512,-0.0481944580198756,
0.),.UNSPECIFIED.);
#1327=B_SPLINE_CURVE_WITH_KNOTS('',2,(#11587,#11588,#11589,#11590),
 .UNSPECIFIED.,.F.,.F.,(3,1,3),(0.,1.,2.),.UNSPECIFIED.);
#1328=B_SPLINE_CURVE_WITH_KNOTS('',3,(#11591,#11592,#11593,#11594,#11595,
#11596,#11597),.UNSPECIFIED.,.F.,.F.,(4,3,4),(-0.109306102874826,-0.0546530514374131,
0.),.UNSPECIFIED.);
#1329=B_SPLINE_CURVE_WITH_KNOTS('',3,(#11604,#11605,#11606,#11607,#11608,
#11609),.UNSPECIFIED.,.F.,.F.,(4,2,4),(-0.0997768894794309,-0.0692819092002638,
0.),.UNSPECIFIED.);
#1330=B_SPLINE_CURVE_WITH_KNOTS('',3,(#11611,#11612,#11613,#11614,#11615,
#11616,#11617),.UNSPECIFIED.,.F.,.F.,(4,3,4),(-0.10562216640298,-0.0528110832014901,
0.),.UNSPECIFIED.);
#1331=B_SPLINE_CURVE_WITH_KNOTS('',3,(#11619,#11620,#11621,#11622,#11623,
#11624,#11625),.UNSPECIFIED.,.F.,.F.,(4,3,4),(-0.0943642530832589,-0.0471821265416294,
0.),.UNSPECIFIED.);
#1332=B_SPLINE_CURVE_WITH_KNOTS('',3,(#11627,#11628,#11629,#11630,#11631,
#11632,#11633),.UNSPECIFIED.,.F.,.F.,(4,3,4),(-0.11841785943638,-0.05920892971819,
0.),.UNSPECIFIED.);
#1333=B_SPLINE_CURVE_WITH_KNOTS('',3,(#11635,#11636,#11637,#11638,#11639,
#11640,#11641),.UNSPECIFIED.,.F.,.F.,(4,3,4),(-0.0604663030689077,-0.0302331515344539,
0.),.UNSPECIFIED.);
#1334=B_SPLINE_CURVE_WITH_KNOTS('',3,(#11643,#11644,#11645,#11646,#11647,
#11648,#11649),.UNSPECIFIED.,.F.,.F.,(4,3,4),(-0.187502724598247,-0.0937513622991236,
0.),.UNSPECIFIED.);
#1335=B_SPLINE_CURVE_WITH_KNOTS('',3,(#11651,#11652,#11653,#11654,#11655,
#11656,#11657),.UNSPECIFIED.,.F.,.F.,(4,3,4),(-0.112647299271801,-0.0563236496359003,
0.),.UNSPECIFIED.);
#1336=B_SPLINE_CURVE_WITH_KNOTS('',3,(#11659,#11660,#11661,#11662,#11663,
#11664,#11665),.UNSPECIFIED.,.F.,.F.,(4,3,4),(-0.116612800955097,-0.0583064004775486,
0.),.UNSPECIFIED.);
#1337=B_SPLINE_CURVE_WITH_KNOTS('',3,(#11671,#11672,#11673,#11674,#11675,
#11676,#11677),.UNSPECIFIED.,.F.,.F.,(4,3,4),(-0.110657632699144,-0.0553288163495722,
0.),.UNSPECIFIED.);
#1338=B_SPLINE_CURVE_WITH_KNOTS('',3,(#11679,#11680,#11681,#11682,#11683,
#11684,#11685),.UNSPECIFIED.,.F.,.F.,(4,3,4),(-0.293685422871925,-0.146842711435963,
0.),.UNSPECIFIED.);
#1339=B_SPLINE_CURVE_WITH_KNOTS('',3,(#11687,#11688,#11689,#11690,#11691,
#11692,#11693),.UNSPECIFIED.,.F.,.F.,(4,3,4),(-0.0729188688121922,-0.0364594344060961,
0.),.UNSPECIFIED.);
#1340=B_SPLINE_CURVE_WITH_KNOTS('',3,(#11695,#11696,#11697,#11698,#11699,
#11700,#11701),.UNSPECIFIED.,.F.,.F.,(4,3,4),(-0.0621032356060389,-0.0310516178030195,
0.),.UNSPECIFIED.);
#1341=B_SPLINE_CURVE_WITH_KNOTS('',3,(#11703,#11704,#11705,#11706,#11707,
#11708,#11709),.UNSPECIFIED.,.F.,.F.,(4,3,4),(-0.0811741432024072,-0.0405870716012036,
0.),.UNSPECIFIED.);
#1342=B_SPLINE_CURVE_WITH_KNOTS('',3,(#11711,#11712,#11713,#11714,#11715,
#11716,#11717),.UNSPECIFIED.,.F.,.F.,(4,3,4),(-0.105070590723938,-0.0525352953619688,
0.),.UNSPECIFIED.);
#1343=B_SPLINE_CURVE_WITH_KNOTS('',3,(#11719,#11720,#11721,#11722,#11723,
#11724,#11725),.UNSPECIFIED.,.F.,.F.,(4,3,4),(-0.118443564251894,-0.0592217821259469,
0.),.UNSPECIFIED.);
#1344=B_SPLINE_CURVE_WITH_KNOTS('',3,(#11727,#11728,#11729,#11730,#11731,
#11732,#11733),.UNSPECIFIED.,.F.,.F.,(4,3,4),(-0.142526845438183,-0.0712634227190913,
0.),.UNSPECIFIED.);
#1345=B_SPLINE_CURVE_WITH_KNOTS('',2,(#11750,#11751,#11752,#11753),
 .UNSPECIFIED.,.F.,.F.,(3,1,3),(0.,1.,2.),.UNSPECIFIED.);
#1346=B_SPLINE_CURVE_WITH_KNOTS('',2,(#11764,#11765,#11766,#11767),
 .UNSPECIFIED.,.F.,.F.,(3,1,3),(0.,1.,2.),.UNSPECIFIED.);
#1347=B_SPLINE_CURVE_WITH_KNOTS('',2,(#11778,#11779,#11780,#11781),
 .UNSPECIFIED.,.F.,.F.,(3,1,3),(0.,1.,2.),.UNSPECIFIED.);
#1348=B_SPLINE_CURVE_WITH_KNOTS('',2,(#11792,#11793,#11794,#11795),
 .UNSPECIFIED.,.F.,.F.,(3,1,3),(0.,1.,2.),.UNSPECIFIED.);
#1349=B_SPLINE_CURVE_WITH_KNOTS('',2,(#11806,#11807,#11808,#11809),
 .UNSPECIFIED.,.F.,.F.,(3,1,3),(0.,1.,2.),.UNSPECIFIED.);
#1350=B_SPLINE_CURVE_WITH_KNOTS('',2,(#11820,#11821,#11822,#11823),
 .UNSPECIFIED.,.F.,.F.,(3,1,3),(0.,1.,2.),.UNSPECIFIED.);
#1351=B_SPLINE_CURVE_WITH_KNOTS('',2,(#11834,#11835,#11836,#11837),
 .UNSPECIFIED.,.F.,.F.,(3,1,3),(0.,1.,2.),.UNSPECIFIED.);
#1352=B_SPLINE_CURVE_WITH_KNOTS('',2,(#11848,#11849,#11850,#11851),
 .UNSPECIFIED.,.F.,.F.,(3,1,3),(0.,1.,2.),.UNSPECIFIED.);
#1353=B_SPLINE_CURVE_WITH_KNOTS('',2,(#11870,#11871,#11872,#11873),
 .UNSPECIFIED.,.F.,.F.,(3,1,3),(0.,1.,2.),.UNSPECIFIED.);
#1354=B_SPLINE_CURVE_WITH_KNOTS('',2,(#11884,#11885,#11886,#11887),
 .UNSPECIFIED.,.F.,.F.,(3,1,3),(0.,1.,2.),.UNSPECIFIED.);
#1355=B_SPLINE_CURVE_WITH_KNOTS('',2,(#11898,#11899,#11900,#11901),
 .UNSPECIFIED.,.F.,.F.,(3,1,3),(0.,1.,2.),.UNSPECIFIED.);
#1356=B_SPLINE_CURVE_WITH_KNOTS('',2,(#11912,#11913,#11914,#11915),
 .UNSPECIFIED.,.F.,.F.,(3,1,3),(0.,1.,2.),.UNSPECIFIED.);
#1357=B_SPLINE_CURVE_WITH_KNOTS('',2,(#11926,#11927,#11928,#11929),
 .UNSPECIFIED.,.F.,.F.,(3,1,3),(0.,1.,2.),.UNSPECIFIED.);
#1358=B_SPLINE_CURVE_WITH_KNOTS('',2,(#11940,#11941,#11942,#11943),
 .UNSPECIFIED.,.F.,.F.,(3,1,3),(0.,1.,2.),.UNSPECIFIED.);
#1359=B_SPLINE_CURVE_WITH_KNOTS('',2,(#11954,#11955,#11956,#11957),
 .UNSPECIFIED.,.F.,.F.,(3,1,3),(0.,1.,2.),.UNSPECIFIED.);
#1360=B_SPLINE_CURVE_WITH_KNOTS('',2,(#11968,#11969,#11970,#11971),
 .UNSPECIFIED.,.F.,.F.,(3,1,3),(0.,1.,2.),.UNSPECIFIED.);
#1361=B_SPLINE_CURVE_WITH_KNOTS('',2,(#11993,#11994,#11995,#11996),
 .UNSPECIFIED.,.F.,.F.,(3,1,3),(0.,1.,2.),.UNSPECIFIED.);
#1362=B_SPLINE_CURVE_WITH_KNOTS('',3,(#11999,#12000,#12001,#12002,#12003,
#12004,#12005),.UNSPECIFIED.,.F.,.F.,(4,3,4),(-0.110657632699234,-0.0553288163496169,
0.),.UNSPECIFIED.);
#1363=B_SPLINE_CURVE_WITH_KNOTS('',2,(#12015,#12016,#12017,#12018),
 .UNSPECIFIED.,.F.,.F.,(3,1,3),(0.,1.,2.),.UNSPECIFIED.);
#1364=B_SPLINE_CURVE_WITH_KNOTS('',3,(#12021,#12022,#12023,#12024,#12025,
#12026,#12027),.UNSPECIFIED.,.F.,.F.,(4,3,4),(-0.293685422871846,-0.146842711435923,
0.),.UNSPECIFIED.);
#1365=B_SPLINE_CURVE_WITH_KNOTS('',2,(#12037,#12038,#12039,#12040),
 .UNSPECIFIED.,.F.,.F.,(3,1,3),(0.,1.,2.),.UNSPECIFIED.);
#1366=B_SPLINE_CURVE_WITH_KNOTS('',3,(#12043,#12044,#12045,#12046,#12047,
#12048,#12049),.UNSPECIFIED.,.F.,.F.,(4,3,4),(-0.0729188688121935,-0.0364594344060968,
0.),.UNSPECIFIED.);
#1367=B_SPLINE_CURVE_WITH_KNOTS('',2,(#12059,#12060,#12061,#12062),
 .UNSPECIFIED.,.F.,.F.,(3,1,3),(0.,1.,2.),.UNSPECIFIED.);
#1368=B_SPLINE_CURVE_WITH_KNOTS('',3,(#12065,#12066,#12067,#12068,#12069,
#12070),.UNSPECIFIED.,.F.,.F.,(4,2,4),(-0.0621032356060403,-0.0412655011279102,
0.),.UNSPECIFIED.);
#1369=B_SPLINE_CURVE_WITH_KNOTS('',2,(#12080,#12081,#12082,#12083),
 .UNSPECIFIED.,.F.,.F.,(3,1,3),(0.,1.,2.),.UNSPECIFIED.);
#1370=B_SPLINE_CURVE_WITH_KNOTS('',3,(#12086,#12087,#12088,#12089,#12090,
#12091,#12092),.UNSPECIFIED.,.F.,.F.,(4,3,4),(-0.081174143202422,-0.040587071601211,
0.),.UNSPECIFIED.);
#1371=B_SPLINE_CURVE_WITH_KNOTS('',2,(#12102,#12103,#12104,#12105),
 .UNSPECIFIED.,.F.,.F.,(3,1,3),(0.,1.,2.),.UNSPECIFIED.);
#1372=B_SPLINE_CURVE_WITH_KNOTS('',3,(#12108,#12109,#12110,#12111,#12112,
#12113,#12114),.UNSPECIFIED.,.F.,.F.,(4,3,4),(-0.105070590725318,-0.0525352953626588,
0.),.UNSPECIFIED.);
#1373=B_SPLINE_CURVE_WITH_KNOTS('',2,(#12124,#12125,#12126,#12127),
 .UNSPECIFIED.,.F.,.F.,(3,1,3),(0.,1.,2.),.UNSPECIFIED.);
#1374=B_SPLINE_CURVE_WITH_KNOTS('',3,(#12130,#12131,#12132,#12133,#12134,
#12135,#12136),.UNSPECIFIED.,.F.,.F.,(4,3,4),(-0.118443564251954,-0.0592217821259772,
0.),.UNSPECIFIED.);
#1375=B_SPLINE_CURVE_WITH_KNOTS('',2,(#12146,#12147,#12148,#12149),
 .UNSPECIFIED.,.F.,.F.,(3,1,3),(0.,1.,2.),.UNSPECIFIED.);
#1376=B_SPLINE_CURVE_WITH_KNOTS('',3,(#12152,#12153,#12154,#12155,#12156,
#12157,#12158),.UNSPECIFIED.,.F.,.F.,(4,3,4),(-0.142526845438511,-0.0712634227192555,
0.),.UNSPECIFIED.);
#1377=B_SPLINE_CURVE_WITH_KNOTS('',2,(#12180,#12181,#12182,#12183),
 .UNSPECIFIED.,.F.,.F.,(3,1,3),(0.,1.,2.),.UNSPECIFIED.);
#1378=B_SPLINE_CURVE_WITH_KNOTS('',3,(#12186,#12187,#12188,#12189,#12190,
#12191,#12192),.UNSPECIFIED.,.F.,.F.,(4,3,4),(-0.0997768894794539,-0.049888444739727,
0.),.UNSPECIFIED.);
#1379=B_SPLINE_CURVE_WITH_KNOTS('',2,(#12202,#12203,#12204,#12205),
 .UNSPECIFIED.,.F.,.F.,(3,1,3),(0.,1.,2.),.UNSPECIFIED.);
#1380=B_SPLINE_CURVE_WITH_KNOTS('',3,(#12208,#12209,#12210,#12211,#12212,
#12213),.UNSPECIFIED.,.F.,.F.,(4,2,4),(-0.105622166402978,-0.072783109016539,
0.),.UNSPECIFIED.);
#1381=B_SPLINE_CURVE_WITH_KNOTS('',2,(#12223,#12224,#12225,#12226),
 .UNSPECIFIED.,.F.,.F.,(3,1,3),(0.,1.,2.),.UNSPECIFIED.);
#1382=B_SPLINE_CURVE_WITH_KNOTS('',3,(#12229,#12230,#12231,#12232,#12233,
#12234,#12235),.UNSPECIFIED.,.F.,.F.,(4,3,4),(-0.0943642530832398,-0.0471821265416199,
0.),.UNSPECIFIED.);
#1383=B_SPLINE_CURVE_WITH_KNOTS('',2,(#12245,#12246,#12247,#12248),
 .UNSPECIFIED.,.F.,.F.,(3,1,3),(0.,1.,2.),.UNSPECIFIED.);
#1384=B_SPLINE_CURVE_WITH_KNOTS('',3,(#12251,#12252,#12253,#12254,#12255,
#12256,#12257),.UNSPECIFIED.,.F.,.F.,(4,3,4),(-0.118417859436382,-0.0592089297181912,
0.),.UNSPECIFIED.);
#1385=B_SPLINE_CURVE_WITH_KNOTS('',2,(#12267,#12268,#12269,#12270),
 .UNSPECIFIED.,.F.,.F.,(3,1,3),(0.,1.,2.),.UNSPECIFIED.);
#1386=B_SPLINE_CURVE_WITH_KNOTS('',3,(#12273,#12274,#12275,#12276,#12277,
#12278,#12279),.UNSPECIFIED.,.F.,.F.,(4,3,4),(-0.06046630306891,-0.030233151534455,
0.),.UNSPECIFIED.);
#1387=B_SPLINE_CURVE_WITH_KNOTS('',2,(#12289,#12290,#12291,#12292),
 .UNSPECIFIED.,.F.,.F.,(3,1,3),(0.,1.,2.),.UNSPECIFIED.);
#1388=B_SPLINE_CURVE_WITH_KNOTS('',3,(#12295,#12296,#12297,#12298,#12299,
#12300,#12301),.UNSPECIFIED.,.F.,.F.,(4,3,4),(-0.18750272459815,-0.0937513622990749,
0.),.UNSPECIFIED.);
#1389=B_SPLINE_CURVE_WITH_KNOTS('',2,(#12311,#12312,#12313,#12314),
 .UNSPECIFIED.,.F.,.F.,(3,1,3),(0.,1.,2.),.UNSPECIFIED.);
#1390=B_SPLINE_CURVE_WITH_KNOTS('',3,(#12317,#12318,#12319,#12320,#12321,
#12322,#12323),.UNSPECIFIED.,.F.,.F.,(4,3,4),(-0.112647299272678,-0.0563236496363392,
0.),.UNSPECIFIED.);
#1391=B_SPLINE_CURVE_WITH_KNOTS('',2,(#12333,#12334,#12335,#12336),
 .UNSPECIFIED.,.F.,.F.,(3,1,3),(0.,1.,2.),.UNSPECIFIED.);
#1392=B_SPLINE_CURVE_WITH_KNOTS('',3,(#12339,#12340,#12341,#12342,#12343,
#12344),.UNSPECIFIED.,.F.,.F.,(4,2,4),(-0.116612800955127,-0.0707691385239776,
0.),.UNSPECIFIED.);
#1393=B_SPLINE_CURVE_WITH_KNOTS('',3,(#12352,#12353,#12354,#12355,#12356,
#12357,#12358),.UNSPECIFIED.,.F.,.F.,(4,3,4),(-0.112986231057919,-0.0564931155289593,
0.),.UNSPECIFIED.);
#1394=B_SPLINE_CURVE_WITH_KNOTS('',3,(#12360,#12361,#12362,#12363,#12364,
#12365,#12366),.UNSPECIFIED.,.F.,.F.,(4,3,4),(-0.130785320030624,-0.065392660015312,
0.),.UNSPECIFIED.);
#1395=B_SPLINE_CURVE_WITH_KNOTS('',3,(#12368,#12369,#12370,#12371,#12372,
#12373,#12374),.UNSPECIFIED.,.F.,.F.,(4,3,4),(-0.108042547637318,-0.0540212738186591,
0.),.UNSPECIFIED.);
#1396=B_SPLINE_CURVE_WITH_KNOTS('',3,(#12376,#12377,#12378,#12379,#12380,
#12381,#12382),.UNSPECIFIED.,.F.,.F.,(4,3,4),(-0.082855753876402,-0.041427876938201,
0.),.UNSPECIFIED.);
#1397=B_SPLINE_CURVE_WITH_KNOTS('',3,(#12390,#12391,#12392,#12393,#12394,
#12395,#12396),.UNSPECIFIED.,.F.,.F.,(4,3,4),(-0.0713398994267613,-0.0356699497133807,
0.),.UNSPECIFIED.);
#1398=B_SPLINE_CURVE_WITH_KNOTS('',3,(#12398,#12399,#12400,#12401,#12402,
#12403,#12404),.UNSPECIFIED.,.F.,.F.,(4,3,4),(-0.129314547533448,-0.064657273766724,
0.),.UNSPECIFIED.);
#1399=B_SPLINE_CURVE_WITH_KNOTS('',3,(#12406,#12407,#12408,#12409,#12410,
#12411,#12412),.UNSPECIFIED.,.F.,.F.,(4,3,4),(-0.0805271797958448,-0.0402635898979224,
0.),.UNSPECIFIED.);
#1400=B_SPLINE_CURVE_WITH_KNOTS('',3,(#12414,#12415,#12416,#12417,#12418,
#12419,#12420),.UNSPECIFIED.,.F.,.F.,(4,3,4),(-0.0658810627688953,-0.0329405313844477,
0.),.UNSPECIFIED.);
#1401=B_SPLINE_CURVE_WITH_KNOTS('',2,(#12449,#12450,#12451,#12452),
 .UNSPECIFIED.,.F.,.F.,(3,1,3),(0.,1.,2.),.UNSPECIFIED.);
#1402=B_SPLINE_CURVE_WITH_KNOTS('',2,(#12463,#12464,#12465,#12466),
 .UNSPECIFIED.,.F.,.F.,(3,1,3),(0.,1.,2.),.UNSPECIFIED.);
#1403=B_SPLINE_CURVE_WITH_KNOTS('',2,(#12477,#12478,#12479,#12480),
 .UNSPECIFIED.,.F.,.F.,(3,1,3),(0.,1.,2.),.UNSPECIFIED.);
#1404=B_SPLINE_CURVE_WITH_KNOTS('',2,(#12491,#12492,#12493,#12494),
 .UNSPECIFIED.,.F.,.F.,(3,1,3),(0.,1.,2.),.UNSPECIFIED.);
#1405=B_SPLINE_CURVE_WITH_KNOTS('',2,(#12517,#12518,#12519,#12520),
 .UNSPECIFIED.,.F.,.F.,(3,1,3),(0.,1.,2.),.UNSPECIFIED.);
#1406=B_SPLINE_CURVE_WITH_KNOTS('',2,(#12531,#12532,#12533,#12534),
 .UNSPECIFIED.,.F.,.F.,(3,1,3),(0.,1.,2.),.UNSPECIFIED.);
#1407=B_SPLINE_CURVE_WITH_KNOTS('',2,(#12545,#12546,#12547,#12548),
 .UNSPECIFIED.,.F.,.F.,(3,1,3),(0.,1.,2.),.UNSPECIFIED.);
#1408=B_SPLINE_CURVE_WITH_KNOTS('',2,(#12558,#12559,#12560,#12561),
 .UNSPECIFIED.,.F.,.F.,(3,1,3),(0.,1.,2.),.UNSPECIFIED.);
#1409=B_SPLINE_CURVE_WITH_KNOTS('',3,(#12638,#12639,#12640,#12641,#12642,
#12643,#12644),.UNSPECIFIED.,.F.,.F.,(4,3,4),(-0.160861822722708,-0.0804309113613539,
0.),.UNSPECIFIED.);
#1410=B_SPLINE_CURVE_WITH_KNOTS('',3,(#12646,#12647,#12648,#12649,#12650,
#12651,#12652),.UNSPECIFIED.,.F.,.F.,(4,3,4),(-0.161469650828041,-0.0807348254140205,
0.),.UNSPECIFIED.);
#1411=B_SPLINE_CURVE_WITH_KNOTS('',3,(#12654,#12655,#12656,#12657,#12658,
#12659,#12660),.UNSPECIFIED.,.F.,.F.,(4,3,4),(-0.0891339184457167,-0.0445669592228583,
0.),.UNSPECIFIED.);
#1412=B_SPLINE_CURVE_WITH_KNOTS('',3,(#12662,#12663,#12664,#12665,#12666,
#12667,#12668),.UNSPECIFIED.,.F.,.F.,(4,3,4),(-0.0641666677939411,-0.0320833338969705,
0.),.UNSPECIFIED.);
#1413=B_SPLINE_CURVE_WITH_KNOTS('',3,(#12674,#12675,#12676,#12677,#12678,
#12679,#12680),.UNSPECIFIED.,.F.,.F.,(4,3,4),(-0.0371932353147601,-0.01859661765738,
0.),.UNSPECIFIED.);
#1414=B_SPLINE_CURVE_WITH_KNOTS('',3,(#12682,#12683,#12684,#12685,#12686,
#12687,#12688),.UNSPECIFIED.,.F.,.F.,(4,3,4),(-0.0634007796838231,-0.0317003898419116,
0.),.UNSPECIFIED.);
#1415=B_SPLINE_CURVE_WITH_KNOTS('',3,(#12690,#12691,#12692,#12693,#12694,
#12695,#12696),.UNSPECIFIED.,.F.,.F.,(4,3,4),(-0.0963889160401416,-0.0481944580200708,
0.),.UNSPECIFIED.);
#1416=B_SPLINE_CURVE_WITH_KNOTS('',3,(#12698,#12699,#12700,#12701,#12702,
#12703,#12704),.UNSPECIFIED.,.F.,.F.,(4,3,4),(-0.109306102874799,-0.0546530514373996,
0.),.UNSPECIFIED.);
#1417=B_SPLINE_CURVE_WITH_KNOTS('',3,(#12706,#12707,#12708,#12709,#12710,
#12711,#12712),.UNSPECIFIED.,.F.,.F.,(4,3,4),(-0.132919061653922,-0.0664595308269612,
0.),.UNSPECIFIED.);
#1418=B_SPLINE_CURVE_WITH_KNOTS('',3,(#12714,#12715,#12716,#12717,#12718,
#12719,#12720),.UNSPECIFIED.,.F.,.F.,(4,3,4),(-0.100357307948246,-0.0501786539741232,
0.),.UNSPECIFIED.);
#1419=B_SPLINE_CURVE_WITH_KNOTS('',3,(#12722,#12723,#12724,#12725,#12726,
#12727),.UNSPECIFIED.,.F.,.F.,(4,2,4),(-0.0691983852484953,-0.0466427319301301,
0.),.UNSPECIFIED.);
#1420=B_SPLINE_CURVE_WITH_KNOTS('',3,(#12729,#12730,#12731,#12732,#12733,
#12734,#12735),.UNSPECIFIED.,.F.,.F.,(4,3,4),(-0.0626513303942914,-0.0313256651971457,
0.),.UNSPECIFIED.);
#1421=B_SPLINE_CURVE_WITH_KNOTS('',3,(#12741,#12742,#12743,#12744,#12745,
#12746),.UNSPECIFIED.,.F.,.F.,(4,2,4),(-0.0506719825774695,-0.0335312062679318,
0.),.UNSPECIFIED.);
#1422=B_SPLINE_CURVE_WITH_KNOTS('',3,(#12748,#12749,#12750,#12751,#12752,
#12753,#12754),.UNSPECIFIED.,.F.,.F.,(4,3,4),(-0.0565783107812567,-0.0282891553906283,
0.),.UNSPECIFIED.);
#1423=B_SPLINE_CURVE_WITH_KNOTS('',3,(#12756,#12757,#12758,#12759,#12760,
#12761,#12762),.UNSPECIFIED.,.F.,.F.,(4,3,4),(-0.146583351121803,-0.0732916755609013,
0.),.UNSPECIFIED.);
#1424=B_SPLINE_CURVE_WITH_KNOTS('',3,(#12763,#12764,#12765,#12766,#12767,
#12768,#12769),.UNSPECIFIED.,.F.,.F.,(4,3,4),(-0.140309178928231,-0.0701545894641155,
0.),.UNSPECIFIED.);
#1425=B_SPLINE_CURVE_WITH_KNOTS('',2,(#12780,#12781,#12782,#12783),
 .UNSPECIFIED.,.F.,.F.,(3,1,3),(0.,1.,2.),.UNSPECIFIED.);
#1426=B_SPLINE_CURVE_WITH_KNOTS('',2,(#12795,#12796,#12797,#12798),
 .UNSPECIFIED.,.F.,.F.,(3,1,3),(0.,1.,2.),.UNSPECIFIED.);
#1427=B_SPLINE_CURVE_WITH_KNOTS('',2,(#12809,#12810,#12811,#12812),
 .UNSPECIFIED.,.F.,.F.,(3,1,3),(0.,1.,2.),.UNSPECIFIED.);
#1428=B_SPLINE_CURVE_WITH_KNOTS('',2,(#12823,#12824,#12825,#12826),
 .UNSPECIFIED.,.F.,.F.,(3,1,3),(0.,1.,2.),.UNSPECIFIED.);
#1429=B_SPLINE_CURVE_WITH_KNOTS('',2,(#12845,#12846,#12847,#12848),
 .UNSPECIFIED.,.F.,.F.,(3,1,3),(0.,1.,2.),.UNSPECIFIED.);
#1430=B_SPLINE_CURVE_WITH_KNOTS('',2,(#12859,#12860,#12861,#12862),
 .UNSPECIFIED.,.F.,.F.,(3,1,3),(0.,1.,2.),.UNSPECIFIED.);
#1431=B_SPLINE_CURVE_WITH_KNOTS('',2,(#12873,#12874,#12875,#12876),
 .UNSPECIFIED.,.F.,.F.,(3,1,3),(0.,1.,2.),.UNSPECIFIED.);
#1432=B_SPLINE_CURVE_WITH_KNOTS('',2,(#12887,#12888,#12889,#12890),
 .UNSPECIFIED.,.F.,.F.,(3,1,3),(0.,1.,2.),.UNSPECIFIED.);
#1433=B_SPLINE_CURVE_WITH_KNOTS('',2,(#12901,#12902,#12903,#12904),
 .UNSPECIFIED.,.F.,.F.,(3,1,3),(0.,1.,2.),.UNSPECIFIED.);
#1434=B_SPLINE_CURVE_WITH_KNOTS('',2,(#12915,#12916,#12917,#12918),
 .UNSPECIFIED.,.F.,.F.,(3,1,3),(0.,1.,2.),.UNSPECIFIED.);
#1435=B_SPLINE_CURVE_WITH_KNOTS('',2,(#12929,#12930,#12931,#12932),
 .UNSPECIFIED.,.F.,.F.,(3,1,3),(0.,1.,2.),.UNSPECIFIED.);
#1436=B_SPLINE_CURVE_WITH_KNOTS('',2,(#12943,#12944,#12945,#12946),
 .UNSPECIFIED.,.F.,.F.,(3,1,3),(0.,1.,2.),.UNSPECIFIED.);
#1437=B_SPLINE_CURVE_WITH_KNOTS('',2,(#12965,#12966,#12967,#12968),
 .UNSPECIFIED.,.F.,.F.,(3,1,3),(0.,1.,2.),.UNSPECIFIED.);
#1438=B_SPLINE_CURVE_WITH_KNOTS('',2,(#12979,#12980,#12981,#12982),
 .UNSPECIFIED.,.F.,.F.,(3,1,3),(0.,1.,2.),.UNSPECIFIED.);
#1439=B_SPLINE_CURVE_WITH_KNOTS('',2,(#12993,#12994,#12995,#12996),
 .UNSPECIFIED.,.F.,.F.,(3,1,3),(0.,1.,2.),.UNSPECIFIED.);
#1440=B_SPLINE_CURVE_WITH_KNOTS('',2,(#13006,#13007,#13008,#13009),
 .UNSPECIFIED.,.F.,.F.,(3,1,3),(0.,1.,2.),.UNSPECIFIED.);
#1441=B_SPLINE_CURVE_WITH_KNOTS('',2,(#13163,#13164,#13165,#13166),
 .UNSPECIFIED.,.F.,.F.,(3,1,3),(0.,1.,2.),.UNSPECIFIED.);
#1442=B_SPLINE_CURVE_WITH_KNOTS('',3,(#13170,#13171,#13172,#13173,#13174,
#13175,#13176),.UNSPECIFIED.,.F.,.F.,(4,3,4),(-0.0745222980516454,-0.0372611490258227,
0.),.UNSPECIFIED.);
#1443=B_SPLINE_CURVE_WITH_KNOTS('',2,(#13187,#13188,#13189,#13190),
 .UNSPECIFIED.,.F.,.F.,(3,1,3),(0.,1.,2.),.UNSPECIFIED.);
#1444=B_SPLINE_CURVE_WITH_KNOTS('',3,(#13192,#13193,#13194,#13195,#13196,
#13197,#13198),.UNSPECIFIED.,.F.,.F.,(4,3,4),(-0.154221595604456,-0.0771107978022281,
0.),.UNSPECIFIED.);
#1445=B_SPLINE_CURVE_WITH_KNOTS('',2,(#13233,#13234,#13235,#13236),
 .UNSPECIFIED.,.F.,.F.,(3,1,3),(0.,1.,2.),.UNSPECIFIED.);
#1446=B_SPLINE_CURVE_WITH_KNOTS('',3,(#13239,#13240,#13241,#13242,#13243,
#13244,#13245),.UNSPECIFIED.,.F.,.F.,(4,3,4),(-0.150907796796468,-0.0754538983982342,
0.),.UNSPECIFIED.);
#1447=B_SPLINE_CURVE_WITH_KNOTS('',2,(#13255,#13256,#13257,#13258),
 .UNSPECIFIED.,.F.,.F.,(3,1,3),(0.,1.,2.),.UNSPECIFIED.);
#1448=B_SPLINE_CURVE_WITH_KNOTS('',3,(#13261,#13262,#13263,#13264,#13265,
#13266,#13267),.UNSPECIFIED.,.F.,.F.,(4,3,4),(-0.117106383540902,-0.0585531917704511,
0.),.UNSPECIFIED.);
#1449=B_SPLINE_CURVE_WITH_KNOTS('',2,(#13276,#13277,#13278,#13279),
 .UNSPECIFIED.,.F.,.F.,(3,1,3),(0.,1.,2.),.UNSPECIFIED.);
#1450=B_SPLINE_CURVE_WITH_KNOTS('',3,(#13280,#13281,#13282,#13283,#13284,
#13285,#13286),.UNSPECIFIED.,.F.,.F.,(4,3,4),(-0.119305511091366,-0.0596527555456832,
0.),.UNSPECIFIED.);
#1451=B_SPLINE_CURVE_WITH_KNOTS('',2,(#13296,#13297,#13298,#13299),
 .UNSPECIFIED.,.F.,.F.,(3,1,3),(0.,1.,2.),.UNSPECIFIED.);
#1452=B_SPLINE_CURVE_WITH_KNOTS('',3,(#13302,#13303,#13304,#13305,#13306,
#13307,#13308),.UNSPECIFIED.,.F.,.F.,(4,3,4),(-0.124576491044048,-0.0622882455220239,
0.),.UNSPECIFIED.);
#1453=B_SPLINE_CURVE_WITH_KNOTS('',2,(#13318,#13319,#13320,#13321),
 .UNSPECIFIED.,.F.,.F.,(3,1,3),(0.,1.,2.),.UNSPECIFIED.);
#1454=B_SPLINE_CURVE_WITH_KNOTS('',3,(#13324,#13325,#13326,#13327,#13328,
#13329,#13330),.UNSPECIFIED.,.F.,.F.,(4,3,4),(-0.0404263278379025,-0.0202131639189512,
0.),.UNSPECIFIED.);
#1455=B_SPLINE_CURVE_WITH_KNOTS('',2,(#13433,#13434,#13435,#13436),
 .UNSPECIFIED.,.F.,.F.,(3,1,3),(0.,1.,2.),.UNSPECIFIED.);
#1456=B_SPLINE_CURVE_WITH_KNOTS('',3,(#13440,#13441,#13442,#13443,#13444,
#13445),.UNSPECIFIED.,.F.,.F.,(4,2,4),(-0.0565783107812408,-0.037454814372256,
0.),.UNSPECIFIED.);
#1457=B_SPLINE_CURVE_WITH_KNOTS('',2,(#13456,#13457,#13458,#13459),
 .UNSPECIFIED.,.F.,.F.,(3,1,3),(0.,1.,2.),.UNSPECIFIED.);
#1458=B_SPLINE_CURVE_WITH_KNOTS('',3,(#13462,#13463,#13464,#13465,#13466,
#13467,#13468,#13469),.UNSPECIFIED.,.F.,.F.,(4,2,2,4),(-0.146583351121717,
-0.116924608497633,-0.0830532807987214,0.),.UNSPECIFIED.);
#1459=B_SPLINE_CURVE_WITH_KNOTS('',2,(#13479,#13480,#13481,#13482),
 .UNSPECIFIED.,.F.,.F.,(3,1,3),(0.,1.,2.),.UNSPECIFIED.);
#1460=B_SPLINE_CURVE_WITH_KNOTS('',3,(#13485,#13486,#13487,#13488,#13489,
#13490,#13491),.UNSPECIFIED.,.F.,.F.,(4,3,4),(-0.140309178928212,-0.0701545894641062,
0.),.UNSPECIFIED.);
#1461=B_SPLINE_CURVE_WITH_KNOTS('',2,(#13501,#13502,#13503,#13504),
 .UNSPECIFIED.,.F.,.F.,(3,1,3),(0.,1.,1.63933728876691),.UNSPECIFIED.);
#1462=B_SPLINE_CURVE_WITH_KNOTS('',3,(#13506,#13507,#13508,#13509,#13510,
#13511,#13512),.UNSPECIFIED.,.F.,.F.,(4,3,4),(-0.0524586314252639,-0.0204587301330029,
0.),.UNSPECIFIED.);
#1463=B_SPLINE_CURVE_WITH_KNOTS('',3,(#13513,#13514,#13515,#13516),
 .UNSPECIFIED.,.F.,.F.,(4,4),(-23.6374702538152,-23.5374702538152),
 .UNSPECIFIED.);
#1464=B_SPLINE_CURVE_WITH_KNOTS('',2,(#13583,#13584,#13585,#13586),
 .UNSPECIFIED.,.F.,.F.,(3,1,3),(0.,1.,2.),.UNSPECIFIED.);
#1465=B_SPLINE_CURVE_WITH_KNOTS('',3,(#13589,#13590,#13591,#13592,#13593,
#13594,#13595),.UNSPECIFIED.,.F.,.F.,(4,3,4),(-0.160861822722708,-0.0804309113613538,
0.),.UNSPECIFIED.);
#1466=B_SPLINE_CURVE_WITH_KNOTS('',2,(#13605,#13606,#13607,#13608),
 .UNSPECIFIED.,.F.,.F.,(3,1,3),(0.,1.,2.),.UNSPECIFIED.);
#1467=B_SPLINE_CURVE_WITH_KNOTS('',3,(#13611,#13612,#13613,#13614,#13615,
#13616,#13617),.UNSPECIFIED.,.F.,.F.,(4,3,4),(-0.161469650827927,-0.0807348254139637,
0.),.UNSPECIFIED.);
#1468=B_SPLINE_CURVE_WITH_KNOTS('',2,(#13627,#13628,#13629,#13630),
 .UNSPECIFIED.,.F.,.F.,(3,1,3),(0.,1.,2.),.UNSPECIFIED.);
#1469=B_SPLINE_CURVE_WITH_KNOTS('',3,(#13633,#13634,#13635,#13636,#13637,
#13638,#13639),.UNSPECIFIED.,.F.,.F.,(4,3,4),(-0.089133918445628,-0.044566959222814,
0.),.UNSPECIFIED.);
#1470=B_SPLINE_CURVE_WITH_KNOTS('',2,(#13649,#13650,#13651,#13652),
 .UNSPECIFIED.,.F.,.F.,(3,1,3),(0.,1.,2.),.UNSPECIFIED.);
#1471=B_SPLINE_CURVE_WITH_KNOTS('',3,(#13655,#13656,#13657,#13658,#13659,
#13660),.UNSPECIFIED.,.F.,.F.,(4,2,4),(-0.0641666677939402,-0.0331588580056434,
0.),.UNSPECIFIED.);
#1472=B_SPLINE_CURVE_WITH_KNOTS('',2,(#13682,#13683,#13684,#13685),
 .UNSPECIFIED.,.F.,.F.,(3,1,3),(0.,1.,2.),.UNSPECIFIED.);
#1473=B_SPLINE_CURVE_WITH_KNOTS('',3,(#13688,#13689,#13690,#13691,#13692,
#13693,#13694),.UNSPECIFIED.,.F.,.F.,(4,3,4),(-0.0371932353148387,-0.0185966176574193,
0.),.UNSPECIFIED.);
#1474=B_SPLINE_CURVE_WITH_KNOTS('',2,(#13704,#13705,#13706,#13707),
 .UNSPECIFIED.,.F.,.F.,(3,1,3),(0.,1.,2.),.UNSPECIFIED.);
#1475=B_SPLINE_CURVE_WITH_KNOTS('',3,(#13710,#13711,#13712,#13713,#13714,
#13715,#13716),.UNSPECIFIED.,.F.,.F.,(4,3,4),(-0.063400779683824,-0.031700389841912,
0.),.UNSPECIFIED.);
#1476=B_SPLINE_CURVE_WITH_KNOTS('',2,(#13726,#13727,#13728,#13729),
 .UNSPECIFIED.,.F.,.F.,(3,1,3),(0.,1.,2.),.UNSPECIFIED.);
#1477=B_SPLINE_CURVE_WITH_KNOTS('',3,(#13732,#13733,#13734,#13735,#13736,
#13737,#13738),.UNSPECIFIED.,.F.,.F.,(4,3,4),(-0.0963889160379898,-0.0481944580189949,
0.),.UNSPECIFIED.);
#1478=B_SPLINE_CURVE_WITH_KNOTS('',2,(#13748,#13749,#13750,#13751),
 .UNSPECIFIED.,.F.,.F.,(3,1,3),(0.,1.,2.),.UNSPECIFIED.);
#1479=B_SPLINE_CURVE_WITH_KNOTS('',3,(#13754,#13755,#13756,#13757,#13758,
#13759,#13760),.UNSPECIFIED.,.F.,.F.,(4,3,4),(-0.109306102874872,-0.054653051437436,
0.),.UNSPECIFIED.);
#1480=B_SPLINE_CURVE_WITH_KNOTS('',2,(#13770,#13771,#13772,#13773),
 .UNSPECIFIED.,.F.,.F.,(3,1,3),(0.,1.,2.),.UNSPECIFIED.);
#1481=B_SPLINE_CURVE_WITH_KNOTS('',3,(#13776,#13777,#13778,#13779,#13780,
#13781,#13782),.UNSPECIFIED.,.F.,.F.,(4,3,4),(-0.132919061653923,-0.0664595308269614,
0.),.UNSPECIFIED.);
#1482=B_SPLINE_CURVE_WITH_KNOTS('',2,(#13792,#13793,#13794,#13795),
 .UNSPECIFIED.,.F.,.F.,(3,1,3),(0.,1.,2.),.UNSPECIFIED.);
#1483=B_SPLINE_CURVE_WITH_KNOTS('',3,(#13798,#13799,#13800,#13801,#13802,
#13803,#13804),.UNSPECIFIED.,.F.,.F.,(4,3,4),(-0.10035730794829,-0.0501786539741451,
0.),.UNSPECIFIED.);
#1484=B_SPLINE_CURVE_WITH_KNOTS('',2,(#13814,#13815,#13816,#13817),
 .UNSPECIFIED.,.F.,.F.,(3,1,3),(0.,1.,2.),.UNSPECIFIED.);
#1485=B_SPLINE_CURVE_WITH_KNOTS('',3,(#13820,#13821,#13822,#13823,#13824,
#13825,#13826),.UNSPECIFIED.,.F.,.F.,(4,3,4),(-0.0691983852485073,-0.0345991926242537,
0.),.UNSPECIFIED.);
#1486=B_SPLINE_CURVE_WITH_KNOTS('',2,(#13836,#13837,#13838,#13839),
 .UNSPECIFIED.,.F.,.F.,(3,1,3),(0.,1.,2.),.UNSPECIFIED.);
#1487=B_SPLINE_CURVE_WITH_KNOTS('',3,(#13842,#13843,#13844,#13845,#13846,
#13847,#13848),.UNSPECIFIED.,.F.,.F.,(4,3,4),(-0.0626513303942876,-0.0313256651971438,
0.),.UNSPECIFIED.);
#1488=B_SPLINE_CURVE_WITH_KNOTS('',3,(#13966,#13967,#13968,#13969,#13970,
#13971,#13972),.UNSPECIFIED.,.F.,.F.,(4,3,4),(-0.123841304941696,-0.0619206524708481,
0.),.UNSPECIFIED.);
#1489=B_SPLINE_CURVE_WITH_KNOTS('',3,(#13974,#13975,#13976,#13977,#13978,
#13979,#13980),.UNSPECIFIED.,.F.,.F.,(4,3,4),(-0.169344375782612,-0.0846721878913061,
0.),.UNSPECIFIED.);
#1490=B_SPLINE_CURVE_WITH_KNOTS('',3,(#13982,#13983,#13984,#13985,#13986,
#13987,#13988),.UNSPECIFIED.,.F.,.F.,(4,3,4),(-0.244115263823294,-0.122057631911647,
0.),.UNSPECIFIED.);
#1491=B_SPLINE_CURVE_WITH_KNOTS('',3,(#13990,#13991,#13992,#13993,#13994,
#13995,#13996),.UNSPECIFIED.,.F.,.F.,(4,3,4),(-0.102571672218648,-0.0512858361093242,
0.),.UNSPECIFIED.);
#1492=B_SPLINE_CURVE_WITH_KNOTS('',3,(#14004,#14005,#14006,#14007,#14008,
#14009,#14010),.UNSPECIFIED.,.F.,.F.,(4,3,4),(-0.134282238341226,-0.0671411191706129,
0.),.UNSPECIFIED.);
#1493=B_SPLINE_CURVE_WITH_KNOTS('',3,(#14012,#14013,#14014,#14015,#14016,
#14017,#14018),.UNSPECIFIED.,.F.,.F.,(4,3,4),(-0.0918376015365438,-0.0459188007682719,
0.),.UNSPECIFIED.);
#1494=B_SPLINE_CURVE_WITH_KNOTS('',3,(#14026,#14027,#14028,#14029,#14030,
#14031,#14032),.UNSPECIFIED.,.F.,.F.,(4,3,4),(-0.283762459321172,-0.141881229660586,
0.),.UNSPECIFIED.);
#1495=B_SPLINE_CURVE_WITH_KNOTS('',3,(#14033,#14034,#14035,#14036,#14037,
#14038,#14039),.UNSPECIFIED.,.F.,.F.,(4,3,4),(-0.169433416025616,-0.0847167080128081,
0.),.UNSPECIFIED.);
#1496=B_SPLINE_CURVE_WITH_KNOTS('',2,(#14059,#14060,#14061,#14062),
 .UNSPECIFIED.,.F.,.F.,(3,1,3),(0.,1.,2.),.UNSPECIFIED.);
#1497=B_SPLINE_CURVE_WITH_KNOTS('',2,(#14073,#14074,#14075,#14076),
 .UNSPECIFIED.,.F.,.F.,(3,1,3),(0.,1.,2.),.UNSPECIFIED.);
#1498=B_SPLINE_CURVE_WITH_KNOTS('',2,(#14088,#14089,#14090,#14091),
 .UNSPECIFIED.,.F.,.F.,(3,1,3),(0.,1.,2.),.UNSPECIFIED.);
#1499=B_SPLINE_CURVE_WITH_KNOTS('',2,(#14103,#14104,#14105,#14106),
 .UNSPECIFIED.,.F.,.F.,(3,1,3),(0.,1.,2.),.UNSPECIFIED.);
#1500=B_SPLINE_CURVE_WITH_KNOTS('',2,(#14117,#14118,#14119,#14120),
 .UNSPECIFIED.,.F.,.F.,(3,1,3),(0.,1.,2.),.UNSPECIFIED.);
#1501=B_SPLINE_CURVE_WITH_KNOTS('',2,(#14131,#14132,#14133,#14134),
 .UNSPECIFIED.,.F.,.F.,(3,1,3),(0.,1.,2.),.UNSPECIFIED.);
#1502=B_SPLINE_CURVE_WITH_KNOTS('',2,(#14149,#14150,#14151,#14152),
 .UNSPECIFIED.,.F.,.F.,(3,1,3),(0.,1.,2.),.UNSPECIFIED.);
#1503=B_SPLINE_CURVE_WITH_KNOTS('',2,(#14162,#14163,#14164,#14165),
 .UNSPECIFIED.,.F.,.F.,(3,1,3),(0.,1.,2.),.UNSPECIFIED.);
#1504=B_SPLINE_CURVE_WITH_KNOTS('',2,(#14353,#14354,#14355,#14356),
 .UNSPECIFIED.,.F.,.F.,(3,1,3),(0.,1.,2.),.UNSPECIFIED.);
#1505=B_SPLINE_CURVE_WITH_KNOTS('',3,(#14360,#14361,#14362,#14363,#14364,
#14365,#14366),.UNSPECIFIED.,.F.,.F.,(4,3,4),(-0.0745222980514558,-0.0372611490257279,
0.),.UNSPECIFIED.);
#1506=B_SPLINE_CURVE_WITH_KNOTS('',2,(#14377,#14378,#14379,#14380),
 .UNSPECIFIED.,.F.,.F.,(3,1,3),(0.,1.,2.),.UNSPECIFIED.);
#1507=B_SPLINE_CURVE_WITH_KNOTS('',3,(#14382,#14383,#14384,#14385,#14386,
#14387,#14388),.UNSPECIFIED.,.F.,.F.,(4,3,4),(-0.154221595604649,-0.0771107978023244,
0.),.UNSPECIFIED.);
#1508=B_SPLINE_CURVE_WITH_KNOTS('',2,(#14423,#14424,#14425,#14426),
 .UNSPECIFIED.,.F.,.F.,(3,1,3),(0.,1.,2.),.UNSPECIFIED.);
#1509=B_SPLINE_CURVE_WITH_KNOTS('',3,(#14429,#14430,#14431,#14432,#14433,
#14434,#14435),.UNSPECIFIED.,.F.,.F.,(4,3,4),(-0.150907796796458,-0.0754538983982289,
0.),.UNSPECIFIED.);
#1510=B_SPLINE_CURVE_WITH_KNOTS('',2,(#14445,#14446,#14447,#14448),
 .UNSPECIFIED.,.F.,.F.,(3,1,3),(0.,1.,2.),.UNSPECIFIED.);
#1511=B_SPLINE_CURVE_WITH_KNOTS('',3,(#14451,#14452,#14453,#14454,#14455,
#14456,#14457),.UNSPECIFIED.,.F.,.F.,(4,3,4),(-0.117106383540948,-0.0585531917704741,
0.),.UNSPECIFIED.);
#1512=B_SPLINE_CURVE_WITH_KNOTS('',2,(#14466,#14467,#14468,#14469),
 .UNSPECIFIED.,.F.,.F.,(3,1,3),(0.,1.,2.),.UNSPECIFIED.);
#1513=B_SPLINE_CURVE_WITH_KNOTS('',3,(#14470,#14471,#14472,#14473,#14474,
#14475,#14476),.UNSPECIFIED.,.F.,.F.,(4,3,4),(-0.11930551109136,-0.0596527555456802,
0.),.UNSPECIFIED.);
#1514=B_SPLINE_CURVE_WITH_KNOTS('',2,(#14486,#14487,#14488,#14489),
 .UNSPECIFIED.,.F.,.F.,(3,1,3),(0.,1.,2.),.UNSPECIFIED.);
#1515=B_SPLINE_CURVE_WITH_KNOTS('',3,(#14492,#14493,#14494,#14495,#14496,
#14497,#14498),.UNSPECIFIED.,.F.,.F.,(4,3,4),(-0.124576491044196,-0.0622882455220982,
0.),.UNSPECIFIED.);
#1516=B_SPLINE_CURVE_WITH_KNOTS('',2,(#14508,#14509,#14510,#14511),
 .UNSPECIFIED.,.F.,.F.,(3,1,3),(0.,1.,2.),.UNSPECIFIED.);
#1517=B_SPLINE_CURVE_WITH_KNOTS('',3,(#14514,#14515,#14516,#14517,#14518,
#14519,#14520),.UNSPECIFIED.,.F.,.F.,(4,3,4),(-0.0404263278378095,-0.0202131639189047,
0.),.UNSPECIFIED.);
#1518=B_SPLINE_CURVE_WITH_KNOTS('',3,(#14602,#14603,#14604,#14605,#14606,
#14607,#14608),.UNSPECIFIED.,.F.,.F.,(4,3,4),(-0.573159809924923,-0.286579904962462,
0.),.UNSPECIFIED.);
#1519=B_SPLINE_CURVE_WITH_KNOTS('',3,(#14610,#14611,#14612,#14613,#14614,
#14615,#14616),.UNSPECIFIED.,.F.,.F.,(4,3,4),(-0.376920106368082,-0.188460053184041,
0.),.UNSPECIFIED.);
#1520=B_SPLINE_CURVE_WITH_KNOTS('',3,(#14618,#14619,#14620,#14621,#14622,
#14623,#14624),.UNSPECIFIED.,.F.,.F.,(4,3,4),(-0.572674008101941,-0.286337004050971,
0.),.UNSPECIFIED.);
#1521=B_SPLINE_CURVE_WITH_KNOTS('',3,(#14625,#14626,#14627,#14628,#14629,
#14630,#14631),.UNSPECIFIED.,.F.,.F.,(4,3,4),(-0.394505279657327,-0.197252639828664,
0.),.UNSPECIFIED.);
#1522=B_SPLINE_CURVE_WITH_KNOTS('',3,(#14634,#14635,#14636,#14637,#14638,
#14639,#14640),.UNSPECIFIED.,.F.,.F.,(4,3,4),(-0.121944354923761,-0.0609721774618805,
0.),.UNSPECIFIED.);
#1523=B_SPLINE_CURVE_WITH_KNOTS('',3,(#14642,#14643,#14644,#14645,#14646,
#14647,#14648),.UNSPECIFIED.,.F.,.F.,(4,3,4),(-0.0703840734908406,-0.0351920367454203,
0.),.UNSPECIFIED.);
#1524=B_SPLINE_CURVE_WITH_KNOTS('',3,(#14650,#14651,#14652,#14653,#14654,
#14655,#14656),.UNSPECIFIED.,.F.,.F.,(4,3,4),(-0.266937246740468,-0.133468623370234,
0.),.UNSPECIFIED.);
#1525=B_SPLINE_CURVE_WITH_KNOTS('',3,(#14658,#14659,#14660,#14661,#14662,
#14663,#14664),.UNSPECIFIED.,.F.,.F.,(4,3,4),(-0.403960584301856,-0.201980292150928,
0.),.UNSPECIFIED.);
#1526=B_SPLINE_CURVE_WITH_KNOTS('',3,(#14666,#14667,#14668,#14669,#14670,
#14671,#14672),.UNSPECIFIED.,.F.,.F.,(4,3,4),(-0.126534271505955,-0.0632671357529775,
0.),.UNSPECIFIED.);
#1527=B_SPLINE_CURVE_WITH_KNOTS('',3,(#14674,#14675,#14676,#14677,#14678,
#14679,#14680),.UNSPECIFIED.,.F.,.F.,(4,3,4),(-0.0663180777790682,-0.0331590388895341,
0.),.UNSPECIFIED.);
#1528=B_SPLINE_CURVE_WITH_KNOTS('',3,(#14682,#14683,#14684,#14685,#14686,
#14687,#14688),.UNSPECIFIED.,.F.,.F.,(4,3,4),(-0.231941774228743,-0.115970887114372,
0.),.UNSPECIFIED.);
#1529=B_SPLINE_CURVE_WITH_KNOTS('',3,(#14689,#14690,#14691,#14692,#14693,
#14694,#14695),.UNSPECIFIED.,.F.,.F.,(4,3,4),(-0.315735974995771,-0.157867987497885,
0.),.UNSPECIFIED.);
#1530=B_SPLINE_CURVE_WITH_KNOTS('',2,(#14706,#14707,#14708,#14709),
 .UNSPECIFIED.,.F.,.F.,(3,1,3),(0.,1.,2.),.UNSPECIFIED.);
#1531=B_SPLINE_CURVE_WITH_KNOTS('',2,(#14721,#14722,#14723,#14724),
 .UNSPECIFIED.,.F.,.F.,(3,1,3),(0.,1.,2.),.UNSPECIFIED.);
#1532=B_SPLINE_CURVE_WITH_KNOTS('',2,(#14735,#14736,#14737,#14738),
 .UNSPECIFIED.,.F.,.F.,(3,1,3),(0.,1.,2.),.UNSPECIFIED.);
#1533=B_SPLINE_CURVE_WITH_KNOTS('',2,(#14749,#14750,#14751,#14752),
 .UNSPECIFIED.,.F.,.F.,(3,1,3),(0.,1.,2.),.UNSPECIFIED.);
#1534=B_SPLINE_CURVE_WITH_KNOTS('',2,(#14764,#14765,#14766,#14767),
 .UNSPECIFIED.,.F.,.F.,(3,1,3),(0.,1.,2.),.UNSPECIFIED.);
#1535=B_SPLINE_CURVE_WITH_KNOTS('',2,(#14779,#14780,#14781,#14782),
 .UNSPECIFIED.,.F.,.F.,(3,1,3),(0.,1.,2.),.UNSPECIFIED.);
#1536=B_SPLINE_CURVE_WITH_KNOTS('',2,(#14793,#14794,#14795,#14796),
 .UNSPECIFIED.,.F.,.F.,(3,1,3),(0.,1.,2.),.UNSPECIFIED.);
#1537=B_SPLINE_CURVE_WITH_KNOTS('',2,(#14807,#14808,#14809,#14810),
 .UNSPECIFIED.,.F.,.F.,(3,1,3),(0.,1.,2.),.UNSPECIFIED.);
#1538=B_SPLINE_CURVE_WITH_KNOTS('',2,(#14821,#14822,#14823,#14824),
 .UNSPECIFIED.,.F.,.F.,(3,1,3),(0.,1.,2.),.UNSPECIFIED.);
#1539=B_SPLINE_CURVE_WITH_KNOTS('',2,(#14834,#14835,#14836,#14837),
 .UNSPECIFIED.,.F.,.F.,(3,1,3),(0.,1.,2.),.UNSPECIFIED.);
#1540=B_SPLINE_CURVE_WITH_KNOTS('',2,(#14847,#14848,#14849,#14850),
 .UNSPECIFIED.,.F.,.F.,(3,1,3),(0.,1.,2.),.UNSPECIFIED.);
#1541=B_SPLINE_CURVE_WITH_KNOTS('',2,(#14860,#14861,#14862,#14863),
 .UNSPECIFIED.,.F.,.F.,(3,1,3),(0.,1.,2.),.UNSPECIFIED.);
#1542=B_SPLINE_CURVE_WITH_KNOTS('',2,(#14888,#14889,#14890,#14891),
 .UNSPECIFIED.,.F.,.F.,(3,1,3),(0.,1.,2.),.UNSPECIFIED.);
#1543=B_SPLINE_CURVE_WITH_KNOTS('',3,(#14894,#14895,#14896,#14897,#14898,
#14899,#14900),.UNSPECIFIED.,.F.,.F.,(4,3,4),(-0.0327427087264332,-0.0163713543632166,
0.),.UNSPECIFIED.);
#1544=B_SPLINE_CURVE_WITH_KNOTS('',2,(#14910,#14911,#14912,#14913),
 .UNSPECIFIED.,.F.,.F.,(3,1,3),(0.,1.,2.),.UNSPECIFIED.);
#1545=B_SPLINE_CURVE_WITH_KNOTS('',3,(#14916,#14917,#14918,#14919,#14920,
#14921,#14922),.UNSPECIFIED.,.F.,.F.,(4,3,4),(-0.0492463144424712,-0.0246231572212356,
0.),.UNSPECIFIED.);
#1546=B_SPLINE_CURVE_WITH_KNOTS('',2,(#14932,#14933,#14934,#14935),
 .UNSPECIFIED.,.F.,.F.,(3,1,3),(0.,1.,2.),.UNSPECIFIED.);
#1547=B_SPLINE_CURVE_WITH_KNOTS('',3,(#14938,#14939,#14940,#14941,#14942,
#14943,#14944),.UNSPECIFIED.,.F.,.F.,(4,3,4),(-0.0529999914952402,-0.0264999957476201,
0.),.UNSPECIFIED.);
#1548=B_SPLINE_CURVE_WITH_KNOTS('',2,(#14954,#14955,#14956,#14957),
 .UNSPECIFIED.,.F.,.F.,(3,1,3),(0.,1.,2.),.UNSPECIFIED.);
#1549=B_SPLINE_CURVE_WITH_KNOTS('',3,(#14960,#14961,#14962,#14963,#14964,
#14965,#14966),.UNSPECIFIED.,.F.,.F.,(4,3,4),(-0.0515543186609646,-0.0257771593304823,
0.),.UNSPECIFIED.);
#1550=B_SPLINE_CURVE_WITH_KNOTS('',2,(#14976,#14977,#14978,#14979),
 .UNSPECIFIED.,.F.,.F.,(3,1,3),(0.,1.,2.),.UNSPECIFIED.);
#1551=B_SPLINE_CURVE_WITH_KNOTS('',3,(#14982,#14983,#14984,#14985,#14986,
#14987,#14988),.UNSPECIFIED.,.F.,.F.,(4,3,4),(-0.112104407806248,-0.0560522039031242,
0.),.UNSPECIFIED.);
#1552=B_SPLINE_CURVE_WITH_KNOTS('',2,(#14998,#14999,#15000,#15001),
 .UNSPECIFIED.,.F.,.F.,(3,1,3),(0.,1.,2.),.UNSPECIFIED.);
#1553=B_SPLINE_CURVE_WITH_KNOTS('',3,(#15004,#15005,#15006,#15007,#15008,
#15009,#15010),.UNSPECIFIED.,.F.,.F.,(4,3,4),(-0.120961031425882,-0.0604805157129411,
0.),.UNSPECIFIED.);
#1554=B_SPLINE_CURVE_WITH_KNOTS('',2,(#15044,#15045,#15046,#15047),
 .UNSPECIFIED.,.F.,.F.,(3,1,3),(0.,1.,2.),.UNSPECIFIED.);
#1555=B_SPLINE_CURVE_WITH_KNOTS('',3,(#15050,#15051,#15052,#15053,#15054,
#15055,#15056),.UNSPECIFIED.,.F.,.F.,(4,3,4),(-0.13555682998582,-0.06777841499291,
0.),.UNSPECIFIED.);
#1556=B_SPLINE_CURVE_WITH_KNOTS('',2,(#15066,#15067,#15068,#15069),
 .UNSPECIFIED.,.F.,.F.,(3,1,3),(0.,1.,2.),.UNSPECIFIED.);
#1557=B_SPLINE_CURVE_WITH_KNOTS('',3,(#15072,#15073,#15074,#15075,#15076,
#15077,#15078),.UNSPECIFIED.,.F.,.F.,(4,3,4),(-0.0722949937386981,-0.036147496869349,
0.),.UNSPECIFIED.);
#1558=B_SPLINE_CURVE_WITH_KNOTS('',2,(#15088,#15089,#15090,#15091),
 .UNSPECIFIED.,.F.,.F.,(3,1,3),(0.,1.,2.),.UNSPECIFIED.);
#1559=B_SPLINE_CURVE_WITH_KNOTS('',3,(#15094,#15095,#15096,#15097,#15098,
#15099,#15100),.UNSPECIFIED.,.F.,.F.,(4,3,4),(-0.069102426334218,-0.034551213167109,
0.),.UNSPECIFIED.);
#1560=B_SPLINE_CURVE_WITH_KNOTS('',2,(#15110,#15111,#15112,#15113),
 .UNSPECIFIED.,.F.,.F.,(3,1,3),(0.,1.,2.),.UNSPECIFIED.);
#1561=B_SPLINE_CURVE_WITH_KNOTS('',3,(#15116,#15117,#15118,#15119,#15120,
#15121,#15122),.UNSPECIFIED.,.F.,.F.,(4,3,4),(-0.207841713341004,-0.103920856670502,
0.),.UNSPECIFIED.);
#1562=B_SPLINE_CURVE_WITH_KNOTS('',2,(#15131,#15132,#15133,#15134),
 .UNSPECIFIED.,.F.,.F.,(3,1,3),(0.,1.,2.),.UNSPECIFIED.);
#1563=B_SPLINE_CURVE_WITH_KNOTS('',3,(#15135,#15136,#15137,#15138,#15139,
#15140,#15141),.UNSPECIFIED.,.F.,.F.,(4,3,4),(-0.0913352668609586,-0.0456676334304793,
0.),.UNSPECIFIED.);
#1564=B_SPLINE_CURVE_WITH_KNOTS('',2,(#15192,#15193,#15194,#15195),
 .UNSPECIFIED.,.F.,.F.,(3,1,3),(0.,1.,2.),.UNSPECIFIED.);
#1565=B_SPLINE_CURVE_WITH_KNOTS('',3,(#15198,#15199,#15200,#15201,#15202,
#15203,#15204),.UNSPECIFIED.,.F.,.F.,(4,3,4),(-0.032742708726403,-0.0163713543632015,
0.),.UNSPECIFIED.);
#1566=B_SPLINE_CURVE_WITH_KNOTS('',2,(#15214,#15215,#15216,#15217),
 .UNSPECIFIED.,.F.,.F.,(3,1,3),(0.,1.,2.),.UNSPECIFIED.);
#1567=B_SPLINE_CURVE_WITH_KNOTS('',3,(#15220,#15221,#15222,#15223,#15224,
#15225,#15226),.UNSPECIFIED.,.F.,.F.,(4,3,4),(-0.0492463144424263,-0.0246231572212131,
0.),.UNSPECIFIED.);
#1568=B_SPLINE_CURVE_WITH_KNOTS('',2,(#15236,#15237,#15238,#15239),
 .UNSPECIFIED.,.F.,.F.,(3,1,3),(0.,1.,2.),.UNSPECIFIED.);
#1569=B_SPLINE_CURVE_WITH_KNOTS('',3,(#15242,#15243,#15244,#15245,#15246,
#15247,#15248),.UNSPECIFIED.,.F.,.F.,(4,3,4),(-0.0529999914951182,-0.0264999957475591,
0.),.UNSPECIFIED.);
#1570=B_SPLINE_CURVE_WITH_KNOTS('',2,(#15258,#15259,#15260,#15261),
 .UNSPECIFIED.,.F.,.F.,(3,1,3),(0.,1.,2.),.UNSPECIFIED.);
#1571=B_SPLINE_CURVE_WITH_KNOTS('',3,(#15264,#15265,#15266,#15267,#15268,
#15269,#15270),.UNSPECIFIED.,.F.,.F.,(4,3,4),(-0.0515543186611401,-0.02577715933057,
0.),.UNSPECIFIED.);
#1572=B_SPLINE_CURVE_WITH_KNOTS('',2,(#15280,#15281,#15282,#15283),
 .UNSPECIFIED.,.F.,.F.,(3,1,3),(0.,1.,2.),.UNSPECIFIED.);
#1573=B_SPLINE_CURVE_WITH_KNOTS('',3,(#15286,#15287,#15288,#15289,#15290,
#15291,#15292),.UNSPECIFIED.,.F.,.F.,(4,3,4),(-0.112104407806251,-0.0560522039031254,
0.),.UNSPECIFIED.);
#1574=B_SPLINE_CURVE_WITH_KNOTS('',2,(#15302,#15303,#15304,#15305),
 .UNSPECIFIED.,.F.,.F.,(3,1,3),(0.,1.,2.),.UNSPECIFIED.);
#1575=B_SPLINE_CURVE_WITH_KNOTS('',3,(#15308,#15309,#15310,#15311,#15312,
#15313,#15314),.UNSPECIFIED.,.F.,.F.,(4,3,4),(-0.120961031425895,-0.0604805157129475,
0.),.UNSPECIFIED.);
#1576=B_SPLINE_CURVE_WITH_KNOTS('',2,(#15348,#15349,#15350,#15351),
 .UNSPECIFIED.,.F.,.F.,(3,1,3),(0.,1.,2.),.UNSPECIFIED.);
#1577=B_SPLINE_CURVE_WITH_KNOTS('',3,(#15354,#15355,#15356,#15357,#15358,
#15359,#15360),.UNSPECIFIED.,.F.,.F.,(4,3,4),(-0.135556829986016,-0.0677784149930078,
0.),.UNSPECIFIED.);
#1578=B_SPLINE_CURVE_WITH_KNOTS('',2,(#15370,#15371,#15372,#15373),
 .UNSPECIFIED.,.F.,.F.,(3,1,3),(0.,1.,2.),.UNSPECIFIED.);
#1579=B_SPLINE_CURVE_WITH_KNOTS('',3,(#15376,#15377,#15378,#15379,#15380,
#15381,#15382),.UNSPECIFIED.,.F.,.F.,(4,3,4),(-0.0722949937387262,-0.0361474968693631,
0.),.UNSPECIFIED.);
#1580=B_SPLINE_CURVE_WITH_KNOTS('',2,(#15392,#15393,#15394,#15395),
 .UNSPECIFIED.,.F.,.F.,(3,1,3),(0.,1.,2.),.UNSPECIFIED.);
#1581=B_SPLINE_CURVE_WITH_KNOTS('',3,(#15398,#15399,#15400,#15401,#15402,
#15403,#15404),.UNSPECIFIED.,.F.,.F.,(4,3,4),(-0.0691024263342078,-0.0345512131671039,
0.),.UNSPECIFIED.);
#1582=B_SPLINE_CURVE_WITH_KNOTS('',2,(#15414,#15415,#15416,#15417),
 .UNSPECIFIED.,.F.,.F.,(3,1,3),(0.,1.,2.),.UNSPECIFIED.);
#1583=B_SPLINE_CURVE_WITH_KNOTS('',3,(#15420,#15421,#15422,#15423,#15424,
#15425,#15426),.UNSPECIFIED.,.F.,.F.,(4,3,4),(-0.207841713341091,-0.103920856670546,
0.),.UNSPECIFIED.);
#1584=B_SPLINE_CURVE_WITH_KNOTS('',2,(#15435,#15436,#15437,#15438),
 .UNSPECIFIED.,.F.,.F.,(3,1,3),(0.,1.,2.),.UNSPECIFIED.);
#1585=B_SPLINE_CURVE_WITH_KNOTS('',3,(#15439,#15440,#15441,#15442,#15443,
#15444,#15445),.UNSPECIFIED.,.F.,.F.,(4,3,4),(-0.091335266860978,-0.045667633430489,
0.),.UNSPECIFIED.);
#1586=B_SPLINE_CURVE_WITH_KNOTS('',3,(#15450,#15451,#15452,#15453,#15454,
#15455,#15456),.UNSPECIFIED.,.F.,.F.,(4,3,4),(-0.573159809925601,-0.2865799049628,
0.),.UNSPECIFIED.);
#1587=B_SPLINE_CURVE_WITH_KNOTS('',3,(#15458,#15459,#15460,#15461,#15462,
#15463,#15464),.UNSPECIFIED.,.F.,.F.,(4,3,4),(-0.376920106369133,-0.188460053184566,
0.),.UNSPECIFIED.);
#1588=B_SPLINE_CURVE_WITH_KNOTS('',3,(#15466,#15467,#15468,#15469,#15470,
#15471,#15472),.UNSPECIFIED.,.F.,.F.,(4,3,4),(-0.572674008104836,-0.286337004052418,
0.),.UNSPECIFIED.);
#1589=B_SPLINE_CURVE_WITH_KNOTS('',3,(#15473,#15474,#15475,#15476,#15477,
#15478,#15479),.UNSPECIFIED.,.F.,.F.,(4,3,4),(-0.394505279658217,-0.197252639829109,
0.),.UNSPECIFIED.);
#1590=B_SPLINE_CURVE_WITH_KNOTS('',3,(#15482,#15483,#15484,#15485,#15486,
#15487,#15488),.UNSPECIFIED.,.F.,.F.,(4,3,4),(-0.121944354922898,-0.060972177461449,
0.),.UNSPECIFIED.);
#1591=B_SPLINE_CURVE_WITH_KNOTS('',3,(#15490,#15491,#15492,#15493,#15494,
#15495,#15496),.UNSPECIFIED.,.F.,.F.,(4,3,4),(-0.0703840734915867,-0.0351920367457933,
0.),.UNSPECIFIED.);
#1592=B_SPLINE_CURVE_WITH_KNOTS('',3,(#15498,#15499,#15500,#15501,#15502,
#15503,#15504),.UNSPECIFIED.,.F.,.F.,(4,3,4),(-0.266937246740887,-0.133468623370443,
0.),.UNSPECIFIED.);
#1593=B_SPLINE_CURVE_WITH_KNOTS('',3,(#15506,#15507,#15508,#15509,#15510,
#15511,#15512),.UNSPECIFIED.,.F.,.F.,(4,3,4),(-0.40396058430202,-0.20198029215101,
0.),.UNSPECIFIED.);
#1594=B_SPLINE_CURVE_WITH_KNOTS('',3,(#15514,#15515,#15516,#15517,#15518,
#15519,#15520),.UNSPECIFIED.,.F.,.F.,(4,3,4),(-0.126534271506657,-0.0632671357533287,
0.),.UNSPECIFIED.);
#1595=B_SPLINE_CURVE_WITH_KNOTS('',3,(#15522,#15523,#15524,#15525,#15526,
#15527,#15528),.UNSPECIFIED.,.F.,.F.,(4,3,4),(-0.0663180777787164,-0.0331590388893582,
0.),.UNSPECIFIED.);
#1596=B_SPLINE_CURVE_WITH_KNOTS('',3,(#15530,#15531,#15532,#15533,#15534,
#15535,#15536),.UNSPECIFIED.,.F.,.F.,(4,3,4),(-0.231941774228871,-0.115970887114435,
0.),.UNSPECIFIED.);
#1597=B_SPLINE_CURVE_WITH_KNOTS('',3,(#15537,#15538,#15539,#15540,#15541,
#15542,#15543),.UNSPECIFIED.,.F.,.F.,(4,3,4),(-0.315735974995671,-0.157867987497836,
0.),.UNSPECIFIED.);
#1598=B_SPLINE_CURVE_WITH_KNOTS('',2,(#15554,#15555,#15556,#15557),
 .UNSPECIFIED.,.F.,.F.,(3,1,3),(0.,1.,2.),.UNSPECIFIED.);
#1599=B_SPLINE_CURVE_WITH_KNOTS('',2,(#15569,#15570,#15571,#15572),
 .UNSPECIFIED.,.F.,.F.,(3,1,3),(0.,1.,2.),.UNSPECIFIED.);
#1600=B_SPLINE_CURVE_WITH_KNOTS('',2,(#15583,#15584,#15585,#15586),
 .UNSPECIFIED.,.F.,.F.,(3,1,3),(0.,1.,2.),.UNSPECIFIED.);
#1601=B_SPLINE_CURVE_WITH_KNOTS('',2,(#15597,#15598,#15599,#15600),
 .UNSPECIFIED.,.F.,.F.,(3,1,3),(0.,1.,2.),.UNSPECIFIED.);
#1602=B_SPLINE_CURVE_WITH_KNOTS('',2,(#15612,#15613,#15614,#15615),
 .UNSPECIFIED.,.F.,.F.,(3,1,3),(0.,1.,2.),.UNSPECIFIED.);
#1603=B_SPLINE_CURVE_WITH_KNOTS('',2,(#15627,#15628,#15629,#15630),
 .UNSPECIFIED.,.F.,.F.,(3,1,3),(0.,1.,2.),.UNSPECIFIED.);
#1604=B_SPLINE_CURVE_WITH_KNOTS('',2,(#15641,#15642,#15643,#15644),
 .UNSPECIFIED.,.F.,.F.,(3,1,3),(0.,1.,2.),.UNSPECIFIED.);
#1605=B_SPLINE_CURVE_WITH_KNOTS('',2,(#15655,#15656,#15657,#15658),
 .UNSPECIFIED.,.F.,.F.,(3,1,3),(0.,1.,2.),.UNSPECIFIED.);
#1606=B_SPLINE_CURVE_WITH_KNOTS('',2,(#15669,#15670,#15671,#15672),
 .UNSPECIFIED.,.F.,.F.,(3,1,3),(0.,1.,2.),.UNSPECIFIED.);
#1607=B_SPLINE_CURVE_WITH_KNOTS('',2,(#15682,#15683,#15684,#15685),
 .UNSPECIFIED.,.F.,.F.,(3,1,3),(0.,1.,2.),.UNSPECIFIED.);
#1608=B_SPLINE_CURVE_WITH_KNOTS('',2,(#15695,#15696,#15697,#15698),
 .UNSPECIFIED.,.F.,.F.,(3,1,3),(0.,1.,2.),.UNSPECIFIED.);
#1609=B_SPLINE_CURVE_WITH_KNOTS('',2,(#15708,#15709,#15710,#15711),
 .UNSPECIFIED.,.F.,.F.,(3,1,3),(0.,1.,2.),.UNSPECIFIED.);
#1610=B_SPLINE_CURVE_WITH_KNOTS('',2,(#15736,#15737,#15738,#15739),
 .UNSPECIFIED.,.F.,.F.,(3,1,3),(0.,1.,2.),.UNSPECIFIED.);
#1611=B_SPLINE_CURVE_WITH_KNOTS('',3,(#15742,#15743,#15744,#15745,#15746,
#15747,#15748),.UNSPECIFIED.,.F.,.F.,(4,3,4),(-0.0375469555627256,-0.0187734777813628,
0.),.UNSPECIFIED.);
#1612=B_SPLINE_CURVE_WITH_KNOTS('',2,(#15758,#15759,#15760,#15761),
 .UNSPECIFIED.,.F.,.F.,(3,1,3),(0.,1.,2.),.UNSPECIFIED.);
#1613=B_SPLINE_CURVE_WITH_KNOTS('',3,(#15764,#15765,#15766,#15767,#15768,
#15769,#15770),.UNSPECIFIED.,.F.,.F.,(4,3,4),(-0.176309387174257,-0.0881546935871284,
0.),.UNSPECIFIED.);
#1614=B_SPLINE_CURVE_WITH_KNOTS('',2,(#15780,#15781,#15782,#15783),
 .UNSPECIFIED.,.F.,.F.,(3,1,3),(0.,1.,2.),.UNSPECIFIED.);
#1615=B_SPLINE_CURVE_WITH_KNOTS('',3,(#15786,#15787,#15788,#15789,#15790,
#15791,#15792),.UNSPECIFIED.,.F.,.F.,(4,3,4),(-0.163469995760997,-0.0817349978804983,
0.),.UNSPECIFIED.);
#1616=B_SPLINE_CURVE_WITH_KNOTS('',2,(#15802,#15803,#15804,#15805),
 .UNSPECIFIED.,.F.,.F.,(3,1,3),(0.,1.,2.),.UNSPECIFIED.);
#1617=B_SPLINE_CURVE_WITH_KNOTS('',3,(#15808,#15809,#15810,#15811,#15812,
#15813,#15814),.UNSPECIFIED.,.F.,.F.,(4,3,4),(-0.15825468146867,-0.0791273407343348,
0.),.UNSPECIFIED.);
#1618=B_SPLINE_CURVE_WITH_KNOTS('',2,(#15824,#15825,#15826,#15827),
 .UNSPECIFIED.,.F.,.F.,(3,1,3),(0.,1.,2.),.UNSPECIFIED.);
#1619=B_SPLINE_CURVE_WITH_KNOTS('',3,(#15830,#15831,#15832,#15833,#15834,
#15835,#15836),.UNSPECIFIED.,.F.,.F.,(4,3,4),(-0.110979919909014,-0.0554899599545071,
0.),.UNSPECIFIED.);
#1620=B_SPLINE_CURVE_WITH_KNOTS('',2,(#15847,#15848,#15849,#15850),
 .UNSPECIFIED.,.F.,.F.,(3,1,3),(0.,1.,2.),.UNSPECIFIED.);
#1621=B_SPLINE_CURVE_WITH_KNOTS('',3,(#15854,#15855,#15856,#15857,#15858,
#15859,#15860),.UNSPECIFIED.,.F.,.F.,(4,3,4),(-0.0687740038214723,-0.0343870019107362,
0.),.UNSPECIFIED.);
#1622=B_SPLINE_CURVE_WITH_KNOTS('',2,(#15871,#15872,#15873,#15874),
 .UNSPECIFIED.,.F.,.F.,(3,1,3),(0.,1.,2.),.UNSPECIFIED.);
#1623=B_SPLINE_CURVE_WITH_KNOTS('',3,(#15876,#15877,#15878,#15879,#15880,
#15881,#15882,#15883),.UNSPECIFIED.,.F.,.F.,(4,2,2,4),(-0.0609634559080421,
-0.045863644248426,-0.0307885193634483,0.),.UNSPECIFIED.);
#1624=B_SPLINE_CURVE_WITH_KNOTS('',2,(#15894,#15895,#15896,#15897),
 .UNSPECIFIED.,.F.,.F.,(3,1,3),(0.,1.,2.),.UNSPECIFIED.);
#1625=B_SPLINE_CURVE_WITH_KNOTS('',3,(#15899,#15900,#15901,#15902,#15903,
#15904,#15905),.UNSPECIFIED.,.F.,.F.,(4,3,4),(-0.151814827185885,-0.0759074135929425,
0.),.UNSPECIFIED.);
#1626=B_SPLINE_CURVE_WITH_KNOTS('',2,(#15916,#15917,#15918,#15919),
 .UNSPECIFIED.,.F.,.F.,(3,1,3),(0.,1.,2.),.UNSPECIFIED.);
#1627=B_SPLINE_CURVE_WITH_KNOTS('',3,(#15922,#15923,#15924,#15925,#15926,
#15927,#15928),.UNSPECIFIED.,.F.,.F.,(4,3,4),(-0.0978946350129332,-0.0489473175064666,
0.),.UNSPECIFIED.);
#1628=B_SPLINE_CURVE_WITH_KNOTS('',2,(#15938,#15939,#15940,#15941),
 .UNSPECIFIED.,.F.,.F.,(3,1,3),(0.,1.,2.),.UNSPECIFIED.);
#1629=B_SPLINE_CURVE_WITH_KNOTS('',3,(#15944,#15945,#15946,#15947,#15948,
#15949,#15950),.UNSPECIFIED.,.F.,.F.,(4,3,4),(-0.139948833448394,-0.069974416724197,
0.),.UNSPECIFIED.);
#1630=B_SPLINE_CURVE_WITH_KNOTS('',2,(#15960,#15961,#15962,#15963),
 .UNSPECIFIED.,.F.,.F.,(3,1,3),(0.,1.,2.),.UNSPECIFIED.);
#1631=B_SPLINE_CURVE_WITH_KNOTS('',3,(#15966,#15967,#15968,#15969,#15970,
#15971,#15972),.UNSPECIFIED.,.F.,.F.,(4,3,4),(-0.106864672080102,-0.053432336040051,
0.),.UNSPECIFIED.);
#1632=B_SPLINE_CURVE_WITH_KNOTS('',2,(#15982,#15983,#15984,#15985),
 .UNSPECIFIED.,.F.,.F.,(3,1,3),(0.,1.,2.),.UNSPECIFIED.);
#1633=B_SPLINE_CURVE_WITH_KNOTS('',3,(#15988,#15989,#15990,#15991,#15992,
#15993,#15994),.UNSPECIFIED.,.F.,.F.,(4,3,4),(-0.0723080027291018,-0.0361540013645509,
0.),.UNSPECIFIED.);
#1634=B_SPLINE_CURVE_WITH_KNOTS('',2,(#16004,#16005,#16006,#16007),
 .UNSPECIFIED.,.F.,.F.,(3,1,3),(0.,1.,2.),.UNSPECIFIED.);
#1635=B_SPLINE_CURVE_WITH_KNOTS('',3,(#16010,#16011,#16012,#16013,#16014,
#16015,#16016),.UNSPECIFIED.,.F.,.F.,(4,3,4),(-0.0755876729756053,-0.0377938364878026,
0.),.UNSPECIFIED.);
#1636=B_SPLINE_CURVE_WITH_KNOTS('',2,(#16026,#16027,#16028,#16029),
 .UNSPECIFIED.,.F.,.F.,(3,1,3),(0.,1.,2.),.UNSPECIFIED.);
#1637=B_SPLINE_CURVE_WITH_KNOTS('',3,(#16032,#16033,#16034,#16035,#16036,
#16037,#16038),.UNSPECIFIED.,.F.,.F.,(4,3,4),(-0.183634823233785,-0.0918174116168923,
0.),.UNSPECIFIED.);
#1638=B_SPLINE_CURVE_WITH_KNOTS('',2,(#16047,#16048,#16049,#16050),
 .UNSPECIFIED.,.F.,.F.,(3,1,3),(0.,1.,2.),.UNSPECIFIED.);
#1639=B_SPLINE_CURVE_WITH_KNOTS('',3,(#16051,#16052,#16053,#16054,#16055,
#16056,#16057),.UNSPECIFIED.,.F.,.F.,(4,3,4),(-0.0457736265366663,-0.0228868132683332,
0.),.UNSPECIFIED.);
#1640=B_SPLINE_CURVE_WITH_KNOTS('',2,(#16067,#16068,#16069,#16070),
 .UNSPECIFIED.,.F.,.F.,(3,1,3),(0.,1.,2.),.UNSPECIFIED.);
#1641=B_SPLINE_CURVE_WITH_KNOTS('',3,(#16073,#16074,#16075,#16076,#16077,
#16078,#16079),.UNSPECIFIED.,.F.,.F.,(4,3,4),(-0.244009567331396,-0.122004783665698,
0.),.UNSPECIFIED.);
#1642=B_SPLINE_CURVE_WITH_KNOTS('',2,(#16089,#16090,#16091,#16092),
 .UNSPECIFIED.,.F.,.F.,(3,1,3),(0.,1.,2.),.UNSPECIFIED.);
#1643=B_SPLINE_CURVE_WITH_KNOTS('',3,(#16095,#16096,#16097,#16098,#16099,
#16100,#16101),.UNSPECIFIED.,.F.,.F.,(4,3,4),(-0.145982167999676,-0.0729910839998381,
0.),.UNSPECIFIED.);
#1644=B_SPLINE_CURVE_WITH_KNOTS('',2,(#16111,#16112,#16113,#16114),
 .UNSPECIFIED.,.F.,.F.,(3,1,3),(0.,1.,2.),.UNSPECIFIED.);
#1645=B_SPLINE_CURVE_WITH_KNOTS('',3,(#16117,#16118,#16119,#16120,#16121,
#16122,#16123),.UNSPECIFIED.,.F.,.F.,(4,3,4),(-0.0873372183394106,-0.0436686091697053,
0.),.UNSPECIFIED.);
#1646=B_SPLINE_CURVE_WITH_KNOTS('',2,(#16132,#16133,#16134,#16135),
 .UNSPECIFIED.,.F.,.F.,(3,1,3),(0.,1.,2.),.UNSPECIFIED.);
#1647=B_SPLINE_CURVE_WITH_KNOTS('',3,(#16136,#16137,#16138,#16139,#16140,
#16141,#16142),.UNSPECIFIED.,.F.,.F.,(4,3,4),(-0.0956244569800518,-0.0478122284900259,
0.),.UNSPECIFIED.);
#1648=LINE('',#10522,#2515);
#1649=LINE('',#10524,#2516);
#1650=LINE('',#10526,#2517);
#1651=LINE('',#10528,#2518);
#1652=LINE('',#10569,#2519);
#1653=LINE('',#10571,#2520);
#1654=LINE('',#10633,#2521);
#1655=LINE('',#10634,#2522);
#1656=LINE('',#10648,#2523);
#1657=LINE('',#10662,#2524);
#1658=LINE('',#10676,#2525);
#1659=LINE('',#10690,#2526);
#1660=LINE('',#10693,#2527);
#1661=LINE('',#10694,#2528);
#1662=LINE('',#10697,#2529);
#1663=LINE('',#10698,#2530);
#1664=LINE('',#10701,#2531);
#1665=LINE('',#10702,#2532);
#1666=LINE('',#10705,#2533);
#1667=LINE('',#10706,#2534);
#1668=LINE('',#10720,#2535);
#1669=LINE('',#10734,#2536);
#1670=LINE('',#10748,#2537);
#1671=LINE('',#10762,#2538);
#1672=LINE('',#10776,#2539);
#1673=LINE('',#10790,#2540);
#1674=LINE('',#10793,#2541);
#1675=LINE('',#10794,#2542);
#1676=LINE('',#10796,#2543);
#1677=LINE('',#10800,#2544);
#1678=LINE('',#10802,#2545);
#1679=LINE('',#10804,#2546);
#1680=LINE('',#10805,#2547);
#1681=LINE('',#10808,#2548);
#1682=LINE('',#10810,#2549);
#1683=LINE('',#10811,#2550);
#1684=LINE('',#10814,#2551);
#1685=LINE('',#10816,#2552);
#1686=LINE('',#10817,#2553);
#1687=LINE('',#10820,#2554);
#1688=LINE('',#10822,#2555);
#1689=LINE('',#10823,#2556);
#1690=LINE('',#10827,#2557);
#1691=LINE('',#10829,#2558);
#1692=LINE('',#10831,#2559);
#1693=LINE('',#10832,#2560);
#1694=LINE('',#10835,#2561);
#1695=LINE('',#10837,#2562);
#1696=LINE('',#10838,#2563);
#1697=LINE('',#10841,#2564);
#1698=LINE('',#10843,#2565);
#1699=LINE('',#10844,#2566);
#1700=LINE('',#10847,#2567);
#1701=LINE('',#10849,#2568);
#1702=LINE('',#10850,#2569);
#1703=LINE('',#10852,#2570);
#1704=LINE('',#10853,#2571);
#1705=LINE('',#10856,#2572);
#1706=LINE('',#10858,#2573);
#1707=LINE('',#10859,#2574);
#1708=LINE('',#10861,#2575);
#1709=LINE('',#10862,#2576);
#1710=LINE('',#10899,#2577);
#1711=LINE('',#10901,#2578);
#1712=LINE('',#10902,#2579);
#1713=LINE('',#10921,#2580);
#1714=LINE('',#10923,#2581);
#1715=LINE('',#10925,#2582);
#1716=LINE('',#10944,#2583);
#1717=LINE('',#10945,#2584);
#1718=LINE('',#10946,#2585);
#1719=LINE('',#10949,#2586);
#1720=LINE('',#10950,#2587);
#1721=LINE('',#10964,#2588);
#1722=LINE('',#10978,#2589);
#1723=LINE('',#10993,#2590);
#1724=LINE('',#10994,#2591);
#1725=LINE('',#11008,#2592);
#1726=LINE('',#11022,#2593);
#1727=LINE('',#11036,#2594);
#1728=LINE('',#11039,#2595);
#1729=LINE('',#11040,#2596);
#1730=LINE('',#11054,#2597);
#1731=LINE('',#11069,#2598);
#1732=LINE('',#11070,#2599);
#1733=LINE('',#11073,#2600);
#1734=LINE('',#11074,#2601);
#1735=LINE('',#11076,#2602);
#1736=LINE('',#11080,#2603);
#1737=LINE('',#11082,#2604);
#1738=LINE('',#11084,#2605);
#1739=LINE('',#11085,#2606);
#1740=LINE('',#11088,#2607);
#1741=LINE('',#11090,#2608);
#1742=LINE('',#11091,#2609);
#1743=LINE('',#11094,#2610);
#1744=LINE('',#11096,#2611);
#1745=LINE('',#11097,#2612);
#1746=LINE('',#11100,#2613);
#1747=LINE('',#11102,#2614);
#1748=LINE('',#11103,#2615);
#1749=LINE('',#11106,#2616);
#1750=LINE('',#11108,#2617);
#1751=LINE('',#11109,#2618);
#1752=LINE('',#11112,#2619);
#1753=LINE('',#11114,#2620);
#1754=LINE('',#11115,#2621);
#1755=LINE('',#11118,#2622);
#1756=LINE('',#11120,#2623);
#1757=LINE('',#11121,#2624);
#1758=LINE('',#11124,#2625);
#1759=LINE('',#11126,#2626);
#1760=LINE('',#11127,#2627);
#1761=LINE('',#11130,#2628);
#1762=LINE('',#11132,#2629);
#1763=LINE('',#11133,#2630);
#1764=LINE('',#11136,#2631);
#1765=LINE('',#11138,#2632);
#1766=LINE('',#11139,#2633);
#1767=LINE('',#11142,#2634);
#1768=LINE('',#11144,#2635);
#1769=LINE('',#11145,#2636);
#1770=LINE('',#11148,#2637);
#1771=LINE('',#11150,#2638);
#1772=LINE('',#11151,#2639);
#1773=LINE('',#11153,#2640);
#1774=LINE('',#11154,#2641);
#1775=LINE('',#11159,#2642);
#1776=LINE('',#11161,#2643);
#1777=LINE('',#11163,#2644);
#1778=LINE('',#11165,#2645);
#1779=LINE('',#11167,#2646);
#1780=LINE('',#11169,#2647);
#1781=LINE('',#11171,#2648);
#1782=LINE('',#11172,#2649);
#1783=LINE('',#11175,#2650);
#1784=LINE('',#11177,#2651);
#1785=LINE('',#11178,#2652);
#1786=LINE('',#11182,#2653);
#1787=LINE('',#11183,#2654);
#1788=LINE('',#11184,#2655);
#1789=LINE('',#11187,#2656);
#1790=LINE('',#11188,#2657);
#1791=LINE('',#11192,#2658);
#1792=LINE('',#11193,#2659);
#1793=LINE('',#11194,#2660);
#1794=LINE('',#11197,#2661);
#1795=LINE('',#11198,#2662);
#1796=LINE('',#11201,#2663);
#1797=LINE('',#11202,#2664);
#1798=LINE('',#11205,#2665);
#1799=LINE('',#11206,#2666);
#1800=LINE('',#11208,#2667);
#1801=LINE('',#11211,#2668);
#1802=LINE('',#11212,#2669);
#1803=LINE('',#11215,#2670);
#1804=LINE('',#11216,#2671);
#1805=LINE('',#11219,#2672);
#1806=LINE('',#11220,#2673);
#1807=LINE('',#11222,#2674);
#1808=LINE('',#11238,#2675);
#1809=LINE('',#11247,#2676);
#1810=LINE('',#11262,#2677);
#1811=LINE('',#11284,#2678);
#1812=LINE('',#11306,#2679);
#1813=LINE('',#11316,#2680);
#1814=LINE('',#11318,#2681);
#1815=LINE('',#11319,#2682);
#1816=LINE('',#11322,#2683);
#1817=LINE('',#11324,#2684);
#1818=LINE('',#11325,#2685);
#1819=LINE('',#11340,#2686);
#1820=LINE('',#11362,#2687);
#1821=LINE('',#11384,#2688);
#1822=LINE('',#11406,#2689);
#1823=LINE('',#11428,#2690);
#1824=LINE('',#11450,#2691);
#1825=LINE('',#11472,#2692);
#1826=LINE('',#11493,#2693);
#1827=LINE('',#11503,#2694);
#1828=LINE('',#11505,#2695);
#1829=LINE('',#11506,#2696);
#1830=LINE('',#11509,#2697);
#1831=LINE('',#11511,#2698);
#1832=LINE('',#11512,#2699);
#1833=LINE('',#11527,#2700);
#1834=LINE('',#11549,#2701);
#1835=LINE('',#11571,#2702);
#1836=LINE('',#11602,#2703);
#1837=LINE('',#11667,#2704);
#1838=LINE('',#11669,#2705);
#1839=LINE('',#11734,#2706);
#1840=LINE('',#11738,#2707);
#1841=LINE('',#11739,#2708);
#1842=LINE('',#11740,#2709);
#1843=LINE('',#11754,#2710);
#1844=LINE('',#11768,#2711);
#1845=LINE('',#11782,#2712);
#1846=LINE('',#11796,#2713);
#1847=LINE('',#11810,#2714);
#1848=LINE('',#11824,#2715);
#1849=LINE('',#11838,#2716);
#1850=LINE('',#11852,#2717);
#1851=LINE('',#11855,#2718);
#1852=LINE('',#11856,#2719);
#1853=LINE('',#11859,#2720);
#1854=LINE('',#11860,#2721);
#1855=LINE('',#11874,#2722);
#1856=LINE('',#11888,#2723);
#1857=LINE('',#11902,#2724);
#1858=LINE('',#11916,#2725);
#1859=LINE('',#11930,#2726);
#1860=LINE('',#11944,#2727);
#1861=LINE('',#11958,#2728);
#1862=LINE('',#11972,#2729);
#1863=LINE('',#11974,#2730);
#1864=LINE('',#11978,#2731);
#1865=LINE('',#11980,#2732);
#1866=LINE('',#11982,#2733);
#1867=LINE('',#11983,#2734);
#1868=LINE('',#11998,#2735);
#1869=LINE('',#12020,#2736);
#1870=LINE('',#12042,#2737);
#1871=LINE('',#12064,#2738);
#1872=LINE('',#12085,#2739);
#1873=LINE('',#12107,#2740);
#1874=LINE('',#12129,#2741);
#1875=LINE('',#12151,#2742);
#1876=LINE('',#12161,#2743);
#1877=LINE('',#12163,#2744);
#1878=LINE('',#12164,#2745);
#1879=LINE('',#12167,#2746);
#1880=LINE('',#12169,#2747);
#1881=LINE('',#12170,#2748);
#1882=LINE('',#12185,#2749);
#1883=LINE('',#12207,#2750);
#1884=LINE('',#12228,#2751);
#1885=LINE('',#12250,#2752);
#1886=LINE('',#12272,#2753);
#1887=LINE('',#12294,#2754);
#1888=LINE('',#12316,#2755);
#1889=LINE('',#12338,#2756);
#1890=LINE('',#12346,#2757);
#1891=LINE('',#12347,#2758);
#1892=LINE('',#12384,#2759);
#1893=LINE('',#12386,#2760);
#1894=LINE('',#12388,#2761);
#1895=LINE('',#12422,#2762);
#1896=LINE('',#12424,#2763);
#1897=LINE('',#12425,#2764);
#1898=LINE('',#12429,#2765);
#1899=LINE('',#12430,#2766);
#1900=LINE('',#12431,#2767);
#1901=LINE('',#12434,#2768);
#1902=LINE('',#12435,#2769);
#1903=LINE('',#12438,#2770);
#1904=LINE('',#12439,#2771);
#1905=LINE('',#12453,#2772);
#1906=LINE('',#12467,#2773);
#1907=LINE('',#12481,#2774);
#1908=LINE('',#12495,#2775);
#1909=LINE('',#12498,#2776);
#1910=LINE('',#12499,#2777);
#1911=LINE('',#12502,#2778);
#1912=LINE('',#12503,#2779);
#1913=LINE('',#12506,#2780);
#1914=LINE('',#12507,#2781);
#1915=LINE('',#12521,#2782);
#1916=LINE('',#12535,#2783);
#1917=LINE('',#12549,#2784);
#1918=LINE('',#12565,#2785);
#1919=LINE('',#12567,#2786);
#1920=LINE('',#12569,#2787);
#1921=LINE('',#12570,#2788);
#1922=LINE('',#12573,#2789);
#1923=LINE('',#12575,#2790);
#1924=LINE('',#12576,#2791);
#1925=LINE('',#12579,#2792);
#1926=LINE('',#12581,#2793);
#1927=LINE('',#12582,#2794);
#1928=LINE('',#12585,#2795);
#1929=LINE('',#12587,#2796);
#1930=LINE('',#12588,#2797);
#1931=LINE('',#12591,#2798);
#1932=LINE('',#12593,#2799);
#1933=LINE('',#12594,#2800);
#1934=LINE('',#12597,#2801);
#1935=LINE('',#12599,#2802);
#1936=LINE('',#12600,#2803);
#1937=LINE('',#12603,#2804);
#1938=LINE('',#12605,#2805);
#1939=LINE('',#12606,#2806);
#1940=LINE('',#12609,#2807);
#1941=LINE('',#12611,#2808);
#1942=LINE('',#12612,#2809);
#1943=LINE('',#12615,#2810);
#1944=LINE('',#12617,#2811);
#1945=LINE('',#12618,#2812);
#1946=LINE('',#12621,#2813);
#1947=LINE('',#12623,#2814);
#1948=LINE('',#12624,#2815);
#1949=LINE('',#12627,#2816);
#1950=LINE('',#12629,#2817);
#1951=LINE('',#12630,#2818);
#1952=LINE('',#12632,#2819);
#1953=LINE('',#12633,#2820);
#1954=LINE('',#12670,#2821);
#1955=LINE('',#12672,#2822);
#1956=LINE('',#12737,#2823);
#1957=LINE('',#12739,#2824);
#1958=LINE('',#12784,#2825);
#1959=LINE('',#12785,#2826);
#1960=LINE('',#12799,#2827);
#1961=LINE('',#12813,#2828);
#1962=LINE('',#12827,#2829);
#1963=LINE('',#12830,#2830);
#1964=LINE('',#12831,#2831);
#1965=LINE('',#12834,#2832);
#1966=LINE('',#12835,#2833);
#1967=LINE('',#12849,#2834);
#1968=LINE('',#12863,#2835);
#1969=LINE('',#12877,#2836);
#1970=LINE('',#12891,#2837);
#1971=LINE('',#12905,#2838);
#1972=LINE('',#12919,#2839);
#1973=LINE('',#12933,#2840);
#1974=LINE('',#12947,#2841);
#1975=LINE('',#12950,#2842);
#1976=LINE('',#12951,#2843);
#1977=LINE('',#12954,#2844);
#1978=LINE('',#12955,#2845);
#1979=LINE('',#12969,#2846);
#1980=LINE('',#12983,#2847);
#1981=LINE('',#12997,#2848);
#1982=LINE('',#13013,#2849);
#1983=LINE('',#13015,#2850);
#1984=LINE('',#13017,#2851);
#1985=LINE('',#13018,#2852);
#1986=LINE('',#13021,#2853);
#1987=LINE('',#13023,#2854);
#1988=LINE('',#13024,#2855);
#1989=LINE('',#13027,#2856);
#1990=LINE('',#13029,#2857);
#1991=LINE('',#13030,#2858);
#1992=LINE('',#13033,#2859);
#1993=LINE('',#13035,#2860);
#1994=LINE('',#13036,#2861);
#1995=LINE('',#13039,#2862);
#1996=LINE('',#13041,#2863);
#1997=LINE('',#13042,#2864);
#1998=LINE('',#13045,#2865);
#1999=LINE('',#13047,#2866);
#2000=LINE('',#13048,#2867);
#2001=LINE('',#13051,#2868);
#2002=LINE('',#13053,#2869);
#2003=LINE('',#13054,#2870);
#2004=LINE('',#13056,#2871);
#2005=LINE('',#13057,#2872);
#2006=LINE('',#13062,#2873);
#2007=LINE('',#13064,#2874);
#2008=LINE('',#13066,#2875);
#2009=LINE('',#13068,#2876);
#2010=LINE('',#13070,#2877);
#2011=LINE('',#13072,#2878);
#2012=LINE('',#13074,#2879);
#2013=LINE('',#13076,#2880);
#2014=LINE('',#13078,#2881);
#2015=LINE('',#13079,#2882);
#2016=LINE('',#13083,#2883);
#2017=LINE('',#13084,#2884);
#2018=LINE('',#13085,#2885);
#2019=LINE('',#13088,#2886);
#2020=LINE('',#13089,#2887);
#2021=LINE('',#13092,#2888);
#2022=LINE('',#13093,#2889);
#2023=LINE('',#13096,#2890);
#2024=LINE('',#13097,#2891);
#2025=LINE('',#13100,#2892);
#2026=LINE('',#13101,#2893);
#2027=LINE('',#13104,#2894);
#2028=LINE('',#13105,#2895);
#2029=LINE('',#13108,#2896);
#2030=LINE('',#13109,#2897);
#2031=LINE('',#13112,#2898);
#2032=LINE('',#13113,#2899);
#2033=LINE('',#13116,#2900);
#2034=LINE('',#13117,#2901);
#2035=LINE('',#13119,#2902);
#2036=LINE('',#13123,#2903);
#2037=LINE('',#13125,#2904);
#2038=LINE('',#13127,#2905);
#2039=LINE('',#13128,#2906);
#2040=LINE('',#13131,#2907);
#2041=LINE('',#13133,#2908);
#2042=LINE('',#13134,#2909);
#2043=LINE('',#13137,#2910);
#2044=LINE('',#13139,#2911);
#2045=LINE('',#13140,#2912);
#2046=LINE('',#13143,#2913);
#2047=LINE('',#13145,#2914);
#2048=LINE('',#13146,#2915);
#2049=LINE('',#13149,#2916);
#2050=LINE('',#13151,#2917);
#2051=LINE('',#13152,#2918);
#2052=LINE('',#13168,#2919);
#2053=LINE('',#13177,#2920);
#2054=LINE('',#13199,#2921);
#2055=LINE('',#13202,#2922);
#2056=LINE('',#13204,#2923);
#2057=LINE('',#13205,#2924);
#2058=LINE('',#13208,#2925);
#2059=LINE('',#13210,#2926);
#2060=LINE('',#13211,#2927);
#2061=LINE('',#13214,#2928);
#2062=LINE('',#13216,#2929);
#2063=LINE('',#13217,#2930);
#2064=LINE('',#13220,#2931);
#2065=LINE('',#13222,#2932);
#2066=LINE('',#13223,#2933);
#2067=LINE('',#13238,#2934);
#2068=LINE('',#13260,#2935);
#2069=LINE('',#13301,#2936);
#2070=LINE('',#13323,#2937);
#2071=LINE('',#13333,#2938);
#2072=LINE('',#13335,#2939);
#2073=LINE('',#13336,#2940);
#2074=LINE('',#13338,#2941);
#2075=LINE('',#13339,#2942);
#2076=LINE('',#13344,#2943);
#2077=LINE('',#13346,#2944);
#2078=LINE('',#13348,#2945);
#2079=LINE('',#13350,#2946);
#2080=LINE('',#13352,#2947);
#2081=LINE('',#13354,#2948);
#2082=LINE('',#13356,#2949);
#2083=LINE('',#13358,#2950);
#2084=LINE('',#13360,#2951);
#2085=LINE('',#13362,#2952);
#2086=LINE('',#13364,#2953);
#2087=LINE('',#13365,#2954);
#2088=LINE('',#13369,#2955);
#2089=LINE('',#13370,#2956);
#2090=LINE('',#13371,#2957);
#2091=LINE('',#13374,#2958);
#2092=LINE('',#13375,#2959);
#2093=LINE('',#13378,#2960);
#2094=LINE('',#13379,#2961);
#2095=LINE('',#13382,#2962);
#2096=LINE('',#13383,#2963);
#2097=LINE('',#13386,#2964);
#2098=LINE('',#13387,#2965);
#2099=LINE('',#13390,#2966);
#2100=LINE('',#13391,#2967);
#2101=LINE('',#13394,#2968);
#2102=LINE('',#13395,#2969);
#2103=LINE('',#13398,#2970);
#2104=LINE('',#13399,#2971);
#2105=LINE('',#13402,#2972);
#2106=LINE('',#13403,#2973);
#2107=LINE('',#13406,#2974);
#2108=LINE('',#13407,#2975);
#2109=LINE('',#13410,#2976);
#2110=LINE('',#13411,#2977);
#2111=LINE('',#13413,#2978);
#2112=LINE('',#13417,#2979);
#2113=LINE('',#13419,#2980);
#2114=LINE('',#13421,#2981);
#2115=LINE('',#13422,#2982);
#2116=LINE('',#13438,#2983);
#2117=LINE('',#13446,#2984);
#2118=LINE('',#13461,#2985);
#2119=LINE('',#13484,#2986);
#2120=LINE('',#13520,#2987);
#2121=LINE('',#13522,#2988);
#2122=LINE('',#13524,#2989);
#2123=LINE('',#13525,#2990);
#2124=LINE('',#13528,#2991);
#2125=LINE('',#13530,#2992);
#2126=LINE('',#13531,#2993);
#2127=LINE('',#13534,#2994);
#2128=LINE('',#13536,#2995);
#2129=LINE('',#13537,#2996);
#2130=LINE('',#13540,#2997);
#2131=LINE('',#13542,#2998);
#2132=LINE('',#13543,#2999);
#2133=LINE('',#13546,#3000);
#2134=LINE('',#13548,#3001);
#2135=LINE('',#13549,#3002);
#2136=LINE('',#13551,#3003);
#2137=LINE('',#13552,#3004);
#2138=LINE('',#13556,#3005);
#2139=LINE('',#13558,#3006);
#2140=LINE('',#13560,#3007);
#2141=LINE('',#13561,#3008);
#2142=LINE('',#13564,#3009);
#2143=LINE('',#13566,#3010);
#2144=LINE('',#13567,#3011);
#2145=LINE('',#13569,#3012);
#2146=LINE('',#13570,#3013);
#2147=LINE('',#13572,#3014);
#2148=LINE('',#13573,#3015);
#2149=LINE('',#13588,#3016);
#2150=LINE('',#13610,#3017);
#2151=LINE('',#13632,#3018);
#2152=LINE('',#13654,#3019);
#2153=LINE('',#13663,#3020);
#2154=LINE('',#13665,#3021);
#2155=LINE('',#13666,#3022);
#2156=LINE('',#13669,#3023);
#2157=LINE('',#13671,#3024);
#2158=LINE('',#13672,#3025);
#2159=LINE('',#13687,#3026);
#2160=LINE('',#13709,#3027);
#2161=LINE('',#13731,#3028);
#2162=LINE('',#13753,#3029);
#2163=LINE('',#13775,#3030);
#2164=LINE('',#13797,#3031);
#2165=LINE('',#13819,#3032);
#2166=LINE('',#13841,#3033);
#2167=LINE('',#13850,#3034);
#2168=LINE('',#13851,#3035);
#2169=LINE('',#13856,#3036);
#2170=LINE('',#13858,#3037);
#2171=LINE('',#13860,#3038);
#2172=LINE('',#13862,#3039);
#2173=LINE('',#13864,#3040);
#2174=LINE('',#13866,#3041);
#2175=LINE('',#13868,#3042);
#2176=LINE('',#13870,#3043);
#2177=LINE('',#13872,#3044);
#2178=LINE('',#13874,#3045);
#2179=LINE('',#13876,#3046);
#2180=LINE('',#13877,#3047);
#2181=LINE('',#13881,#3048);
#2182=LINE('',#13882,#3049);
#2183=LINE('',#13883,#3050);
#2184=LINE('',#13886,#3051);
#2185=LINE('',#13887,#3052);
#2186=LINE('',#13890,#3053);
#2187=LINE('',#13891,#3054);
#2188=LINE('',#13894,#3055);
#2189=LINE('',#13895,#3056);
#2190=LINE('',#13898,#3057);
#2191=LINE('',#13899,#3058);
#2192=LINE('',#13902,#3059);
#2193=LINE('',#13903,#3060);
#2194=LINE('',#13906,#3061);
#2195=LINE('',#13907,#3062);
#2196=LINE('',#13910,#3063);
#2197=LINE('',#13911,#3064);
#2198=LINE('',#13914,#3065);
#2199=LINE('',#13915,#3066);
#2200=LINE('',#13918,#3067);
#2201=LINE('',#13919,#3068);
#2202=LINE('',#13922,#3069);
#2203=LINE('',#13923,#3070);
#2204=LINE('',#13925,#3071);
#2205=LINE('',#13929,#3072);
#2206=LINE('',#13931,#3073);
#2207=LINE('',#13933,#3074);
#2208=LINE('',#13934,#3075);
#2209=LINE('',#13937,#3076);
#2210=LINE('',#13939,#3077);
#2211=LINE('',#13940,#3078);
#2212=LINE('',#13943,#3079);
#2213=LINE('',#13945,#3080);
#2214=LINE('',#13946,#3081);
#2215=LINE('',#13949,#3082);
#2216=LINE('',#13951,#3083);
#2217=LINE('',#13952,#3084);
#2218=LINE('',#13955,#3085);
#2219=LINE('',#13957,#3086);
#2220=LINE('',#13958,#3087);
#2221=LINE('',#13960,#3088);
#2222=LINE('',#13961,#3089);
#2223=LINE('',#13998,#3090);
#2224=LINE('',#14000,#3091);
#2225=LINE('',#14001,#3092);
#2226=LINE('',#14020,#3093);
#2227=LINE('',#14022,#3094);
#2228=LINE('',#14024,#3095);
#2229=LINE('',#14043,#3096);
#2230=LINE('',#14044,#3097);
#2231=LINE('',#14045,#3098);
#2232=LINE('',#14048,#3099);
#2233=LINE('',#14049,#3100);
#2234=LINE('',#14063,#3101);
#2235=LINE('',#14077,#3102);
#2236=LINE('',#14092,#3103);
#2237=LINE('',#14093,#3104);
#2238=LINE('',#14107,#3105);
#2239=LINE('',#14121,#3106);
#2240=LINE('',#14135,#3107);
#2241=LINE('',#14138,#3108);
#2242=LINE('',#14139,#3109);
#2243=LINE('',#14153,#3110);
#2244=LINE('',#14168,#3111);
#2245=LINE('',#14169,#3112);
#2246=LINE('',#14172,#3113);
#2247=LINE('',#14173,#3114);
#2248=LINE('',#14175,#3115);
#2249=LINE('',#14179,#3116);
#2250=LINE('',#14181,#3117);
#2251=LINE('',#14183,#3118);
#2252=LINE('',#14184,#3119);
#2253=LINE('',#14187,#3120);
#2254=LINE('',#14189,#3121);
#2255=LINE('',#14190,#3122);
#2256=LINE('',#14193,#3123);
#2257=LINE('',#14195,#3124);
#2258=LINE('',#14196,#3125);
#2259=LINE('',#14199,#3126);
#2260=LINE('',#14201,#3127);
#2261=LINE('',#14202,#3128);
#2262=LINE('',#14205,#3129);
#2263=LINE('',#14207,#3130);
#2264=LINE('',#14208,#3131);
#2265=LINE('',#14211,#3132);
#2266=LINE('',#14213,#3133);
#2267=LINE('',#14214,#3134);
#2268=LINE('',#14217,#3135);
#2269=LINE('',#14219,#3136);
#2270=LINE('',#14220,#3137);
#2271=LINE('',#14223,#3138);
#2272=LINE('',#14225,#3139);
#2273=LINE('',#14226,#3140);
#2274=LINE('',#14229,#3141);
#2275=LINE('',#14231,#3142);
#2276=LINE('',#14232,#3143);
#2277=LINE('',#14234,#3144);
#2278=LINE('',#14235,#3145);
#2279=LINE('',#14240,#3146);
#2280=LINE('',#14242,#3147);
#2281=LINE('',#14244,#3148);
#2282=LINE('',#14246,#3149);
#2283=LINE('',#14248,#3150);
#2284=LINE('',#14250,#3151);
#2285=LINE('',#14252,#3152);
#2286=LINE('',#14254,#3153);
#2287=LINE('',#14256,#3154);
#2288=LINE('',#14258,#3155);
#2289=LINE('',#14260,#3156);
#2290=LINE('',#14261,#3157);
#2291=LINE('',#14265,#3158);
#2292=LINE('',#14266,#3159);
#2293=LINE('',#14267,#3160);
#2294=LINE('',#14270,#3161);
#2295=LINE('',#14271,#3162);
#2296=LINE('',#14274,#3163);
#2297=LINE('',#14275,#3164);
#2298=LINE('',#14278,#3165);
#2299=LINE('',#14279,#3166);
#2300=LINE('',#14282,#3167);
#2301=LINE('',#14283,#3168);
#2302=LINE('',#14286,#3169);
#2303=LINE('',#14287,#3170);
#2304=LINE('',#14290,#3171);
#2305=LINE('',#14291,#3172);
#2306=LINE('',#14294,#3173);
#2307=LINE('',#14295,#3174);
#2308=LINE('',#14298,#3175);
#2309=LINE('',#14299,#3176);
#2310=LINE('',#14302,#3177);
#2311=LINE('',#14303,#3178);
#2312=LINE('',#14306,#3179);
#2313=LINE('',#14307,#3180);
#2314=LINE('',#14309,#3181);
#2315=LINE('',#14313,#3182);
#2316=LINE('',#14315,#3183);
#2317=LINE('',#14317,#3184);
#2318=LINE('',#14318,#3185);
#2319=LINE('',#14321,#3186);
#2320=LINE('',#14323,#3187);
#2321=LINE('',#14324,#3188);
#2322=LINE('',#14327,#3189);
#2323=LINE('',#14329,#3190);
#2324=LINE('',#14330,#3191);
#2325=LINE('',#14333,#3192);
#2326=LINE('',#14335,#3193);
#2327=LINE('',#14336,#3194);
#2328=LINE('',#14339,#3195);
#2329=LINE('',#14341,#3196);
#2330=LINE('',#14342,#3197);
#2331=LINE('',#14358,#3198);
#2332=LINE('',#14367,#3199);
#2333=LINE('',#14389,#3200);
#2334=LINE('',#14392,#3201);
#2335=LINE('',#14394,#3202);
#2336=LINE('',#14395,#3203);
#2337=LINE('',#14398,#3204);
#2338=LINE('',#14400,#3205);
#2339=LINE('',#14401,#3206);
#2340=LINE('',#14404,#3207);
#2341=LINE('',#14406,#3208);
#2342=LINE('',#14407,#3209);
#2343=LINE('',#14410,#3210);
#2344=LINE('',#14412,#3211);
#2345=LINE('',#14413,#3212);
#2346=LINE('',#14428,#3213);
#2347=LINE('',#14450,#3214);
#2348=LINE('',#14491,#3215);
#2349=LINE('',#14513,#3216);
#2350=LINE('',#14523,#3217);
#2351=LINE('',#14525,#3218);
#2352=LINE('',#14526,#3219);
#2353=LINE('',#14528,#3220);
#2354=LINE('',#14529,#3221);
#2355=LINE('',#14534,#3222);
#2356=LINE('',#14536,#3223);
#2357=LINE('',#14538,#3224);
#2358=LINE('',#14539,#3225);
#2359=LINE('',#14543,#3226);
#2360=LINE('',#14544,#3227);
#2361=LINE('',#14545,#3228);
#2362=LINE('',#14548,#3229);
#2363=LINE('',#14549,#3230);
#2364=LINE('',#14552,#3231);
#2365=LINE('',#14553,#3232);
#2366=LINE('',#14555,#3233);
#2367=LINE('',#14559,#3234);
#2368=LINE('',#14561,#3235);
#2369=LINE('',#14563,#3236);
#2370=LINE('',#14564,#3237);
#2371=LINE('',#14567,#3238);
#2372=LINE('',#14569,#3239);
#2373=LINE('',#14570,#3240);
#2374=LINE('',#14573,#3241);
#2375=LINE('',#14575,#3242);
#2376=LINE('',#14576,#3243);
#2377=LINE('',#14579,#3244);
#2378=LINE('',#14581,#3245);
#2379=LINE('',#14582,#3246);
#2380=LINE('',#14585,#3247);
#2381=LINE('',#14587,#3248);
#2382=LINE('',#14588,#3249);
#2383=LINE('',#14591,#3250);
#2384=LINE('',#14593,#3251);
#2385=LINE('',#14594,#3252);
#2386=LINE('',#14596,#3253);
#2387=LINE('',#14597,#3254);
#2388=LINE('',#14710,#3255);
#2389=LINE('',#14711,#3256);
#2390=LINE('',#14725,#3257);
#2391=LINE('',#14739,#3258);
#2392=LINE('',#14753,#3259);
#2393=LINE('',#14768,#3260);
#2394=LINE('',#14769,#3261);
#2395=LINE('',#14783,#3262);
#2396=LINE('',#14797,#3263);
#2397=LINE('',#14811,#3264);
#2398=LINE('',#14825,#3265);
#2399=LINE('',#14851,#3266);
#2400=LINE('',#14867,#3267);
#2401=LINE('',#14869,#3268);
#2402=LINE('',#14871,#3269);
#2403=LINE('',#14872,#3270);
#2404=LINE('',#14875,#3271);
#2405=LINE('',#14877,#3272);
#2406=LINE('',#14878,#3273);
#2407=LINE('',#14893,#3274);
#2408=LINE('',#14915,#3275);
#2409=LINE('',#14937,#3276);
#2410=LINE('',#14959,#3277);
#2411=LINE('',#14981,#3278);
#2412=LINE('',#15003,#3279);
#2413=LINE('',#15013,#3280);
#2414=LINE('',#15015,#3281);
#2415=LINE('',#15016,#3282);
#2416=LINE('',#15019,#3283);
#2417=LINE('',#15021,#3284);
#2418=LINE('',#15022,#3285);
#2419=LINE('',#15025,#3286);
#2420=LINE('',#15027,#3287);
#2421=LINE('',#15028,#3288);
#2422=LINE('',#15031,#3289);
#2423=LINE('',#15033,#3290);
#2424=LINE('',#15034,#3291);
#2425=LINE('',#15049,#3292);
#2426=LINE('',#15071,#3293);
#2427=LINE('',#15093,#3294);
#2428=LINE('',#15115,#3295);
#2429=LINE('',#15146,#3296);
#2430=LINE('',#15148,#3297);
#2431=LINE('',#15150,#3298);
#2432=LINE('',#15151,#3299);
#2433=LINE('',#15155,#3300);
#2434=LINE('',#15156,#3301);
#2435=LINE('',#15157,#3302);
#2436=LINE('',#15160,#3303);
#2437=LINE('',#15161,#3304);
#2438=LINE('',#15164,#3305);
#2439=LINE('',#15165,#3306);
#2440=LINE('',#15167,#3307);
#2441=LINE('',#15171,#3308);
#2442=LINE('',#15173,#3309);
#2443=LINE('',#15175,#3310);
#2444=LINE('',#15176,#3311);
#2445=LINE('',#15179,#3312);
#2446=LINE('',#15181,#3313);
#2447=LINE('',#15182,#3314);
#2448=LINE('',#15197,#3315);
#2449=LINE('',#15219,#3316);
#2450=LINE('',#15241,#3317);
#2451=LINE('',#15263,#3318);
#2452=LINE('',#15285,#3319);
#2453=LINE('',#15307,#3320);
#2454=LINE('',#15317,#3321);
#2455=LINE('',#15319,#3322);
#2456=LINE('',#15320,#3323);
#2457=LINE('',#15323,#3324);
#2458=LINE('',#15325,#3325);
#2459=LINE('',#15326,#3326);
#2460=LINE('',#15329,#3327);
#2461=LINE('',#15331,#3328);
#2462=LINE('',#15332,#3329);
#2463=LINE('',#15335,#3330);
#2464=LINE('',#15337,#3331);
#2465=LINE('',#15338,#3332);
#2466=LINE('',#15353,#3333);
#2467=LINE('',#15375,#3334);
#2468=LINE('',#15397,#3335);
#2469=LINE('',#15419,#3336);
#2470=LINE('',#15558,#3337);
#2471=LINE('',#15559,#3338);
#2472=LINE('',#15573,#3339);
#2473=LINE('',#15587,#3340);
#2474=LINE('',#15601,#3341);
#2475=LINE('',#15616,#3342);
#2476=LINE('',#15617,#3343);
#2477=LINE('',#15631,#3344);
#2478=LINE('',#15645,#3345);
#2479=LINE('',#15659,#3346);
#2480=LINE('',#15673,#3347);
#2481=LINE('',#15699,#3348);
#2482=LINE('',#15715,#3349);
#2483=LINE('',#15717,#3350);
#2484=LINE('',#15719,#3351);
#2485=LINE('',#15720,#3352);
#2486=LINE('',#15723,#3353);
#2487=LINE('',#15725,#3354);
#2488=LINE('',#15726,#3355);
#2489=LINE('',#15741,#3356);
#2490=LINE('',#15763,#3357);
#2491=LINE('',#15785,#3358);
#2492=LINE('',#15807,#3359);
#2493=LINE('',#15829,#3360);
#2494=LINE('',#15852,#3361);
#2495=LINE('',#15861,#3362);
#2496=LINE('',#15884,#3363);
#2497=LINE('',#15906,#3364);
#2498=LINE('',#15921,#3365);
#2499=LINE('',#15943,#3366);
#2500=LINE('',#15965,#3367);
#2501=LINE('',#15987,#3368);
#2502=LINE('',#16009,#3369);
#2503=LINE('',#16031,#3370);
#2504=LINE('',#16072,#3371);
#2505=LINE('',#16094,#3372);
#2506=LINE('',#16116,#3373);
#2507=LINE('',#16165,#3374);
#2508=LINE('',#16169,#3375);
#2509=LINE('',#16173,#3376);
#2510=LINE('',#16179,#3377);
#2511=LINE('',#16187,#3378);
#2512=LINE('',#16191,#3379);
#2513=LINE('',#16193,#3380);
#2514=LINE('',#16197,#3381);
#2515=VECTOR('',#9081,10.);
#2516=VECTOR('',#9082,10.);
#2517=VECTOR('',#9083,10.);
#2518=VECTOR('',#9084,10.);
#2519=VECTOR('',#9085,10.);
#2520=VECTOR('',#9086,10.);
#2521=VECTOR('',#9087,10.);
#2522=VECTOR('',#9088,10.);
#2523=VECTOR('',#9089,10.);
#2524=VECTOR('',#9090,10.);
#2525=VECTOR('',#9091,10.);
#2526=VECTOR('',#9092,10.);
#2527=VECTOR('',#9095,10.);
#2528=VECTOR('',#9096,10.);
#2529=VECTOR('',#9099,10.);
#2530=VECTOR('',#9100,10.);
#2531=VECTOR('',#9103,10.);
#2532=VECTOR('',#9104,10.);
#2533=VECTOR('',#9107,10.);
#2534=VECTOR('',#9108,10.);
#2535=VECTOR('',#9109,10.);
#2536=VECTOR('',#9110,10.);
#2537=VECTOR('',#9111,10.);
#2538=VECTOR('',#9112,10.);
#2539=VECTOR('',#9113,10.);
#2540=VECTOR('',#9114,10.);
#2541=VECTOR('',#9117,10.);
#2542=VECTOR('',#9118,10.);
#2543=VECTOR('',#9121,10.);
#2544=VECTOR('',#9124,10.);
#2545=VECTOR('',#9125,10.);
#2546=VECTOR('',#9126,10.);
#2547=VECTOR('',#9127,10.);
#2548=VECTOR('',#9130,10.);
#2549=VECTOR('',#9131,10.);
#2550=VECTOR('',#9132,10.);
#2551=VECTOR('',#9135,10.);
#2552=VECTOR('',#9136,10.);
#2553=VECTOR('',#9137,10.);
#2554=VECTOR('',#9140,10.);
#2555=VECTOR('',#9141,10.);
#2556=VECTOR('',#9142,10.);
#2557=VECTOR('',#9145,10.);
#2558=VECTOR('',#9146,10.);
#2559=VECTOR('',#9147,10.);
#2560=VECTOR('',#9148,10.);
#2561=VECTOR('',#9151,10.);
#2562=VECTOR('',#9152,10.);
#2563=VECTOR('',#9153,10.);
#2564=VECTOR('',#9156,10.);
#2565=VECTOR('',#9157,10.);
#2566=VECTOR('',#9158,10.);
#2567=VECTOR('',#9161,10.);
#2568=VECTOR('',#9162,10.);
#2569=VECTOR('',#9163,10.);
#2570=VECTOR('',#9166,10.);
#2571=VECTOR('',#9167,10.);
#2572=VECTOR('',#9170,10.);
#2573=VECTOR('',#9171,10.);
#2574=VECTOR('',#9172,10.);
#2575=VECTOR('',#9175,10.);
#2576=VECTOR('',#9176,10.);
#2577=VECTOR('',#9181,10.);
#2578=VECTOR('',#9182,10.);
#2579=VECTOR('',#9183,10.);
#2580=VECTOR('',#9184,10.);
#2581=VECTOR('',#9185,10.);
#2582=VECTOR('',#9186,10.);
#2583=VECTOR('',#9189,10.);
#2584=VECTOR('',#9190,10.);
#2585=VECTOR('',#9191,10.);
#2586=VECTOR('',#9194,10.);
#2587=VECTOR('',#9195,10.);
#2588=VECTOR('',#9196,10.);
#2589=VECTOR('',#9197,10.);
#2590=VECTOR('',#9198,10.);
#2591=VECTOR('',#9199,10.);
#2592=VECTOR('',#9200,10.);
#2593=VECTOR('',#9201,10.);
#2594=VECTOR('',#9202,10.);
#2595=VECTOR('',#9205,10.);
#2596=VECTOR('',#9206,10.);
#2597=VECTOR('',#9207,10.);
#2598=VECTOR('',#9210,10.);
#2599=VECTOR('',#9211,10.);
#2600=VECTOR('',#9214,10.);
#2601=VECTOR('',#9215,10.);
#2602=VECTOR('',#9218,10.);
#2603=VECTOR('',#9221,10.);
#2604=VECTOR('',#9222,10.);
#2605=VECTOR('',#9223,10.);
#2606=VECTOR('',#9224,10.);
#2607=VECTOR('',#9227,10.);
#2608=VECTOR('',#9228,10.);
#2609=VECTOR('',#9229,10.);
#2610=VECTOR('',#9232,10.);
#2611=VECTOR('',#9233,10.);
#2612=VECTOR('',#9234,10.);
#2613=VECTOR('',#9237,10.);
#2614=VECTOR('',#9238,10.);
#2615=VECTOR('',#9239,10.);
#2616=VECTOR('',#9242,10.);
#2617=VECTOR('',#9243,10.);
#2618=VECTOR('',#9244,10.);
#2619=VECTOR('',#9247,10.);
#2620=VECTOR('',#9248,10.);
#2621=VECTOR('',#9249,10.);
#2622=VECTOR('',#9252,10.);
#2623=VECTOR('',#9253,10.);
#2624=VECTOR('',#9254,10.);
#2625=VECTOR('',#9257,10.);
#2626=VECTOR('',#9258,10.);
#2627=VECTOR('',#9259,10.);
#2628=VECTOR('',#9262,10.);
#2629=VECTOR('',#9263,10.);
#2630=VECTOR('',#9264,10.);
#2631=VECTOR('',#9267,10.);
#2632=VECTOR('',#9268,10.);
#2633=VECTOR('',#9269,10.);
#2634=VECTOR('',#9272,10.);
#2635=VECTOR('',#9273,10.);
#2636=VECTOR('',#9274,10.);
#2637=VECTOR('',#9277,10.);
#2638=VECTOR('',#9278,10.);
#2639=VECTOR('',#9279,10.);
#2640=VECTOR('',#9282,10.);
#2641=VECTOR('',#9283,10.);
#2642=VECTOR('',#9288,10.);
#2643=VECTOR('',#9289,10.);
#2644=VECTOR('',#9290,10.);
#2645=VECTOR('',#9291,10.);
#2646=VECTOR('',#9292,10.);
#2647=VECTOR('',#9293,10.);
#2648=VECTOR('',#9294,10.);
#2649=VECTOR('',#9295,10.);
#2650=VECTOR('',#9296,10.);
#2651=VECTOR('',#9297,10.);
#2652=VECTOR('',#9298,10.);
#2653=VECTOR('',#9301,10.);
#2654=VECTOR('',#9302,10.);
#2655=VECTOR('',#9303,10.);
#2656=VECTOR('',#9306,10.);
#2657=VECTOR('',#9307,10.);
#2658=VECTOR('',#9310,10.);
#2659=VECTOR('',#9311,10.);
#2660=VECTOR('',#9312,10.);
#2661=VECTOR('',#9315,10.);
#2662=VECTOR('',#9316,10.);
#2663=VECTOR('',#9319,10.);
#2664=VECTOR('',#9320,10.);
#2665=VECTOR('',#9323,10.);
#2666=VECTOR('',#9324,10.);
#2667=VECTOR('',#9327,10.);
#2668=VECTOR('',#9330,10.);
#2669=VECTOR('',#9331,10.);
#2670=VECTOR('',#9334,10.);
#2671=VECTOR('',#9335,10.);
#2672=VECTOR('',#9338,10.);
#2673=VECTOR('',#9339,10.);
#2674=VECTOR('',#9342,10.);
#2675=VECTOR('',#9343,10.);
#2676=VECTOR('',#9344,10.);
#2677=VECTOR('',#9345,10.);
#2678=VECTOR('',#9346,10.);
#2679=VECTOR('',#9347,10.);
#2680=VECTOR('',#9350,10.);
#2681=VECTOR('',#9351,10.);
#2682=VECTOR('',#9352,10.);
#2683=VECTOR('',#9355,10.);
#2684=VECTOR('',#9356,10.);
#2685=VECTOR('',#9357,10.);
#2686=VECTOR('',#9358,10.);
#2687=VECTOR('',#9359,10.);
#2688=VECTOR('',#9360,10.);
#2689=VECTOR('',#9361,10.);
#2690=VECTOR('',#9362,10.);
#2691=VECTOR('',#9363,10.);
#2692=VECTOR('',#9364,10.);
#2693=VECTOR('',#9365,10.);
#2694=VECTOR('',#9368,10.);
#2695=VECTOR('',#9369,10.);
#2696=VECTOR('',#9370,10.);
#2697=VECTOR('',#9373,10.);
#2698=VECTOR('',#9374,10.);
#2699=VECTOR('',#9375,10.);
#2700=VECTOR('',#9376,10.);
#2701=VECTOR('',#9377,10.);
#2702=VECTOR('',#9378,10.);
#2703=VECTOR('',#9383,10.);
#2704=VECTOR('',#9384,10.);
#2705=VECTOR('',#9385,10.);
#2706=VECTOR('',#9386,10.);
#2707=VECTOR('',#9389,10.);
#2708=VECTOR('',#9390,10.);
#2709=VECTOR('',#9391,10.);
#2710=VECTOR('',#9392,10.);
#2711=VECTOR('',#9393,10.);
#2712=VECTOR('',#9394,10.);
#2713=VECTOR('',#9395,10.);
#2714=VECTOR('',#9396,10.);
#2715=VECTOR('',#9397,10.);
#2716=VECTOR('',#9398,10.);
#2717=VECTOR('',#9399,10.);
#2718=VECTOR('',#9402,10.);
#2719=VECTOR('',#9403,10.);
#2720=VECTOR('',#9406,10.);
#2721=VECTOR('',#9407,10.);
#2722=VECTOR('',#9408,10.);
#2723=VECTOR('',#9409,10.);
#2724=VECTOR('',#9410,10.);
#2725=VECTOR('',#9411,10.);
#2726=VECTOR('',#9412,10.);
#2727=VECTOR('',#9413,10.);
#2728=VECTOR('',#9414,10.);
#2729=VECTOR('',#9415,10.);
#2730=VECTOR('',#9418,10.);
#2731=VECTOR('',#9421,10.);
#2732=VECTOR('',#9422,10.);
#2733=VECTOR('',#9423,10.);
#2734=VECTOR('',#9424,10.);
#2735=VECTOR('',#9425,10.);
#2736=VECTOR('',#9426,10.);
#2737=VECTOR('',#9427,10.);
#2738=VECTOR('',#9428,10.);
#2739=VECTOR('',#9429,10.);
#2740=VECTOR('',#9430,10.);
#2741=VECTOR('',#9431,10.);
#2742=VECTOR('',#9432,10.);
#2743=VECTOR('',#9435,10.);
#2744=VECTOR('',#9436,10.);
#2745=VECTOR('',#9437,10.);
#2746=VECTOR('',#9440,10.);
#2747=VECTOR('',#9441,10.);
#2748=VECTOR('',#9442,10.);
#2749=VECTOR('',#9443,10.);
#2750=VECTOR('',#9444,10.);
#2751=VECTOR('',#9445,10.);
#2752=VECTOR('',#9446,10.);
#2753=VECTOR('',#9447,10.);
#2754=VECTOR('',#9448,10.);
#2755=VECTOR('',#9449,10.);
#2756=VECTOR('',#9450,10.);
#2757=VECTOR('',#9453,10.);
#2758=VECTOR('',#9454,10.);
#2759=VECTOR('',#9459,10.);
#2760=VECTOR('',#9460,10.);
#2761=VECTOR('',#9461,10.);
#2762=VECTOR('',#9462,10.);
#2763=VECTOR('',#9463,10.);
#2764=VECTOR('',#9464,10.);
#2765=VECTOR('',#9467,10.);
#2766=VECTOR('',#9468,10.);
#2767=VECTOR('',#9469,10.);
#2768=VECTOR('',#9472,10.);
#2769=VECTOR('',#9473,10.);
#2770=VECTOR('',#9476,10.);
#2771=VECTOR('',#9477,10.);
#2772=VECTOR('',#9478,10.);
#2773=VECTOR('',#9479,10.);
#2774=VECTOR('',#9480,10.);
#2775=VECTOR('',#9481,10.);
#2776=VECTOR('',#9484,10.);
#2777=VECTOR('',#9485,10.);
#2778=VECTOR('',#9488,10.);
#2779=VECTOR('',#9489,10.);
#2780=VECTOR('',#9492,10.);
#2781=VECTOR('',#9493,10.);
#2782=VECTOR('',#9494,10.);
#2783=VECTOR('',#9495,10.);
#2784=VECTOR('',#9496,10.);
#2785=VECTOR('',#9499,10.);
#2786=VECTOR('',#9500,10.);
#2787=VECTOR('',#9501,10.);
#2788=VECTOR('',#9502,10.);
#2789=VECTOR('',#9505,10.);
#2790=VECTOR('',#9506,10.);
#2791=VECTOR('',#9507,10.);
#2792=VECTOR('',#9510,10.);
#2793=VECTOR('',#9511,10.);
#2794=VECTOR('',#9512,10.);
#2795=VECTOR('',#9515,10.);
#2796=VECTOR('',#9516,10.);
#2797=VECTOR('',#9517,10.);
#2798=VECTOR('',#9520,10.);
#2799=VECTOR('',#9521,10.);
#2800=VECTOR('',#9522,10.);
#2801=VECTOR('',#9525,10.);
#2802=VECTOR('',#9526,10.);
#2803=VECTOR('',#9527,10.);
#2804=VECTOR('',#9530,10.);
#2805=VECTOR('',#9531,10.);
#2806=VECTOR('',#9532,10.);
#2807=VECTOR('',#9535,10.);
#2808=VECTOR('',#9536,10.);
#2809=VECTOR('',#9537,10.);
#2810=VECTOR('',#9540,10.);
#2811=VECTOR('',#9541,10.);
#2812=VECTOR('',#9542,10.);
#2813=VECTOR('',#9545,10.);
#2814=VECTOR('',#9546,10.);
#2815=VECTOR('',#9547,10.);
#2816=VECTOR('',#9550,10.);
#2817=VECTOR('',#9551,10.);
#2818=VECTOR('',#9552,10.);
#2819=VECTOR('',#9555,10.);
#2820=VECTOR('',#9556,10.);
#2821=VECTOR('',#9561,10.);
#2822=VECTOR('',#9562,10.);
#2823=VECTOR('',#9563,10.);
#2824=VECTOR('',#9564,10.);
#2825=VECTOR('',#9565,10.);
#2826=VECTOR('',#9566,10.);
#2827=VECTOR('',#9567,10.);
#2828=VECTOR('',#9568,10.);
#2829=VECTOR('',#9569,10.);
#2830=VECTOR('',#9572,10.);
#2831=VECTOR('',#9573,10.);
#2832=VECTOR('',#9576,10.);
#2833=VECTOR('',#9577,10.);
#2834=VECTOR('',#9578,10.);
#2835=VECTOR('',#9579,10.);
#2836=VECTOR('',#9580,10.);
#2837=VECTOR('',#9581,10.);
#2838=VECTOR('',#9582,10.);
#2839=VECTOR('',#9583,10.);
#2840=VECTOR('',#9584,10.);
#2841=VECTOR('',#9585,10.);
#2842=VECTOR('',#9588,10.);
#2843=VECTOR('',#9589,10.);
#2844=VECTOR('',#9592,10.);
#2845=VECTOR('',#9593,10.);
#2846=VECTOR('',#9594,10.);
#2847=VECTOR('',#9595,10.);
#2848=VECTOR('',#9596,10.);
#2849=VECTOR('',#9599,10.);
#2850=VECTOR('',#9600,10.);
#2851=VECTOR('',#9601,10.);
#2852=VECTOR('',#9602,10.);
#2853=VECTOR('',#9605,10.);
#2854=VECTOR('',#9606,10.);
#2855=VECTOR('',#9607,10.);
#2856=VECTOR('',#9610,10.);
#2857=VECTOR('',#9611,10.);
#2858=VECTOR('',#9612,10.);
#2859=VECTOR('',#9615,10.);
#2860=VECTOR('',#9616,10.);
#2861=VECTOR('',#9617,10.);
#2862=VECTOR('',#9620,10.);
#2863=VECTOR('',#9621,10.);
#2864=VECTOR('',#9622,10.);
#2865=VECTOR('',#9625,10.);
#2866=VECTOR('',#9626,10.);
#2867=VECTOR('',#9627,10.);
#2868=VECTOR('',#9630,10.);
#2869=VECTOR('',#9631,10.);
#2870=VECTOR('',#9632,10.);
#2871=VECTOR('',#9635,10.);
#2872=VECTOR('',#9636,10.);
#2873=VECTOR('',#9641,10.);
#2874=VECTOR('',#9642,10.);
#2875=VECTOR('',#9643,10.);
#2876=VECTOR('',#9644,10.);
#2877=VECTOR('',#9645,10.);
#2878=VECTOR('',#9646,10.);
#2879=VECTOR('',#9647,10.);
#2880=VECTOR('',#9648,10.);
#2881=VECTOR('',#9649,10.);
#2882=VECTOR('',#9650,10.);
#2883=VECTOR('',#9653,10.);
#2884=VECTOR('',#9654,10.);
#2885=VECTOR('',#9655,10.);
#2886=VECTOR('',#9658,10.);
#2887=VECTOR('',#9659,10.);
#2888=VECTOR('',#9662,10.);
#2889=VECTOR('',#9663,10.);
#2890=VECTOR('',#9666,10.);
#2891=VECTOR('',#9667,10.);
#2892=VECTOR('',#9670,10.);
#2893=VECTOR('',#9671,10.);
#2894=VECTOR('',#9674,10.);
#2895=VECTOR('',#9675,10.);
#2896=VECTOR('',#9678,10.);
#2897=VECTOR('',#9679,10.);
#2898=VECTOR('',#9682,10.);
#2899=VECTOR('',#9683,10.);
#2900=VECTOR('',#9686,10.);
#2901=VECTOR('',#9687,10.);
#2902=VECTOR('',#9690,10.);
#2903=VECTOR('',#9693,10.);
#2904=VECTOR('',#9694,10.);
#2905=VECTOR('',#9695,10.);
#2906=VECTOR('',#9696,10.);
#2907=VECTOR('',#9699,10.);
#2908=VECTOR('',#9700,10.);
#2909=VECTOR('',#9701,10.);
#2910=VECTOR('',#9704,10.);
#2911=VECTOR('',#9705,10.);
#2912=VECTOR('',#9706,10.);
#2913=VECTOR('',#9709,10.);
#2914=VECTOR('',#9710,10.);
#2915=VECTOR('',#9711,10.);
#2916=VECTOR('',#9714,10.);
#2917=VECTOR('',#9715,10.);
#2918=VECTOR('',#9716,10.);
#2919=VECTOR('',#9717,10.);
#2920=VECTOR('',#9718,10.);
#2921=VECTOR('',#9719,10.);
#2922=VECTOR('',#9722,10.);
#2923=VECTOR('',#9723,10.);
#2924=VECTOR('',#9724,10.);
#2925=VECTOR('',#9727,10.);
#2926=VECTOR('',#9728,10.);
#2927=VECTOR('',#9729,10.);
#2928=VECTOR('',#9732,10.);
#2929=VECTOR('',#9733,10.);
#2930=VECTOR('',#9734,10.);
#2931=VECTOR('',#9737,10.);
#2932=VECTOR('',#9738,10.);
#2933=VECTOR('',#9739,10.);
#2934=VECTOR('',#9740,10.);
#2935=VECTOR('',#9741,10.);
#2936=VECTOR('',#9742,10.);
#2937=VECTOR('',#9743,10.);
#2938=VECTOR('',#9746,10.);
#2939=VECTOR('',#9747,10.);
#2940=VECTOR('',#9748,10.);
#2941=VECTOR('',#9751,10.);
#2942=VECTOR('',#9752,10.);
#2943=VECTOR('',#9757,10.);
#2944=VECTOR('',#9758,10.);
#2945=VECTOR('',#9759,10.);
#2946=VECTOR('',#9760,10.);
#2947=VECTOR('',#9761,10.);
#2948=VECTOR('',#9762,10.);
#2949=VECTOR('',#9763,10.);
#2950=VECTOR('',#9764,10.);
#2951=VECTOR('',#9765,10.);
#2952=VECTOR('',#9766,10.);
#2953=VECTOR('',#9767,10.);
#2954=VECTOR('',#9768,10.);
#2955=VECTOR('',#9771,10.);
#2956=VECTOR('',#9772,10.);
#2957=VECTOR('',#9773,10.);
#2958=VECTOR('',#9776,10.);
#2959=VECTOR('',#9777,10.);
#2960=VECTOR('',#9780,10.);
#2961=VECTOR('',#9781,10.);
#2962=VECTOR('',#9784,10.);
#2963=VECTOR('',#9785,10.);
#2964=VECTOR('',#9788,10.);
#2965=VECTOR('',#9789,10.);
#2966=VECTOR('',#9792,10.);
#2967=VECTOR('',#9793,10.);
#2968=VECTOR('',#9796,10.);
#2969=VECTOR('',#9797,10.);
#2970=VECTOR('',#9800,10.);
#2971=VECTOR('',#9801,10.);
#2972=VECTOR('',#9804,10.);
#2973=VECTOR('',#9805,10.);
#2974=VECTOR('',#9808,10.);
#2975=VECTOR('',#9809,10.);
#2976=VECTOR('',#9812,10.);
#2977=VECTOR('',#9813,10.);
#2978=VECTOR('',#9816,10.);
#2979=VECTOR('',#9819,10.);
#2980=VECTOR('',#9820,10.);
#2981=VECTOR('',#9821,10.);
#2982=VECTOR('',#9822,10.);
#2983=VECTOR('',#9823,10.);
#2984=VECTOR('',#9824,10.);
#2985=VECTOR('',#9825,10.);
#2986=VECTOR('',#9826,10.);
#2987=VECTOR('',#9829,10.);
#2988=VECTOR('',#9830,10.);
#2989=VECTOR('',#9831,10.);
#2990=VECTOR('',#9832,10.);
#2991=VECTOR('',#9835,10.);
#2992=VECTOR('',#9836,10.);
#2993=VECTOR('',#9837,10.);
#2994=VECTOR('',#9840,10.);
#2995=VECTOR('',#9841,10.);
#2996=VECTOR('',#9842,10.);
#2997=VECTOR('',#9845,10.);
#2998=VECTOR('',#9846,10.);
#2999=VECTOR('',#9847,10.);
#3000=VECTOR('',#9850,10.);
#3001=VECTOR('',#9851,10.);
#3002=VECTOR('',#9852,10.);
#3003=VECTOR('',#9855,10.);
#3004=VECTOR('',#9856,10.);
#3005=VECTOR('',#9859,10.);
#3006=VECTOR('',#9860,10.);
#3007=VECTOR('',#9861,10.);
#3008=VECTOR('',#9862,10.);
#3009=VECTOR('',#9865,10.);
#3010=VECTOR('',#9866,10.);
#3011=VECTOR('',#9867,10.);
#3012=VECTOR('',#9870,10.);
#3013=VECTOR('',#9871,10.);
#3014=VECTOR('',#9874,10.);
#3015=VECTOR('',#9875,10.);
#3016=VECTOR('',#9876,10.);
#3017=VECTOR('',#9877,10.);
#3018=VECTOR('',#9878,10.);
#3019=VECTOR('',#9879,10.);
#3020=VECTOR('',#9882,10.);
#3021=VECTOR('',#9883,10.);
#3022=VECTOR('',#9884,10.);
#3023=VECTOR('',#9887,10.);
#3024=VECTOR('',#9888,10.);
#3025=VECTOR('',#9889,10.);
#3026=VECTOR('',#9890,10.);
#3027=VECTOR('',#9891,10.);
#3028=VECTOR('',#9892,10.);
#3029=VECTOR('',#9893,10.);
#3030=VECTOR('',#9894,10.);
#3031=VECTOR('',#9895,10.);
#3032=VECTOR('',#9896,10.);
#3033=VECTOR('',#9897,10.);
#3034=VECTOR('',#9900,10.);
#3035=VECTOR('',#9901,10.);
#3036=VECTOR('',#9906,10.);
#3037=VECTOR('',#9907,10.);
#3038=VECTOR('',#9908,10.);
#3039=VECTOR('',#9909,10.);
#3040=VECTOR('',#9910,10.);
#3041=VECTOR('',#9911,10.);
#3042=VECTOR('',#9912,10.);
#3043=VECTOR('',#9913,10.);
#3044=VECTOR('',#9914,10.);
#3045=VECTOR('',#9915,10.);
#3046=VECTOR('',#9916,10.);
#3047=VECTOR('',#9917,10.);
#3048=VECTOR('',#9920,10.);
#3049=VECTOR('',#9921,10.);
#3050=VECTOR('',#9922,10.);
#3051=VECTOR('',#9925,10.);
#3052=VECTOR('',#9926,10.);
#3053=VECTOR('',#9929,10.);
#3054=VECTOR('',#9930,10.);
#3055=VECTOR('',#9933,10.);
#3056=VECTOR('',#9934,10.);
#3057=VECTOR('',#9937,10.);
#3058=VECTOR('',#9938,10.);
#3059=VECTOR('',#9941,10.);
#3060=VECTOR('',#9942,10.);
#3061=VECTOR('',#9945,10.);
#3062=VECTOR('',#9946,10.);
#3063=VECTOR('',#9949,10.);
#3064=VECTOR('',#9950,10.);
#3065=VECTOR('',#9953,10.);
#3066=VECTOR('',#9954,10.);
#3067=VECTOR('',#9957,10.);
#3068=VECTOR('',#9958,10.);
#3069=VECTOR('',#9961,10.);
#3070=VECTOR('',#9962,10.);
#3071=VECTOR('',#9965,10.);
#3072=VECTOR('',#9968,10.);
#3073=VECTOR('',#9969,10.);
#3074=VECTOR('',#9970,10.);
#3075=VECTOR('',#9971,10.);
#3076=VECTOR('',#9974,10.);
#3077=VECTOR('',#9975,10.);
#3078=VECTOR('',#9976,10.);
#3079=VECTOR('',#9979,10.);
#3080=VECTOR('',#9980,10.);
#3081=VECTOR('',#9981,10.);
#3082=VECTOR('',#9984,10.);
#3083=VECTOR('',#9985,10.);
#3084=VECTOR('',#9986,10.);
#3085=VECTOR('',#9989,10.);
#3086=VECTOR('',#9990,10.);
#3087=VECTOR('',#9991,10.);
#3088=VECTOR('',#9994,10.);
#3089=VECTOR('',#9995,10.);
#3090=VECTOR('',#10000,10.);
#3091=VECTOR('',#10001,10.);
#3092=VECTOR('',#10002,10.);
#3093=VECTOR('',#10003,10.);
#3094=VECTOR('',#10004,10.);
#3095=VECTOR('',#10005,10.);
#3096=VECTOR('',#10008,10.);
#3097=VECTOR('',#10009,10.);
#3098=VECTOR('',#10010,10.);
#3099=VECTOR('',#10013,10.);
#3100=VECTOR('',#10014,10.);
#3101=VECTOR('',#10015,10.);
#3102=VECTOR('',#10016,10.);
#3103=VECTOR('',#10017,10.);
#3104=VECTOR('',#10018,10.);
#3105=VECTOR('',#10019,10.);
#3106=VECTOR('',#10020,10.);
#3107=VECTOR('',#10021,10.);
#3108=VECTOR('',#10024,10.);
#3109=VECTOR('',#10025,10.);
#3110=VECTOR('',#10026,10.);
#3111=VECTOR('',#10029,10.);
#3112=VECTOR('',#10030,10.);
#3113=VECTOR('',#10033,10.);
#3114=VECTOR('',#10034,10.);
#3115=VECTOR('',#10037,10.);
#3116=VECTOR('',#10040,10.);
#3117=VECTOR('',#10041,10.);
#3118=VECTOR('',#10042,10.);
#3119=VECTOR('',#10043,10.);
#3120=VECTOR('',#10046,10.);
#3121=VECTOR('',#10047,10.);
#3122=VECTOR('',#10048,10.);
#3123=VECTOR('',#10051,10.);
#3124=VECTOR('',#10052,10.);
#3125=VECTOR('',#10053,10.);
#3126=VECTOR('',#10056,10.);
#3127=VECTOR('',#10057,10.);
#3128=VECTOR('',#10058,10.);
#3129=VECTOR('',#10061,10.);
#3130=VECTOR('',#10062,10.);
#3131=VECTOR('',#10063,10.);
#3132=VECTOR('',#10066,10.);
#3133=VECTOR('',#10067,10.);
#3134=VECTOR('',#10068,10.);
#3135=VECTOR('',#10071,10.);
#3136=VECTOR('',#10072,10.);
#3137=VECTOR('',#10073,10.);
#3138=VECTOR('',#10076,10.);
#3139=VECTOR('',#10077,10.);
#3140=VECTOR('',#10078,10.);
#3141=VECTOR('',#10081,10.);
#3142=VECTOR('',#10082,10.);
#3143=VECTOR('',#10083,10.);
#3144=VECTOR('',#10086,10.);
#3145=VECTOR('',#10087,10.);
#3146=VECTOR('',#10092,10.);
#3147=VECTOR('',#10093,10.);
#3148=VECTOR('',#10094,10.);
#3149=VECTOR('',#10095,10.);
#3150=VECTOR('',#10096,10.);
#3151=VECTOR('',#10097,10.);
#3152=VECTOR('',#10098,10.);
#3153=VECTOR('',#10099,10.);
#3154=VECTOR('',#10100,10.);
#3155=VECTOR('',#10101,10.);
#3156=VECTOR('',#10102,10.);
#3157=VECTOR('',#10103,10.);
#3158=VECTOR('',#10106,10.);
#3159=VECTOR('',#10107,10.);
#3160=VECTOR('',#10108,10.);
#3161=VECTOR('',#10111,10.);
#3162=VECTOR('',#10112,10.);
#3163=VECTOR('',#10115,10.);
#3164=VECTOR('',#10116,10.);
#3165=VECTOR('',#10119,10.);
#3166=VECTOR('',#10120,10.);
#3167=VECTOR('',#10123,10.);
#3168=VECTOR('',#10124,10.);
#3169=VECTOR('',#10127,10.);
#3170=VECTOR('',#10128,10.);
#3171=VECTOR('',#10131,10.);
#3172=VECTOR('',#10132,10.);
#3173=VECTOR('',#10135,10.);
#3174=VECTOR('',#10136,10.);
#3175=VECTOR('',#10139,10.);
#3176=VECTOR('',#10140,10.);
#3177=VECTOR('',#10143,10.);
#3178=VECTOR('',#10144,10.);
#3179=VECTOR('',#10147,10.);
#3180=VECTOR('',#10148,10.);
#3181=VECTOR('',#10151,10.);
#3182=VECTOR('',#10154,10.);
#3183=VECTOR('',#10155,10.);
#3184=VECTOR('',#10156,10.);
#3185=VECTOR('',#10157,10.);
#3186=VECTOR('',#10160,10.);
#3187=VECTOR('',#10161,10.);
#3188=VECTOR('',#10162,10.);
#3189=VECTOR('',#10165,10.);
#3190=VECTOR('',#10166,10.);
#3191=VECTOR('',#10167,10.);
#3192=VECTOR('',#10170,10.);
#3193=VECTOR('',#10171,10.);
#3194=VECTOR('',#10172,10.);
#3195=VECTOR('',#10175,10.);
#3196=VECTOR('',#10176,10.);
#3197=VECTOR('',#10177,10.);
#3198=VECTOR('',#10178,10.);
#3199=VECTOR('',#10179,10.);
#3200=VECTOR('',#10180,10.);
#3201=VECTOR('',#10183,10.);
#3202=VECTOR('',#10184,10.);
#3203=VECTOR('',#10185,10.);
#3204=VECTOR('',#10188,10.);
#3205=VECTOR('',#10189,10.);
#3206=VECTOR('',#10190,10.);
#3207=VECTOR('',#10193,10.);
#3208=VECTOR('',#10194,10.);
#3209=VECTOR('',#10195,10.);
#3210=VECTOR('',#10198,10.);
#3211=VECTOR('',#10199,10.);
#3212=VECTOR('',#10200,10.);
#3213=VECTOR('',#10201,10.);
#3214=VECTOR('',#10202,10.);
#3215=VECTOR('',#10203,10.);
#3216=VECTOR('',#10204,10.);
#3217=VECTOR('',#10207,10.);
#3218=VECTOR('',#10208,10.);
#3219=VECTOR('',#10209,10.);
#3220=VECTOR('',#10212,10.);
#3221=VECTOR('',#10213,10.);
#3222=VECTOR('',#10218,10.);
#3223=VECTOR('',#10219,10.);
#3224=VECTOR('',#10220,10.);
#3225=VECTOR('',#10221,10.);
#3226=VECTOR('',#10224,10.);
#3227=VECTOR('',#10225,10.);
#3228=VECTOR('',#10226,10.);
#3229=VECTOR('',#10229,10.);
#3230=VECTOR('',#10230,10.);
#3231=VECTOR('',#10233,10.);
#3232=VECTOR('',#10234,10.);
#3233=VECTOR('',#10237,10.);
#3234=VECTOR('',#10240,10.);
#3235=VECTOR('',#10241,10.);
#3236=VECTOR('',#10242,10.);
#3237=VECTOR('',#10243,10.);
#3238=VECTOR('',#10246,10.);
#3239=VECTOR('',#10247,10.);
#3240=VECTOR('',#10248,10.);
#3241=VECTOR('',#10251,10.);
#3242=VECTOR('',#10252,10.);
#3243=VECTOR('',#10253,10.);
#3244=VECTOR('',#10256,10.);
#3245=VECTOR('',#10257,10.);
#3246=VECTOR('',#10258,10.);
#3247=VECTOR('',#10261,10.);
#3248=VECTOR('',#10262,10.);
#3249=VECTOR('',#10263,10.);
#3250=VECTOR('',#10266,10.);
#3251=VECTOR('',#10267,10.);
#3252=VECTOR('',#10268,10.);
#3253=VECTOR('',#10271,10.);
#3254=VECTOR('',#10272,10.);
#3255=VECTOR('',#10277,10.);
#3256=VECTOR('',#10278,10.);
#3257=VECTOR('',#10279,10.);
#3258=VECTOR('',#10280,10.);
#3259=VECTOR('',#10281,10.);
#3260=VECTOR('',#10282,10.);
#3261=VECTOR('',#10283,10.);
#3262=VECTOR('',#10284,10.);
#3263=VECTOR('',#10285,10.);
#3264=VECTOR('',#10286,10.);
#3265=VECTOR('',#10287,10.);
#3266=VECTOR('',#10288,10.);
#3267=VECTOR('',#10291,10.);
#3268=VECTOR('',#10292,10.);
#3269=VECTOR('',#10293,10.);
#3270=VECTOR('',#10294,10.);
#3271=VECTOR('',#10297,10.);
#3272=VECTOR('',#10298,10.);
#3273=VECTOR('',#10299,10.);
#3274=VECTOR('',#10300,10.);
#3275=VECTOR('',#10301,10.);
#3276=VECTOR('',#10302,10.);
#3277=VECTOR('',#10303,10.);
#3278=VECTOR('',#10304,10.);
#3279=VECTOR('',#10305,10.);
#3280=VECTOR('',#10308,10.);
#3281=VECTOR('',#10309,10.);
#3282=VECTOR('',#10310,10.);
#3283=VECTOR('',#10313,10.);
#3284=VECTOR('',#10314,10.);
#3285=VECTOR('',#10315,10.);
#3286=VECTOR('',#10318,10.);
#3287=VECTOR('',#10319,10.);
#3288=VECTOR('',#10320,10.);
#3289=VECTOR('',#10323,10.);
#3290=VECTOR('',#10324,10.);
#3291=VECTOR('',#10325,10.);
#3292=VECTOR('',#10326,10.);
#3293=VECTOR('',#10327,10.);
#3294=VECTOR('',#10328,10.);
#3295=VECTOR('',#10329,10.);
#3296=VECTOR('',#10334,10.);
#3297=VECTOR('',#10335,10.);
#3298=VECTOR('',#10336,10.);
#3299=VECTOR('',#10337,10.);
#3300=VECTOR('',#10340,10.);
#3301=VECTOR('',#10341,10.);
#3302=VECTOR('',#10342,10.);
#3303=VECTOR('',#10345,10.);
#3304=VECTOR('',#10346,10.);
#3305=VECTOR('',#10349,10.);
#3306=VECTOR('',#10350,10.);
#3307=VECTOR('',#10353,10.);
#3308=VECTOR('',#10356,10.);
#3309=VECTOR('',#10357,10.);
#3310=VECTOR('',#10358,10.);
#3311=VECTOR('',#10359,10.);
#3312=VECTOR('',#10362,10.);
#3313=VECTOR('',#10363,10.);
#3314=VECTOR('',#10364,10.);
#3315=VECTOR('',#10365,10.);
#3316=VECTOR('',#10366,10.);
#3317=VECTOR('',#10367,10.);
#3318=VECTOR('',#10368,10.);
#3319=VECTOR('',#10369,10.);
#3320=VECTOR('',#10370,10.);
#3321=VECTOR('',#10373,10.);
#3322=VECTOR('',#10374,10.);
#3323=VECTOR('',#10375,10.);
#3324=VECTOR('',#10378,10.);
#3325=VECTOR('',#10379,10.);
#3326=VECTOR('',#10380,10.);
#3327=VECTOR('',#10383,10.);
#3328=VECTOR('',#10384,10.);
#3329=VECTOR('',#10385,10.);
#3330=VECTOR('',#10388,10.);
#3331=VECTOR('',#10389,10.);
#3332=VECTOR('',#10390,10.);
#3333=VECTOR('',#10391,10.);
#3334=VECTOR('',#10392,10.);
#3335=VECTOR('',#10393,10.);
#3336=VECTOR('',#10394,10.);
#3337=VECTOR('',#10399,10.);
#3338=VECTOR('',#10400,10.);
#3339=VECTOR('',#10401,10.);
#3340=VECTOR('',#10402,10.);
#3341=VECTOR('',#10403,10.);
#3342=VECTOR('',#10404,10.);
#3343=VECTOR('',#10405,10.);
#3344=VECTOR('',#10406,10.);
#3345=VECTOR('',#10407,10.);
#3346=VECTOR('',#10408,10.);
#3347=VECTOR('',#10409,10.);
#3348=VECTOR('',#10410,10.);
#3349=VECTOR('',#10413,10.);
#3350=VECTOR('',#10414,10.);
#3351=VECTOR('',#10415,10.);
#3352=VECTOR('',#10416,10.);
#3353=VECTOR('',#10419,10.);
#3354=VECTOR('',#10420,10.);
#3355=VECTOR('',#10421,10.);
#3356=VECTOR('',#10422,10.);
#3357=VECTOR('',#10423,10.);
#3358=VECTOR('',#10424,10.);
#3359=VECTOR('',#10425,10.);
#3360=VECTOR('',#10426,10.);
#3361=VECTOR('',#10427,10.);
#3362=VECTOR('',#10428,10.);
#3363=VECTOR('',#10429,10.);
#3364=VECTOR('',#10430,10.);
#3365=VECTOR('',#10431,10.);
#3366=VECTOR('',#10432,10.);
#3367=VECTOR('',#10433,10.);
#3368=VECTOR('',#10434,10.);
#3369=VECTOR('',#10435,10.);
#3370=VECTOR('',#10436,10.);
#3371=VECTOR('',#10437,10.);
#3372=VECTOR('',#10438,10.);
#3373=VECTOR('',#10439,10.);
#3374=VECTOR('',#10472,2.75);
#3375=VECTOR('',#10477,2.75);
#3376=VECTOR('',#10482,2.75);
#3377=VECTOR('',#10489,56.);
#3378=VECTOR('',#10500,66.);
#3379=VECTOR('',#10505,63.5);
#3380=VECTOR('',#10508,61.);
#3381=VECTOR('',#10513,40.5);
#3382=VERTEX_POINT('',#10520);
#3383=VERTEX_POINT('',#10521);
#3384=VERTEX_POINT('',#10523);
#3385=VERTEX_POINT('',#10525);
#3386=VERTEX_POINT('',#10527);
#3387=VERTEX_POINT('',#10529);
#3388=VERTEX_POINT('',#10537);
#3389=VERTEX_POINT('',#10544);
#3390=VERTEX_POINT('',#10552);
#3391=VERTEX_POINT('',#10560);
#3392=VERTEX_POINT('',#10568);
#3393=VERTEX_POINT('',#10570);
#3394=VERTEX_POINT('',#10572);
#3395=VERTEX_POINT('',#10580);
#3396=VERTEX_POINT('',#10588);
#3397=VERTEX_POINT('',#10596);
#3398=VERTEX_POINT('',#10604);
#3399=VERTEX_POINT('',#10627);
#3400=VERTEX_POINT('',#10628);
#3401=VERTEX_POINT('',#10643);
#3402=VERTEX_POINT('',#10657);
#3403=VERTEX_POINT('',#10671);
#3404=VERTEX_POINT('',#10685);
#3405=VERTEX_POINT('',#10692);
#3406=VERTEX_POINT('',#10696);
#3407=VERTEX_POINT('',#10700);
#3408=VERTEX_POINT('',#10704);
#3409=VERTEX_POINT('',#10715);
#3410=VERTEX_POINT('',#10729);
#3411=VERTEX_POINT('',#10743);
#3412=VERTEX_POINT('',#10757);
#3413=VERTEX_POINT('',#10771);
#3414=VERTEX_POINT('',#10785);
#3415=VERTEX_POINT('',#10792);
#3416=VERTEX_POINT('',#10798);
#3417=VERTEX_POINT('',#10799);
#3418=VERTEX_POINT('',#10801);
#3419=VERTEX_POINT('',#10803);
#3420=VERTEX_POINT('',#10807);
#3421=VERTEX_POINT('',#10809);
#3422=VERTEX_POINT('',#10813);
#3423=VERTEX_POINT('',#10815);
#3424=VERTEX_POINT('',#10819);
#3425=VERTEX_POINT('',#10821);
#3426=VERTEX_POINT('',#10825);
#3427=VERTEX_POINT('',#10826);
#3428=VERTEX_POINT('',#10828);
#3429=VERTEX_POINT('',#10830);
#3430=VERTEX_POINT('',#10834);
#3431=VERTEX_POINT('',#10836);
#3432=VERTEX_POINT('',#10840);
#3433=VERTEX_POINT('',#10842);
#3434=VERTEX_POINT('',#10846);
#3435=VERTEX_POINT('',#10848);
#3436=VERTEX_POINT('',#10855);
#3437=VERTEX_POINT('',#10857);
#3438=VERTEX_POINT('',#10865);
#3439=VERTEX_POINT('',#10866);
#3440=VERTEX_POINT('',#10874);
#3441=VERTEX_POINT('',#10882);
#3442=VERTEX_POINT('',#10890);
#3443=VERTEX_POINT('',#10898);
#3444=VERTEX_POINT('',#10900);
#3445=VERTEX_POINT('',#10903);
#3446=VERTEX_POINT('',#10904);
#3447=VERTEX_POINT('',#10912);
#3448=VERTEX_POINT('',#10920);
#3449=VERTEX_POINT('',#10922);
#3450=VERTEX_POINT('',#10924);
#3451=VERTEX_POINT('',#10926);
#3452=VERTEX_POINT('',#10942);
#3453=VERTEX_POINT('',#10943);
#3454=VERTEX_POINT('',#10948);
#3455=VERTEX_POINT('',#10959);
#3456=VERTEX_POINT('',#10973);
#3457=VERTEX_POINT('',#10987);
#3458=VERTEX_POINT('',#10988);
#3459=VERTEX_POINT('',#11003);
#3460=VERTEX_POINT('',#11017);
#3461=VERTEX_POINT('',#11031);
#3462=VERTEX_POINT('',#11038);
#3463=VERTEX_POINT('',#11049);
#3464=VERTEX_POINT('',#11068);
#3465=VERTEX_POINT('',#11072);
#3466=VERTEX_POINT('',#11078);
#3467=VERTEX_POINT('',#11079);
#3468=VERTEX_POINT('',#11081);
#3469=VERTEX_POINT('',#11083);
#3470=VERTEX_POINT('',#11087);
#3471=VERTEX_POINT('',#11089);
#3472=VERTEX_POINT('',#11093);
#3473=VERTEX_POINT('',#11095);
#3474=VERTEX_POINT('',#11099);
#3475=VERTEX_POINT('',#11101);
#3476=VERTEX_POINT('',#11105);
#3477=VERTEX_POINT('',#11107);
#3478=VERTEX_POINT('',#11111);
#3479=VERTEX_POINT('',#11113);
#3480=VERTEX_POINT('',#11117);
#3481=VERTEX_POINT('',#11119);
#3482=VERTEX_POINT('',#11123);
#3483=VERTEX_POINT('',#11125);
#3484=VERTEX_POINT('',#11129);
#3485=VERTEX_POINT('',#11131);
#3486=VERTEX_POINT('',#11135);
#3487=VERTEX_POINT('',#11137);
#3488=VERTEX_POINT('',#11141);
#3489=VERTEX_POINT('',#11143);
#3490=VERTEX_POINT('',#11147);
#3491=VERTEX_POINT('',#11149);
#3492=VERTEX_POINT('',#11157);
#3493=VERTEX_POINT('',#11158);
#3494=VERTEX_POINT('',#11160);
#3495=VERTEX_POINT('',#11162);
#3496=VERTEX_POINT('',#11164);
#3497=VERTEX_POINT('',#11166);
#3498=VERTEX_POINT('',#11168);
#3499=VERTEX_POINT('',#11170);
#3500=VERTEX_POINT('',#11173);
#3501=VERTEX_POINT('',#11174);
#3502=VERTEX_POINT('',#11176);
#3503=VERTEX_POINT('',#11180);
#3504=VERTEX_POINT('',#11181);
#3505=VERTEX_POINT('',#11186);
#3506=VERTEX_POINT('',#11190);
#3507=VERTEX_POINT('',#11191);
#3508=VERTEX_POINT('',#11196);
#3509=VERTEX_POINT('',#11200);
#3510=VERTEX_POINT('',#11204);
#3511=VERTEX_POINT('',#11210);
#3512=VERTEX_POINT('',#11214);
#3513=VERTEX_POINT('',#11218);
#3514=VERTEX_POINT('',#11231);
#3515=VERTEX_POINT('',#11232);
#3516=VERTEX_POINT('',#11237);
#3517=VERTEX_POINT('',#11239);
#3518=VERTEX_POINT('',#11256);
#3519=VERTEX_POINT('',#11261);
#3520=VERTEX_POINT('',#11278);
#3521=VERTEX_POINT('',#11283);
#3522=VERTEX_POINT('',#11300);
#3523=VERTEX_POINT('',#11305);
#3524=VERTEX_POINT('',#11315);
#3525=VERTEX_POINT('',#11317);
#3526=VERTEX_POINT('',#11321);
#3527=VERTEX_POINT('',#11323);
#3528=VERTEX_POINT('',#11334);
#3529=VERTEX_POINT('',#11339);
#3530=VERTEX_POINT('',#11356);
#3531=VERTEX_POINT('',#11361);
#3532=VERTEX_POINT('',#11378);
#3533=VERTEX_POINT('',#11383);
#3534=VERTEX_POINT('',#11400);
#3535=VERTEX_POINT('',#11405);
#3536=VERTEX_POINT('',#11422);
#3537=VERTEX_POINT('',#11427);
#3538=VERTEX_POINT('',#11444);
#3539=VERTEX_POINT('',#11449);
#3540=VERTEX_POINT('',#11466);
#3541=VERTEX_POINT('',#11471);
#3542=VERTEX_POINT('',#11487);
#3543=VERTEX_POINT('',#11492);
#3544=VERTEX_POINT('',#11502);
#3545=VERTEX_POINT('',#11504);
#3546=VERTEX_POINT('',#11508);
#3547=VERTEX_POINT('',#11510);
#3548=VERTEX_POINT('',#11521);
#3549=VERTEX_POINT('',#11526);
#3550=VERTEX_POINT('',#11543);
#3551=VERTEX_POINT('',#11548);
#3552=VERTEX_POINT('',#11565);
#3553=VERTEX_POINT('',#11570);
#3554=VERTEX_POINT('',#11600);
#3555=VERTEX_POINT('',#11601);
#3556=VERTEX_POINT('',#11603);
#3557=VERTEX_POINT('',#11610);
#3558=VERTEX_POINT('',#11618);
#3559=VERTEX_POINT('',#11626);
#3560=VERTEX_POINT('',#11634);
#3561=VERTEX_POINT('',#11642);
#3562=VERTEX_POINT('',#11650);
#3563=VERTEX_POINT('',#11658);
#3564=VERTEX_POINT('',#11666);
#3565=VERTEX_POINT('',#11668);
#3566=VERTEX_POINT('',#11670);
#3567=VERTEX_POINT('',#11678);
#3568=VERTEX_POINT('',#11686);
#3569=VERTEX_POINT('',#11694);
#3570=VERTEX_POINT('',#11702);
#3571=VERTEX_POINT('',#11710);
#3572=VERTEX_POINT('',#11718);
#3573=VERTEX_POINT('',#11726);
#3574=VERTEX_POINT('',#11736);
#3575=VERTEX_POINT('',#11737);
#3576=VERTEX_POINT('',#11749);
#3577=VERTEX_POINT('',#11763);
#3578=VERTEX_POINT('',#11777);
#3579=VERTEX_POINT('',#11791);
#3580=VERTEX_POINT('',#11805);
#3581=VERTEX_POINT('',#11819);
#3582=VERTEX_POINT('',#11833);
#3583=VERTEX_POINT('',#11847);
#3584=VERTEX_POINT('',#11854);
#3585=VERTEX_POINT('',#11858);
#3586=VERTEX_POINT('',#11869);
#3587=VERTEX_POINT('',#11883);
#3588=VERTEX_POINT('',#11897);
#3589=VERTEX_POINT('',#11911);
#3590=VERTEX_POINT('',#11925);
#3591=VERTEX_POINT('',#11939);
#3592=VERTEX_POINT('',#11953);
#3593=VERTEX_POINT('',#11967);
#3594=VERTEX_POINT('',#11976);
#3595=VERTEX_POINT('',#11977);
#3596=VERTEX_POINT('',#11979);
#3597=VERTEX_POINT('',#11981);
#3598=VERTEX_POINT('',#11992);
#3599=VERTEX_POINT('',#11997);
#3600=VERTEX_POINT('',#12014);
#3601=VERTEX_POINT('',#12019);
#3602=VERTEX_POINT('',#12036);
#3603=VERTEX_POINT('',#12041);
#3604=VERTEX_POINT('',#12058);
#3605=VERTEX_POINT('',#12063);
#3606=VERTEX_POINT('',#12079);
#3607=VERTEX_POINT('',#12084);
#3608=VERTEX_POINT('',#12101);
#3609=VERTEX_POINT('',#12106);
#3610=VERTEX_POINT('',#12123);
#3611=VERTEX_POINT('',#12128);
#3612=VERTEX_POINT('',#12145);
#3613=VERTEX_POINT('',#12150);
#3614=VERTEX_POINT('',#12160);
#3615=VERTEX_POINT('',#12162);
#3616=VERTEX_POINT('',#12166);
#3617=VERTEX_POINT('',#12168);
#3618=VERTEX_POINT('',#12179);
#3619=VERTEX_POINT('',#12184);
#3620=VERTEX_POINT('',#12201);
#3621=VERTEX_POINT('',#12206);
#3622=VERTEX_POINT('',#12222);
#3623=VERTEX_POINT('',#12227);
#3624=VERTEX_POINT('',#12244);
#3625=VERTEX_POINT('',#12249);
#3626=VERTEX_POINT('',#12266);
#3627=VERTEX_POINT('',#12271);
#3628=VERTEX_POINT('',#12288);
#3629=VERTEX_POINT('',#12293);
#3630=VERTEX_POINT('',#12310);
#3631=VERTEX_POINT('',#12315);
#3632=VERTEX_POINT('',#12332);
#3633=VERTEX_POINT('',#12337);
#3634=VERTEX_POINT('',#12350);
#3635=VERTEX_POINT('',#12351);
#3636=VERTEX_POINT('',#12359);
#3637=VERTEX_POINT('',#12367);
#3638=VERTEX_POINT('',#12375);
#3639=VERTEX_POINT('',#12383);
#3640=VERTEX_POINT('',#12385);
#3641=VERTEX_POINT('',#12387);
#3642=VERTEX_POINT('',#12389);
#3643=VERTEX_POINT('',#12397);
#3644=VERTEX_POINT('',#12405);
#3645=VERTEX_POINT('',#12413);
#3646=VERTEX_POINT('',#12421);
#3647=VERTEX_POINT('',#12423);
#3648=VERTEX_POINT('',#12427);
#3649=VERTEX_POINT('',#12428);
#3650=VERTEX_POINT('',#12433);
#3651=VERTEX_POINT('',#12437);
#3652=VERTEX_POINT('',#12448);
#3653=VERTEX_POINT('',#12462);
#3654=VERTEX_POINT('',#12476);
#3655=VERTEX_POINT('',#12490);
#3656=VERTEX_POINT('',#12497);
#3657=VERTEX_POINT('',#12501);
#3658=VERTEX_POINT('',#12505);
#3659=VERTEX_POINT('',#12516);
#3660=VERTEX_POINT('',#12530);
#3661=VERTEX_POINT('',#12544);
#3662=VERTEX_POINT('',#12563);
#3663=VERTEX_POINT('',#12564);
#3664=VERTEX_POINT('',#12566);
#3665=VERTEX_POINT('',#12568);
#3666=VERTEX_POINT('',#12572);
#3667=VERTEX_POINT('',#12574);
#3668=VERTEX_POINT('',#12578);
#3669=VERTEX_POINT('',#12580);
#3670=VERTEX_POINT('',#12584);
#3671=VERTEX_POINT('',#12586);
#3672=VERTEX_POINT('',#12590);
#3673=VERTEX_POINT('',#12592);
#3674=VERTEX_POINT('',#12596);
#3675=VERTEX_POINT('',#12598);
#3676=VERTEX_POINT('',#12602);
#3677=VERTEX_POINT('',#12604);
#3678=VERTEX_POINT('',#12608);
#3679=VERTEX_POINT('',#12610);
#3680=VERTEX_POINT('',#12614);
#3681=VERTEX_POINT('',#12616);
#3682=VERTEX_POINT('',#12620);
#3683=VERTEX_POINT('',#12622);
#3684=VERTEX_POINT('',#12626);
#3685=VERTEX_POINT('',#12628);
#3686=VERTEX_POINT('',#12636);
#3687=VERTEX_POINT('',#12637);
#3688=VERTEX_POINT('',#12645);
#3689=VERTEX_POINT('',#12653);
#3690=VERTEX_POINT('',#12661);
#3691=VERTEX_POINT('',#12669);
#3692=VERTEX_POINT('',#12671);
#3693=VERTEX_POINT('',#12673);
#3694=VERTEX_POINT('',#12681);
#3695=VERTEX_POINT('',#12689);
#3696=VERTEX_POINT('',#12697);
#3697=VERTEX_POINT('',#12705);
#3698=VERTEX_POINT('',#12713);
#3699=VERTEX_POINT('',#12721);
#3700=VERTEX_POINT('',#12728);
#3701=VERTEX_POINT('',#12736);
#3702=VERTEX_POINT('',#12738);
#3703=VERTEX_POINT('',#12740);
#3704=VERTEX_POINT('',#12747);
#3705=VERTEX_POINT('',#12755);
#3706=VERTEX_POINT('',#12778);
#3707=VERTEX_POINT('',#12779);
#3708=VERTEX_POINT('',#12794);
#3709=VERTEX_POINT('',#12808);
#3710=VERTEX_POINT('',#12822);
#3711=VERTEX_POINT('',#12829);
#3712=VERTEX_POINT('',#12833);
#3713=VERTEX_POINT('',#12844);
#3714=VERTEX_POINT('',#12858);
#3715=VERTEX_POINT('',#12872);
#3716=VERTEX_POINT('',#12886);
#3717=VERTEX_POINT('',#12900);
#3718=VERTEX_POINT('',#12914);
#3719=VERTEX_POINT('',#12928);
#3720=VERTEX_POINT('',#12942);
#3721=VERTEX_POINT('',#12949);
#3722=VERTEX_POINT('',#12953);
#3723=VERTEX_POINT('',#12964);
#3724=VERTEX_POINT('',#12978);
#3725=VERTEX_POINT('',#12992);
#3726=VERTEX_POINT('',#13011);
#3727=VERTEX_POINT('',#13012);
#3728=VERTEX_POINT('',#13014);
#3729=VERTEX_POINT('',#13016);
#3730=VERTEX_POINT('',#13020);
#3731=VERTEX_POINT('',#13022);
#3732=VERTEX_POINT('',#13026);
#3733=VERTEX_POINT('',#13028);
#3734=VERTEX_POINT('',#13032);
#3735=VERTEX_POINT('',#13034);
#3736=VERTEX_POINT('',#13038);
#3737=VERTEX_POINT('',#13040);
#3738=VERTEX_POINT('',#13044);
#3739=VERTEX_POINT('',#13046);
#3740=VERTEX_POINT('',#13050);
#3741=VERTEX_POINT('',#13052);
#3742=VERTEX_POINT('',#13060);
#3743=VERTEX_POINT('',#13061);
#3744=VERTEX_POINT('',#13063);
#3745=VERTEX_POINT('',#13065);
#3746=VERTEX_POINT('',#13067);
#3747=VERTEX_POINT('',#13069);
#3748=VERTEX_POINT('',#13071);
#3749=VERTEX_POINT('',#13073);
#3750=VERTEX_POINT('',#13075);
#3751=VERTEX_POINT('',#13077);
#3752=VERTEX_POINT('',#13081);
#3753=VERTEX_POINT('',#13082);
#3754=VERTEX_POINT('',#13087);
#3755=VERTEX_POINT('',#13091);
#3756=VERTEX_POINT('',#13095);
#3757=VERTEX_POINT('',#13099);
#3758=VERTEX_POINT('',#13103);
#3759=VERTEX_POINT('',#13107);
#3760=VERTEX_POINT('',#13111);
#3761=VERTEX_POINT('',#13115);
#3762=VERTEX_POINT('',#13121);
#3763=VERTEX_POINT('',#13122);
#3764=VERTEX_POINT('',#13124);
#3765=VERTEX_POINT('',#13126);
#3766=VERTEX_POINT('',#13130);
#3767=VERTEX_POINT('',#13132);
#3768=VERTEX_POINT('',#13136);
#3769=VERTEX_POINT('',#13138);
#3770=VERTEX_POINT('',#13142);
#3771=VERTEX_POINT('',#13144);
#3772=VERTEX_POINT('',#13148);
#3773=VERTEX_POINT('',#13150);
#3774=VERTEX_POINT('',#13161);
#3775=VERTEX_POINT('',#13162);
#3776=VERTEX_POINT('',#13167);
#3777=VERTEX_POINT('',#13169);
#3778=VERTEX_POINT('',#13186);
#3779=VERTEX_POINT('',#13191);
#3780=VERTEX_POINT('',#13201);
#3781=VERTEX_POINT('',#13203);
#3782=VERTEX_POINT('',#13207);
#3783=VERTEX_POINT('',#13209);
#3784=VERTEX_POINT('',#13213);
#3785=VERTEX_POINT('',#13215);
#3786=VERTEX_POINT('',#13219);
#3787=VERTEX_POINT('',#13221);
#3788=VERTEX_POINT('',#13232);
#3789=VERTEX_POINT('',#13237);
#3790=VERTEX_POINT('',#13254);
#3791=VERTEX_POINT('',#13259);
#3792=VERTEX_POINT('',#13295);
#3793=VERTEX_POINT('',#13300);
#3794=VERTEX_POINT('',#13317);
#3795=VERTEX_POINT('',#13322);
#3796=VERTEX_POINT('',#13332);
#3797=VERTEX_POINT('',#13334);
#3798=VERTEX_POINT('',#13342);
#3799=VERTEX_POINT('',#13343);
#3800=VERTEX_POINT('',#13345);
#3801=VERTEX_POINT('',#13347);
#3802=VERTEX_POINT('',#13349);
#3803=VERTEX_POINT('',#13351);
#3804=VERTEX_POINT('',#13353);
#3805=VERTEX_POINT('',#13355);
#3806=VERTEX_POINT('',#13357);
#3807=VERTEX_POINT('',#13359);
#3808=VERTEX_POINT('',#13361);
#3809=VERTEX_POINT('',#13363);
#3810=VERTEX_POINT('',#13367);
#3811=VERTEX_POINT('',#13368);
#3812=VERTEX_POINT('',#13373);
#3813=VERTEX_POINT('',#13377);
#3814=VERTEX_POINT('',#13381);
#3815=VERTEX_POINT('',#13385);
#3816=VERTEX_POINT('',#13389);
#3817=VERTEX_POINT('',#13393);
#3818=VERTEX_POINT('',#13397);
#3819=VERTEX_POINT('',#13401);
#3820=VERTEX_POINT('',#13405);
#3821=VERTEX_POINT('',#13409);
#3822=VERTEX_POINT('',#13415);
#3823=VERTEX_POINT('',#13416);
#3824=VERTEX_POINT('',#13418);
#3825=VERTEX_POINT('',#13420);
#3826=VERTEX_POINT('',#13431);
#3827=VERTEX_POINT('',#13432);
#3828=VERTEX_POINT('',#13437);
#3829=VERTEX_POINT('',#13439);
#3830=VERTEX_POINT('',#13455);
#3831=VERTEX_POINT('',#13460);
#3832=VERTEX_POINT('',#13478);
#3833=VERTEX_POINT('',#13483);
#3834=VERTEX_POINT('',#13500);
#3835=VERTEX_POINT('',#13505);
#3836=VERTEX_POINT('',#13518);
#3837=VERTEX_POINT('',#13519);
#3838=VERTEX_POINT('',#13521);
#3839=VERTEX_POINT('',#13523);
#3840=VERTEX_POINT('',#13527);
#3841=VERTEX_POINT('',#13529);
#3842=VERTEX_POINT('',#13533);
#3843=VERTEX_POINT('',#13535);
#3844=VERTEX_POINT('',#13539);
#3845=VERTEX_POINT('',#13541);
#3846=VERTEX_POINT('',#13545);
#3847=VERTEX_POINT('',#13547);
#3848=VERTEX_POINT('',#13554);
#3849=VERTEX_POINT('',#13555);
#3850=VERTEX_POINT('',#13557);
#3851=VERTEX_POINT('',#13559);
#3852=VERTEX_POINT('',#13563);
#3853=VERTEX_POINT('',#13565);
#3854=VERTEX_POINT('',#13582);
#3855=VERTEX_POINT('',#13587);
#3856=VERTEX_POINT('',#13604);
#3857=VERTEX_POINT('',#13609);
#3858=VERTEX_POINT('',#13626);
#3859=VERTEX_POINT('',#13631);
#3860=VERTEX_POINT('',#13648);
#3861=VERTEX_POINT('',#13653);
#3862=VERTEX_POINT('',#13662);
#3863=VERTEX_POINT('',#13664);
#3864=VERTEX_POINT('',#13668);
#3865=VERTEX_POINT('',#13670);
#3866=VERTEX_POINT('',#13681);
#3867=VERTEX_POINT('',#13686);
#3868=VERTEX_POINT('',#13703);
#3869=VERTEX_POINT('',#13708);
#3870=VERTEX_POINT('',#13725);
#3871=VERTEX_POINT('',#13730);
#3872=VERTEX_POINT('',#13747);
#3873=VERTEX_POINT('',#13752);
#3874=VERTEX_POINT('',#13769);
#3875=VERTEX_POINT('',#13774);
#3876=VERTEX_POINT('',#13791);
#3877=VERTEX_POINT('',#13796);
#3878=VERTEX_POINT('',#13813);
#3879=VERTEX_POINT('',#13818);
#3880=VERTEX_POINT('',#13835);
#3881=VERTEX_POINT('',#13840);
#3882=VERTEX_POINT('',#13854);
#3883=VERTEX_POINT('',#13855);
#3884=VERTEX_POINT('',#13857);
#3885=VERTEX_POINT('',#13859);
#3886=VERTEX_POINT('',#13861);
#3887=VERTEX_POINT('',#13863);
#3888=VERTEX_POINT('',#13865);
#3889=VERTEX_POINT('',#13867);
#3890=VERTEX_POINT('',#13869);
#3891=VERTEX_POINT('',#13871);
#3892=VERTEX_POINT('',#13873);
#3893=VERTEX_POINT('',#13875);
#3894=VERTEX_POINT('',#13879);
#3895=VERTEX_POINT('',#13880);
#3896=VERTEX_POINT('',#13885);
#3897=VERTEX_POINT('',#13889);
#3898=VERTEX_POINT('',#13893);
#3899=VERTEX_POINT('',#13897);
#3900=VERTEX_POINT('',#13901);
#3901=VERTEX_POINT('',#13905);
#3902=VERTEX_POINT('',#13909);
#3903=VERTEX_POINT('',#13913);
#3904=VERTEX_POINT('',#13917);
#3905=VERTEX_POINT('',#13921);
#3906=VERTEX_POINT('',#13927);
#3907=VERTEX_POINT('',#13928);
#3908=VERTEX_POINT('',#13930);
#3909=VERTEX_POINT('',#13932);
#3910=VERTEX_POINT('',#13936);
#3911=VERTEX_POINT('',#13938);
#3912=VERTEX_POINT('',#13942);
#3913=VERTEX_POINT('',#13944);
#3914=VERTEX_POINT('',#13948);
#3915=VERTEX_POINT('',#13950);
#3916=VERTEX_POINT('',#13954);
#3917=VERTEX_POINT('',#13956);
#3918=VERTEX_POINT('',#13964);
#3919=VERTEX_POINT('',#13965);
#3920=VERTEX_POINT('',#13973);
#3921=VERTEX_POINT('',#13981);
#3922=VERTEX_POINT('',#13989);
#3923=VERTEX_POINT('',#13997);
#3924=VERTEX_POINT('',#13999);
#3925=VERTEX_POINT('',#14002);
#3926=VERTEX_POINT('',#14003);
#3927=VERTEX_POINT('',#14011);
#3928=VERTEX_POINT('',#14019);
#3929=VERTEX_POINT('',#14021);
#3930=VERTEX_POINT('',#14023);
#3931=VERTEX_POINT('',#14025);
#3932=VERTEX_POINT('',#14041);
#3933=VERTEX_POINT('',#14042);
#3934=VERTEX_POINT('',#14047);
#3935=VERTEX_POINT('',#14058);
#3936=VERTEX_POINT('',#14072);
#3937=VERTEX_POINT('',#14086);
#3938=VERTEX_POINT('',#14087);
#3939=VERTEX_POINT('',#14102);
#3940=VERTEX_POINT('',#14116);
#3941=VERTEX_POINT('',#14130);
#3942=VERTEX_POINT('',#14137);
#3943=VERTEX_POINT('',#14148);
#3944=VERTEX_POINT('',#14167);
#3945=VERTEX_POINT('',#14171);
#3946=VERTEX_POINT('',#14177);
#3947=VERTEX_POINT('',#14178);
#3948=VERTEX_POINT('',#14180);
#3949=VERTEX_POINT('',#14182);
#3950=VERTEX_POINT('',#14186);
#3951=VERTEX_POINT('',#14188);
#3952=VERTEX_POINT('',#14192);
#3953=VERTEX_POINT('',#14194);
#3954=VERTEX_POINT('',#14198);
#3955=VERTEX_POINT('',#14200);
#3956=VERTEX_POINT('',#14204);
#3957=VERTEX_POINT('',#14206);
#3958=VERTEX_POINT('',#14210);
#3959=VERTEX_POINT('',#14212);
#3960=VERTEX_POINT('',#14216);
#3961=VERTEX_POINT('',#14218);
#3962=VERTEX_POINT('',#14222);
#3963=VERTEX_POINT('',#14224);
#3964=VERTEX_POINT('',#14228);
#3965=VERTEX_POINT('',#14230);
#3966=VERTEX_POINT('',#14238);
#3967=VERTEX_POINT('',#14239);
#3968=VERTEX_POINT('',#14241);
#3969=VERTEX_POINT('',#14243);
#3970=VERTEX_POINT('',#14245);
#3971=VERTEX_POINT('',#14247);
#3972=VERTEX_POINT('',#14249);
#3973=VERTEX_POINT('',#14251);
#3974=VERTEX_POINT('',#14253);
#3975=VERTEX_POINT('',#14255);
#3976=VERTEX_POINT('',#14257);
#3977=VERTEX_POINT('',#14259);
#3978=VERTEX_POINT('',#14263);
#3979=VERTEX_POINT('',#14264);
#3980=VERTEX_POINT('',#14269);
#3981=VERTEX_POINT('',#14273);
#3982=VERTEX_POINT('',#14277);
#3983=VERTEX_POINT('',#14281);
#3984=VERTEX_POINT('',#14285);
#3985=VERTEX_POINT('',#14289);
#3986=VERTEX_POINT('',#14293);
#3987=VERTEX_POINT('',#14297);
#3988=VERTEX_POINT('',#14301);
#3989=VERTEX_POINT('',#14305);
#3990=VERTEX_POINT('',#14311);
#3991=VERTEX_POINT('',#14312);
#3992=VERTEX_POINT('',#14314);
#3993=VERTEX_POINT('',#14316);
#3994=VERTEX_POINT('',#14320);
#3995=VERTEX_POINT('',#14322);
#3996=VERTEX_POINT('',#14326);
#3997=VERTEX_POINT('',#14328);
#3998=VERTEX_POINT('',#14332);
#3999=VERTEX_POINT('',#14334);
#4000=VERTEX_POINT('',#14338);
#4001=VERTEX_POINT('',#14340);
#4002=VERTEX_POINT('',#14351);
#4003=VERTEX_POINT('',#14352);
#4004=VERTEX_POINT('',#14357);
#4005=VERTEX_POINT('',#14359);
#4006=VERTEX_POINT('',#14376);
#4007=VERTEX_POINT('',#14381);
#4008=VERTEX_POINT('',#14391);
#4009=VERTEX_POINT('',#14393);
#4010=VERTEX_POINT('',#14397);
#4011=VERTEX_POINT('',#14399);
#4012=VERTEX_POINT('',#14403);
#4013=VERTEX_POINT('',#14405);
#4014=VERTEX_POINT('',#14409);
#4015=VERTEX_POINT('',#14411);
#4016=VERTEX_POINT('',#14422);
#4017=VERTEX_POINT('',#14427);
#4018=VERTEX_POINT('',#14444);
#4019=VERTEX_POINT('',#14449);
#4020=VERTEX_POINT('',#14485);
#4021=VERTEX_POINT('',#14490);
#4022=VERTEX_POINT('',#14507);
#4023=VERTEX_POINT('',#14512);
#4024=VERTEX_POINT('',#14522);
#4025=VERTEX_POINT('',#14524);
#4026=VERTEX_POINT('',#14532);
#4027=VERTEX_POINT('',#14533);
#4028=VERTEX_POINT('',#14535);
#4029=VERTEX_POINT('',#14537);
#4030=VERTEX_POINT('',#14541);
#4031=VERTEX_POINT('',#14542);
#4032=VERTEX_POINT('',#14547);
#4033=VERTEX_POINT('',#14551);
#4034=VERTEX_POINT('',#14557);
#4035=VERTEX_POINT('',#14558);
#4036=VERTEX_POINT('',#14560);
#4037=VERTEX_POINT('',#14562);
#4038=VERTEX_POINT('',#14566);
#4039=VERTEX_POINT('',#14568);
#4040=VERTEX_POINT('',#14572);
#4041=VERTEX_POINT('',#14574);
#4042=VERTEX_POINT('',#14578);
#4043=VERTEX_POINT('',#14580);
#4044=VERTEX_POINT('',#14584);
#4045=VERTEX_POINT('',#14586);
#4046=VERTEX_POINT('',#14590);
#4047=VERTEX_POINT('',#14592);
#4048=VERTEX_POINT('',#14600);
#4049=VERTEX_POINT('',#14601);
#4050=VERTEX_POINT('',#14609);
#4051=VERTEX_POINT('',#14617);
#4052=VERTEX_POINT('',#14632);
#4053=VERTEX_POINT('',#14633);
#4054=VERTEX_POINT('',#14641);
#4055=VERTEX_POINT('',#14649);
#4056=VERTEX_POINT('',#14657);
#4057=VERTEX_POINT('',#14665);
#4058=VERTEX_POINT('',#14673);
#4059=VERTEX_POINT('',#14681);
#4060=VERTEX_POINT('',#14704);
#4061=VERTEX_POINT('',#14705);
#4062=VERTEX_POINT('',#14720);
#4063=VERTEX_POINT('',#14734);
#4064=VERTEX_POINT('',#14748);
#4065=VERTEX_POINT('',#14762);
#4066=VERTEX_POINT('',#14763);
#4067=VERTEX_POINT('',#14778);
#4068=VERTEX_POINT('',#14792);
#4069=VERTEX_POINT('',#14806);
#4070=VERTEX_POINT('',#14820);
#4071=VERTEX_POINT('',#14846);
#4072=VERTEX_POINT('',#14865);
#4073=VERTEX_POINT('',#14866);
#4074=VERTEX_POINT('',#14868);
#4075=VERTEX_POINT('',#14870);
#4076=VERTEX_POINT('',#14874);
#4077=VERTEX_POINT('',#14876);
#4078=VERTEX_POINT('',#14887);
#4079=VERTEX_POINT('',#14892);
#4080=VERTEX_POINT('',#14909);
#4081=VERTEX_POINT('',#14914);
#4082=VERTEX_POINT('',#14931);
#4083=VERTEX_POINT('',#14936);
#4084=VERTEX_POINT('',#14953);
#4085=VERTEX_POINT('',#14958);
#4086=VERTEX_POINT('',#14975);
#4087=VERTEX_POINT('',#14980);
#4088=VERTEX_POINT('',#14997);
#4089=VERTEX_POINT('',#15002);
#4090=VERTEX_POINT('',#15012);
#4091=VERTEX_POINT('',#15014);
#4092=VERTEX_POINT('',#15018);
#4093=VERTEX_POINT('',#15020);
#4094=VERTEX_POINT('',#15024);
#4095=VERTEX_POINT('',#15026);
#4096=VERTEX_POINT('',#15030);
#4097=VERTEX_POINT('',#15032);
#4098=VERTEX_POINT('',#15043);
#4099=VERTEX_POINT('',#15048);
#4100=VERTEX_POINT('',#15065);
#4101=VERTEX_POINT('',#15070);
#4102=VERTEX_POINT('',#15087);
#4103=VERTEX_POINT('',#15092);
#4104=VERTEX_POINT('',#15109);
#4105=VERTEX_POINT('',#15114);
#4106=VERTEX_POINT('',#15144);
#4107=VERTEX_POINT('',#15145);
#4108=VERTEX_POINT('',#15147);
#4109=VERTEX_POINT('',#15149);
#4110=VERTEX_POINT('',#15153);
#4111=VERTEX_POINT('',#15154);
#4112=VERTEX_POINT('',#15159);
#4113=VERTEX_POINT('',#15163);
#4114=VERTEX_POINT('',#15169);
#4115=VERTEX_POINT('',#15170);
#4116=VERTEX_POINT('',#15172);
#4117=VERTEX_POINT('',#15174);
#4118=VERTEX_POINT('',#15178);
#4119=VERTEX_POINT('',#15180);
#4120=VERTEX_POINT('',#15191);
#4121=VERTEX_POINT('',#15196);
#4122=VERTEX_POINT('',#15213);
#4123=VERTEX_POINT('',#15218);
#4124=VERTEX_POINT('',#15235);
#4125=VERTEX_POINT('',#15240);
#4126=VERTEX_POINT('',#15257);
#4127=VERTEX_POINT('',#15262);
#4128=VERTEX_POINT('',#15279);
#4129=VERTEX_POINT('',#15284);
#4130=VERTEX_POINT('',#15301);
#4131=VERTEX_POINT('',#15306);
#4132=VERTEX_POINT('',#15316);
#4133=VERTEX_POINT('',#15318);
#4134=VERTEX_POINT('',#15322);
#4135=VERTEX_POINT('',#15324);
#4136=VERTEX_POINT('',#15328);
#4137=VERTEX_POINT('',#15330);
#4138=VERTEX_POINT('',#15334);
#4139=VERTEX_POINT('',#15336);
#4140=VERTEX_POINT('',#15347);
#4141=VERTEX_POINT('',#15352);
#4142=VERTEX_POINT('',#15369);
#4143=VERTEX_POINT('',#15374);
#4144=VERTEX_POINT('',#15391);
#4145=VERTEX_POINT('',#15396);
#4146=VERTEX_POINT('',#15413);
#4147=VERTEX_POINT('',#15418);
#4148=VERTEX_POINT('',#15448);
#4149=VERTEX_POINT('',#15449);
#4150=VERTEX_POINT('',#15457);
#4151=VERTEX_POINT('',#15465);
#4152=VERTEX_POINT('',#15480);
#4153=VERTEX_POINT('',#15481);
#4154=VERTEX_POINT('',#15489);
#4155=VERTEX_POINT('',#15497);
#4156=VERTEX_POINT('',#15505);
#4157=VERTEX_POINT('',#15513);
#4158=VERTEX_POINT('',#15521);
#4159=VERTEX_POINT('',#15529);
#4160=VERTEX_POINT('',#15552);
#4161=VERTEX_POINT('',#15553);
#4162=VERTEX_POINT('',#15568);
#4163=VERTEX_POINT('',#15582);
#4164=VERTEX_POINT('',#15596);
#4165=VERTEX_POINT('',#15610);
#4166=VERTEX_POINT('',#15611);
#4167=VERTEX_POINT('',#15626);
#4168=VERTEX_POINT('',#15640);
#4169=VERTEX_POINT('',#15654);
#4170=VERTEX_POINT('',#15668);
#4171=VERTEX_POINT('',#15694);
#4172=VERTEX_POINT('',#15713);
#4173=VERTEX_POINT('',#15714);
#4174=VERTEX_POINT('',#15716);
#4175=VERTEX_POINT('',#15718);
#4176=VERTEX_POINT('',#15722);
#4177=VERTEX_POINT('',#15724);
#4178=VERTEX_POINT('',#15735);
#4179=VERTEX_POINT('',#15740);
#4180=VERTEX_POINT('',#15757);
#4181=VERTEX_POINT('',#15762);
#4182=VERTEX_POINT('',#15779);
#4183=VERTEX_POINT('',#15784);
#4184=VERTEX_POINT('',#15801);
#4185=VERTEX_POINT('',#15806);
#4186=VERTEX_POINT('',#15823);
#4187=VERTEX_POINT('',#15828);
#4188=VERTEX_POINT('',#15845);
#4189=VERTEX_POINT('',#15846);
#4190=VERTEX_POINT('',#15851);
#4191=VERTEX_POINT('',#15853);
#4192=VERTEX_POINT('',#15870);
#4193=VERTEX_POINT('',#15875);
#4194=VERTEX_POINT('',#15893);
#4195=VERTEX_POINT('',#15898);
#4196=VERTEX_POINT('',#15915);
#4197=VERTEX_POINT('',#15920);
#4198=VERTEX_POINT('',#15937);
#4199=VERTEX_POINT('',#15942);
#4200=VERTEX_POINT('',#15959);
#4201=VERTEX_POINT('',#15964);
#4202=VERTEX_POINT('',#15981);
#4203=VERTEX_POINT('',#15986);
#4204=VERTEX_POINT('',#16003);
#4205=VERTEX_POINT('',#16008);
#4206=VERTEX_POINT('',#16025);
#4207=VERTEX_POINT('',#16030);
#4208=VERTEX_POINT('',#16066);
#4209=VERTEX_POINT('',#16071);
#4210=VERTEX_POINT('',#16088);
#4211=VERTEX_POINT('',#16093);
#4212=VERTEX_POINT('',#16110);
#4213=VERTEX_POINT('',#16115);
#4214=VERTEX_POINT('',#16146);
#4215=VERTEX_POINT('',#16148);
#4216=VERTEX_POINT('',#16150);
#4217=VERTEX_POINT('',#16152);
#4218=VERTEX_POINT('',#16154);
#4219=VERTEX_POINT('',#16164);
#4220=VERTEX_POINT('',#16168);
#4221=VERTEX_POINT('',#16172);
#4222=VERTEX_POINT('',#16176);
#4223=VERTEX_POINT('',#16178);
#4224=VERTEX_POINT('',#16182);
#4225=VERTEX_POINT('',#16185);
#4226=VERTEX_POINT('',#16189);
#4227=VERTEX_POINT('',#16196);
#4228=EDGE_CURVE('',#3382,#3383,#1648,.T.);
#4229=EDGE_CURVE('',#3384,#3382,#1649,.T.);
#4230=EDGE_CURVE('',#3385,#3384,#1650,.T.);
#4231=EDGE_CURVE('',#3386,#3385,#1651,.T.);
#4232=EDGE_CURVE('',#3387,#3386,#1259,.T.);
#4233=EDGE_CURVE('',#3388,#3387,#1260,.T.);
#4234=EDGE_CURVE('',#3389,#3388,#1261,.T.);
#4235=EDGE_CURVE('',#3390,#3389,#1262,.T.);
#4236=EDGE_CURVE('',#3391,#3390,#1263,.T.);
#4237=EDGE_CURVE('',#3392,#3391,#1652,.T.);
#4238=EDGE_CURVE('',#3393,#3392,#1653,.T.);
#4239=EDGE_CURVE('',#3394,#3393,#1264,.T.);
#4240=EDGE_CURVE('',#3395,#3394,#1265,.T.);
#4241=EDGE_CURVE('',#3396,#3395,#1266,.T.);
#4242=EDGE_CURVE('',#3397,#3396,#1267,.T.);
#4243=EDGE_CURVE('',#3398,#3397,#1268,.T.);
#4244=EDGE_CURVE('',#3383,#3398,#1269,.T.);
#4245=EDGE_CURVE('',#3399,#3400,#1270,.T.);
#4246=EDGE_CURVE('',#3391,#3399,#1654,.T.);
#4247=EDGE_CURVE('',#3390,#3400,#1655,.T.);
#4248=EDGE_CURVE('',#3400,#3401,#1271,.T.);
#4249=EDGE_CURVE('',#3389,#3401,#1656,.T.);
#4250=EDGE_CURVE('',#3401,#3402,#1272,.T.);
#4251=EDGE_CURVE('',#3388,#3402,#1657,.T.);
#4252=EDGE_CURVE('',#3402,#3403,#1273,.T.);
#4253=EDGE_CURVE('',#3387,#3403,#1658,.T.);
#4254=EDGE_CURVE('',#3403,#3404,#1274,.T.);
#4255=EDGE_CURVE('',#3386,#3404,#1659,.T.);
#4256=EDGE_CURVE('',#3404,#3405,#1660,.T.);
#4257=EDGE_CURVE('',#3385,#3405,#1661,.T.);
#4258=EDGE_CURVE('',#3405,#3406,#1662,.T.);
#4259=EDGE_CURVE('',#3384,#3406,#1663,.T.);
#4260=EDGE_CURVE('',#3406,#3407,#1664,.T.);
#4261=EDGE_CURVE('',#3382,#3407,#1665,.T.);
#4262=EDGE_CURVE('',#3407,#3408,#1666,.T.);
#4263=EDGE_CURVE('',#3383,#3408,#1667,.T.);
#4264=EDGE_CURVE('',#3408,#3409,#1275,.T.);
#4265=EDGE_CURVE('',#3398,#3409,#1668,.T.);
#4266=EDGE_CURVE('',#3409,#3410,#1276,.T.);
#4267=EDGE_CURVE('',#3397,#3410,#1669,.T.);
#4268=EDGE_CURVE('',#3410,#3411,#1277,.T.);
#4269=EDGE_CURVE('',#3396,#3411,#1670,.T.);
#4270=EDGE_CURVE('',#3411,#3412,#1278,.T.);
#4271=EDGE_CURVE('',#3395,#3412,#1671,.T.);
#4272=EDGE_CURVE('',#3412,#3413,#1279,.T.);
#4273=EDGE_CURVE('',#3394,#3413,#1672,.T.);
#4274=EDGE_CURVE('',#3413,#3414,#1280,.T.);
#4275=EDGE_CURVE('',#3393,#3414,#1673,.T.);
#4276=EDGE_CURVE('',#3414,#3415,#1674,.T.);
#4277=EDGE_CURVE('',#3392,#3415,#1675,.T.);
#4278=EDGE_CURVE('',#3415,#3399,#1676,.T.);
#4279=EDGE_CURVE('',#3416,#3417,#1677,.T.);
#4280=EDGE_CURVE('',#3418,#3416,#1678,.T.);
#4281=EDGE_CURVE('',#3418,#3419,#1679,.T.);
#4282=EDGE_CURVE('',#3419,#3417,#1680,.T.);
#4283=EDGE_CURVE('',#3420,#3416,#1681,.T.);
#4284=EDGE_CURVE('',#3421,#3420,#1682,.T.);
#4285=EDGE_CURVE('',#3421,#3418,#1683,.T.);
#4286=EDGE_CURVE('',#3422,#3420,#1684,.T.);
#4287=EDGE_CURVE('',#3423,#3422,#1685,.T.);
#4288=EDGE_CURVE('',#3423,#3421,#1686,.T.);
#4289=EDGE_CURVE('',#3424,#3422,#1687,.T.);
#4290=EDGE_CURVE('',#3425,#3424,#1688,.T.);
#4291=EDGE_CURVE('',#3425,#3423,#1689,.T.);
#4292=EDGE_CURVE('',#3426,#3427,#1690,.T.);
#4293=EDGE_CURVE('',#3428,#3426,#1691,.T.);
#4294=EDGE_CURVE('',#3428,#3429,#1692,.T.);
#4295=EDGE_CURVE('',#3429,#3427,#1693,.T.);
#4296=EDGE_CURVE('',#3430,#3424,#1694,.T.);
#4297=EDGE_CURVE('',#3431,#3430,#1695,.T.);
#4298=EDGE_CURVE('',#3431,#3425,#1696,.T.);
#4299=EDGE_CURVE('',#3432,#3430,#1697,.T.);
#4300=EDGE_CURVE('',#3433,#3432,#1698,.T.);
#4301=EDGE_CURVE('',#3433,#3431,#1699,.T.);
#4302=EDGE_CURVE('',#3434,#3432,#1700,.T.);
#4303=EDGE_CURVE('',#3435,#3434,#1701,.T.);
#4304=EDGE_CURVE('',#3435,#3433,#1702,.T.);
#4305=EDGE_CURVE('',#3417,#3434,#1703,.T.);
#4306=EDGE_CURVE('',#3419,#3435,#1704,.T.);
#4307=EDGE_CURVE('',#3436,#3426,#1705,.T.);
#4308=EDGE_CURVE('',#3437,#3436,#1706,.T.);
#4309=EDGE_CURVE('',#3437,#3428,#1707,.T.);
#4310=EDGE_CURVE('',#3427,#3436,#1708,.T.);
#4311=EDGE_CURVE('',#3429,#3437,#1709,.T.);
#4312=EDGE_CURVE('',#3438,#3439,#1281,.T.);
#4313=EDGE_CURVE('',#3440,#3438,#1282,.T.);
#4314=EDGE_CURVE('',#3441,#3440,#1283,.T.);
#4315=EDGE_CURVE('',#3442,#3441,#1284,.T.);
#4316=EDGE_CURVE('',#3443,#3442,#1710,.T.);
#4317=EDGE_CURVE('',#3444,#3443,#1711,.T.);
#4318=EDGE_CURVE('',#3439,#3444,#1712,.T.);
#4319=EDGE_CURVE('',#3445,#3446,#1285,.T.);
#4320=EDGE_CURVE('',#3447,#3445,#1286,.T.);
#4321=EDGE_CURVE('',#3448,#3447,#1713,.T.);
#4322=EDGE_CURVE('',#3449,#3448,#1714,.T.);
#4323=EDGE_CURVE('',#3450,#3449,#1715,.T.);
#4324=EDGE_CURVE('',#3451,#3450,#1287,.T.);
#4325=EDGE_CURVE('',#3446,#3451,#1288,.T.);
#4326=EDGE_CURVE('',#3452,#3453,#1716,.T.);
#4327=EDGE_CURVE('',#3449,#3452,#1717,.T.);
#4328=EDGE_CURVE('',#3448,#3453,#1718,.T.);
#4329=EDGE_CURVE('',#3453,#3454,#1719,.T.);
#4330=EDGE_CURVE('',#3447,#3454,#1720,.T.);
#4331=EDGE_CURVE('',#3454,#3455,#1289,.T.);
#4332=EDGE_CURVE('',#3445,#3455,#1721,.T.);
#4333=EDGE_CURVE('',#3455,#3456,#1290,.T.);
#4334=EDGE_CURVE('',#3446,#3456,#1722,.T.);
#4335=EDGE_CURVE('',#3457,#3458,#1291,.T.);
#4336=EDGE_CURVE('',#3442,#3457,#1723,.T.);
#4337=EDGE_CURVE('',#3441,#3458,#1724,.T.);
#4338=EDGE_CURVE('',#3458,#3459,#1292,.T.);
#4339=EDGE_CURVE('',#3440,#3459,#1725,.T.);
#4340=EDGE_CURVE('',#3459,#3460,#1293,.T.);
#4341=EDGE_CURVE('',#3438,#3460,#1726,.T.);
#4342=EDGE_CURVE('',#3460,#3461,#1294,.T.);
#4343=EDGE_CURVE('',#3439,#3461,#1727,.T.);
#4344=EDGE_CURVE('',#3462,#3452,#1728,.T.);
#4345=EDGE_CURVE('',#3450,#3462,#1729,.T.);
#4346=EDGE_CURVE('',#3463,#3462,#1295,.T.);
#4347=EDGE_CURVE('',#3451,#3463,#1730,.T.);
#4348=EDGE_CURVE('',#3456,#3463,#1296,.T.);
#4349=EDGE_CURVE('',#3461,#3464,#1731,.T.);
#4350=EDGE_CURVE('',#3444,#3464,#1732,.T.);
#4351=EDGE_CURVE('',#3464,#3465,#1733,.T.);
#4352=EDGE_CURVE('',#3443,#3465,#1734,.T.);
#4353=EDGE_CURVE('',#3465,#3457,#1735,.T.);
#4354=EDGE_CURVE('',#3466,#3467,#1736,.T.);
#4355=EDGE_CURVE('',#3468,#3466,#1737,.T.);
#4356=EDGE_CURVE('',#3468,#3469,#1738,.T.);
#4357=EDGE_CURVE('',#3469,#3467,#1739,.T.);
#4358=EDGE_CURVE('',#3470,#3466,#1740,.T.);
#4359=EDGE_CURVE('',#3471,#3470,#1741,.T.);
#4360=EDGE_CURVE('',#3471,#3468,#1742,.T.);
#4361=EDGE_CURVE('',#3472,#3470,#1743,.T.);
#4362=EDGE_CURVE('',#3473,#3472,#1744,.T.);
#4363=EDGE_CURVE('',#3473,#3471,#1745,.T.);
#4364=EDGE_CURVE('',#3474,#3472,#1746,.T.);
#4365=EDGE_CURVE('',#3475,#3474,#1747,.T.);
#4366=EDGE_CURVE('',#3475,#3473,#1748,.T.);
#4367=EDGE_CURVE('',#3476,#3474,#1749,.T.);
#4368=EDGE_CURVE('',#3477,#3476,#1750,.T.);
#4369=EDGE_CURVE('',#3477,#3475,#1751,.T.);
#4370=EDGE_CURVE('',#3478,#3476,#1752,.T.);
#4371=EDGE_CURVE('',#3479,#3478,#1753,.T.);
#4372=EDGE_CURVE('',#3479,#3477,#1754,.T.);
#4373=EDGE_CURVE('',#3480,#3478,#1755,.T.);
#4374=EDGE_CURVE('',#3481,#3480,#1756,.T.);
#4375=EDGE_CURVE('',#3481,#3479,#1757,.T.);
#4376=EDGE_CURVE('',#3482,#3480,#1758,.T.);
#4377=EDGE_CURVE('',#3483,#3482,#1759,.T.);
#4378=EDGE_CURVE('',#3483,#3481,#1760,.T.);
#4379=EDGE_CURVE('',#3484,#3482,#1761,.T.);
#4380=EDGE_CURVE('',#3485,#3484,#1762,.T.);
#4381=EDGE_CURVE('',#3485,#3483,#1763,.T.);
#4382=EDGE_CURVE('',#3486,#3484,#1764,.T.);
#4383=EDGE_CURVE('',#3487,#3486,#1765,.T.);
#4384=EDGE_CURVE('',#3487,#3485,#1766,.T.);
#4385=EDGE_CURVE('',#3488,#3486,#1767,.T.);
#4386=EDGE_CURVE('',#3489,#3488,#1768,.T.);
#4387=EDGE_CURVE('',#3489,#3487,#1769,.T.);
#4388=EDGE_CURVE('',#3490,#3488,#1770,.T.);
#4389=EDGE_CURVE('',#3491,#3490,#1771,.T.);
#4390=EDGE_CURVE('',#3491,#3489,#1772,.T.);
#4391=EDGE_CURVE('',#3467,#3490,#1773,.T.);
#4392=EDGE_CURVE('',#3469,#3491,#1774,.T.);
#4393=EDGE_CURVE('',#3492,#3493,#1775,.T.);
#4394=EDGE_CURVE('',#3494,#3492,#1776,.T.);
#4395=EDGE_CURVE('',#3495,#3494,#1777,.T.);
#4396=EDGE_CURVE('',#3496,#3495,#1778,.T.);
#4397=EDGE_CURVE('',#3497,#3496,#1779,.T.);
#4398=EDGE_CURVE('',#3498,#3497,#1780,.T.);
#4399=EDGE_CURVE('',#3499,#3498,#1781,.T.);
#4400=EDGE_CURVE('',#3493,#3499,#1782,.T.);
#4401=EDGE_CURVE('',#3500,#3501,#1783,.T.);
#4402=EDGE_CURVE('',#3502,#3500,#1784,.T.);
#4403=EDGE_CURVE('',#3501,#3502,#1785,.T.);
#4404=EDGE_CURVE('',#3503,#3504,#1786,.T.);
#4405=EDGE_CURVE('',#3502,#3503,#1787,.T.);
#4406=EDGE_CURVE('',#3500,#3504,#1788,.T.);
#4407=EDGE_CURVE('',#3504,#3505,#1789,.T.);
#4408=EDGE_CURVE('',#3501,#3505,#1790,.T.);
#4409=EDGE_CURVE('',#3506,#3507,#1791,.T.);
#4410=EDGE_CURVE('',#3496,#3506,#1792,.T.);
#4411=EDGE_CURVE('',#3495,#3507,#1793,.T.);
#4412=EDGE_CURVE('',#3507,#3508,#1794,.T.);
#4413=EDGE_CURVE('',#3494,#3508,#1795,.T.);
#4414=EDGE_CURVE('',#3508,#3509,#1796,.T.);
#4415=EDGE_CURVE('',#3492,#3509,#1797,.T.);
#4416=EDGE_CURVE('',#3509,#3510,#1798,.T.);
#4417=EDGE_CURVE('',#3493,#3510,#1799,.T.);
#4418=EDGE_CURVE('',#3505,#3503,#1800,.T.);
#4419=EDGE_CURVE('',#3510,#3511,#1801,.T.);
#4420=EDGE_CURVE('',#3499,#3511,#1802,.T.);
#4421=EDGE_CURVE('',#3511,#3512,#1803,.T.);
#4422=EDGE_CURVE('',#3498,#3512,#1804,.T.);
#4423=EDGE_CURVE('',#3512,#3513,#1805,.T.);
#4424=EDGE_CURVE('',#3497,#3513,#1806,.T.);
#4425=EDGE_CURVE('',#3513,#3506,#1807,.T.);
#4426=EDGE_CURVE('',#3514,#3515,#1297,.T.);
#4427=EDGE_CURVE('',#3516,#3514,#1808,.T.);
#4428=EDGE_CURVE('',#3516,#3517,#1298,.T.);
#4429=EDGE_CURVE('',#3517,#3515,#1809,.T.);
#4430=EDGE_CURVE('',#3518,#3514,#1299,.T.);
#4431=EDGE_CURVE('',#3519,#3518,#1810,.T.);
#4432=EDGE_CURVE('',#3519,#3516,#1300,.T.);
#4433=EDGE_CURVE('',#3520,#3518,#1301,.T.);
#4434=EDGE_CURVE('',#3521,#3520,#1811,.T.);
#4435=EDGE_CURVE('',#3521,#3519,#1302,.T.);
#4436=EDGE_CURVE('',#3522,#3520,#1303,.T.);
#4437=EDGE_CURVE('',#3523,#3522,#1812,.T.);
#4438=EDGE_CURVE('',#3523,#3521,#1304,.T.);
#4439=EDGE_CURVE('',#3524,#3522,#1813,.T.);
#4440=EDGE_CURVE('',#3525,#3524,#1814,.T.);
#4441=EDGE_CURVE('',#3525,#3523,#1815,.T.);
#4442=EDGE_CURVE('',#3526,#3524,#1816,.T.);
#4443=EDGE_CURVE('',#3527,#3526,#1817,.T.);
#4444=EDGE_CURVE('',#3527,#3525,#1818,.T.);
#4445=EDGE_CURVE('',#3528,#3526,#1305,.T.);
#4446=EDGE_CURVE('',#3529,#3528,#1819,.T.);
#4447=EDGE_CURVE('',#3529,#3527,#1306,.T.);
#4448=EDGE_CURVE('',#3530,#3528,#1307,.T.);
#4449=EDGE_CURVE('',#3531,#3530,#1820,.T.);
#4450=EDGE_CURVE('',#3531,#3529,#1308,.T.);
#4451=EDGE_CURVE('',#3532,#3530,#1309,.T.);
#4452=EDGE_CURVE('',#3533,#3532,#1821,.T.);
#4453=EDGE_CURVE('',#3533,#3531,#1310,.T.);
#4454=EDGE_CURVE('',#3534,#3532,#1311,.T.);
#4455=EDGE_CURVE('',#3535,#3534,#1822,.T.);
#4456=EDGE_CURVE('',#3535,#3533,#1312,.T.);
#4457=EDGE_CURVE('',#3536,#3534,#1313,.T.);
#4458=EDGE_CURVE('',#3537,#3536,#1823,.T.);
#4459=EDGE_CURVE('',#3537,#3535,#1314,.T.);
#4460=EDGE_CURVE('',#3538,#3536,#1315,.T.);
#4461=EDGE_CURVE('',#3539,#3538,#1824,.T.);
#4462=EDGE_CURVE('',#3539,#3537,#1316,.T.);
#4463=EDGE_CURVE('',#3540,#3538,#1317,.T.);
#4464=EDGE_CURVE('',#3541,#3540,#1825,.T.);
#4465=EDGE_CURVE('',#3541,#3539,#1318,.T.);
#4466=EDGE_CURVE('',#3542,#3540,#1319,.T.);
#4467=EDGE_CURVE('',#3543,#3542,#1826,.T.);
#4468=EDGE_CURVE('',#3543,#3541,#1320,.T.);
#4469=EDGE_CURVE('',#3544,#3542,#1827,.T.);
#4470=EDGE_CURVE('',#3545,#3544,#1828,.T.);
#4471=EDGE_CURVE('',#3545,#3543,#1829,.T.);
#4472=EDGE_CURVE('',#3546,#3544,#1830,.T.);
#4473=EDGE_CURVE('',#3547,#3546,#1831,.T.);
#4474=EDGE_CURVE('',#3547,#3545,#1832,.T.);
#4475=EDGE_CURVE('',#3548,#3546,#1321,.T.);
#4476=EDGE_CURVE('',#3549,#3548,#1833,.T.);
#4477=EDGE_CURVE('',#3549,#3547,#1322,.T.);
#4478=EDGE_CURVE('',#3550,#3548,#1323,.T.);
#4479=EDGE_CURVE('',#3551,#3550,#1834,.T.);
#4480=EDGE_CURVE('',#3551,#3549,#1324,.T.);
#4481=EDGE_CURVE('',#3552,#3550,#1325,.T.);
#4482=EDGE_CURVE('',#3553,#3552,#1835,.T.);
#4483=EDGE_CURVE('',#3553,#3551,#1326,.T.);
#4484=EDGE_CURVE('',#3515,#3552,#1327,.T.);
#4485=EDGE_CURVE('',#3517,#3553,#1328,.T.);
#4486=EDGE_CURVE('',#3554,#3555,#1836,.T.);
#4487=EDGE_CURVE('',#3556,#3554,#1329,.T.);
#4488=EDGE_CURVE('',#3557,#3556,#1330,.T.);
#4489=EDGE_CURVE('',#3558,#3557,#1331,.T.);
#4490=EDGE_CURVE('',#3559,#3558,#1332,.T.);
#4491=EDGE_CURVE('',#3560,#3559,#1333,.T.);
#4492=EDGE_CURVE('',#3561,#3560,#1334,.T.);
#4493=EDGE_CURVE('',#3562,#3561,#1335,.T.);
#4494=EDGE_CURVE('',#3563,#3562,#1336,.T.);
#4495=EDGE_CURVE('',#3564,#3563,#1837,.T.);
#4496=EDGE_CURVE('',#3565,#3564,#1838,.T.);
#4497=EDGE_CURVE('',#3566,#3565,#1337,.T.);
#4498=EDGE_CURVE('',#3567,#3566,#1338,.T.);
#4499=EDGE_CURVE('',#3568,#3567,#1339,.T.);
#4500=EDGE_CURVE('',#3569,#3568,#1340,.T.);
#4501=EDGE_CURVE('',#3570,#3569,#1341,.T.);
#4502=EDGE_CURVE('',#3571,#3570,#1342,.T.);
#4503=EDGE_CURVE('',#3572,#3571,#1343,.T.);
#4504=EDGE_CURVE('',#3573,#3572,#1344,.T.);
#4505=EDGE_CURVE('',#3555,#3573,#1839,.T.);
#4506=EDGE_CURVE('',#3574,#3575,#1840,.T.);
#4507=EDGE_CURVE('',#3564,#3574,#1841,.T.);
#4508=EDGE_CURVE('',#3563,#3575,#1842,.T.);
#4509=EDGE_CURVE('',#3575,#3576,#1345,.T.);
#4510=EDGE_CURVE('',#3562,#3576,#1843,.T.);
#4511=EDGE_CURVE('',#3576,#3577,#1346,.T.);
#4512=EDGE_CURVE('',#3561,#3577,#1844,.T.);
#4513=EDGE_CURVE('',#3577,#3578,#1347,.T.);
#4514=EDGE_CURVE('',#3560,#3578,#1845,.T.);
#4515=EDGE_CURVE('',#3578,#3579,#1348,.T.);
#4516=EDGE_CURVE('',#3559,#3579,#1846,.T.);
#4517=EDGE_CURVE('',#3579,#3580,#1349,.T.);
#4518=EDGE_CURVE('',#3558,#3580,#1847,.T.);
#4519=EDGE_CURVE('',#3580,#3581,#1350,.T.);
#4520=EDGE_CURVE('',#3557,#3581,#1848,.T.);
#4521=EDGE_CURVE('',#3581,#3582,#1351,.T.);
#4522=EDGE_CURVE('',#3556,#3582,#1849,.T.);
#4523=EDGE_CURVE('',#3582,#3583,#1352,.T.);
#4524=EDGE_CURVE('',#3554,#3583,#1850,.T.);
#4525=EDGE_CURVE('',#3583,#3584,#1851,.T.);
#4526=EDGE_CURVE('',#3555,#3584,#1852,.T.);
#4527=EDGE_CURVE('',#3584,#3585,#1853,.T.);
#4528=EDGE_CURVE('',#3573,#3585,#1854,.T.);
#4529=EDGE_CURVE('',#3585,#3586,#1353,.T.);
#4530=EDGE_CURVE('',#3572,#3586,#1855,.T.);
#4531=EDGE_CURVE('',#3586,#3587,#1354,.T.);
#4532=EDGE_CURVE('',#3571,#3587,#1856,.T.);
#4533=EDGE_CURVE('',#3587,#3588,#1355,.T.);
#4534=EDGE_CURVE('',#3570,#3588,#1857,.T.);
#4535=EDGE_CURVE('',#3588,#3589,#1356,.T.);
#4536=EDGE_CURVE('',#3569,#3589,#1858,.T.);
#4537=EDGE_CURVE('',#3589,#3590,#1357,.T.);
#4538=EDGE_CURVE('',#3568,#3590,#1859,.T.);
#4539=EDGE_CURVE('',#3590,#3591,#1358,.T.);
#4540=EDGE_CURVE('',#3567,#3591,#1860,.T.);
#4541=EDGE_CURVE('',#3591,#3592,#1359,.T.);
#4542=EDGE_CURVE('',#3566,#3592,#1861,.T.);
#4543=EDGE_CURVE('',#3592,#3593,#1360,.T.);
#4544=EDGE_CURVE('',#3565,#3593,#1862,.T.);
#4545=EDGE_CURVE('',#3593,#3574,#1863,.T.);
#4546=EDGE_CURVE('',#3594,#3595,#1864,.T.);
#4547=EDGE_CURVE('',#3596,#3594,#1865,.T.);
#4548=EDGE_CURVE('',#3596,#3597,#1866,.T.);
#4549=EDGE_CURVE('',#3597,#3595,#1867,.T.);
#4550=EDGE_CURVE('',#3598,#3594,#1361,.T.);
#4551=EDGE_CURVE('',#3599,#3598,#1868,.T.);
#4552=EDGE_CURVE('',#3599,#3596,#1362,.T.);
#4553=EDGE_CURVE('',#3600,#3598,#1363,.T.);
#4554=EDGE_CURVE('',#3601,#3600,#1869,.T.);
#4555=EDGE_CURVE('',#3601,#3599,#1364,.T.);
#4556=EDGE_CURVE('',#3602,#3600,#1365,.T.);
#4557=EDGE_CURVE('',#3603,#3602,#1870,.T.);
#4558=EDGE_CURVE('',#3603,#3601,#1366,.T.);
#4559=EDGE_CURVE('',#3604,#3602,#1367,.T.);
#4560=EDGE_CURVE('',#3605,#3604,#1871,.T.);
#4561=EDGE_CURVE('',#3605,#3603,#1368,.T.);
#4562=EDGE_CURVE('',#3606,#3604,#1369,.T.);
#4563=EDGE_CURVE('',#3607,#3606,#1872,.T.);
#4564=EDGE_CURVE('',#3607,#3605,#1370,.T.);
#4565=EDGE_CURVE('',#3608,#3606,#1371,.T.);
#4566=EDGE_CURVE('',#3609,#3608,#1873,.T.);
#4567=EDGE_CURVE('',#3609,#3607,#1372,.T.);
#4568=EDGE_CURVE('',#3610,#3608,#1373,.T.);
#4569=EDGE_CURVE('',#3611,#3610,#1874,.T.);
#4570=EDGE_CURVE('',#3611,#3609,#1374,.T.);
#4571=EDGE_CURVE('',#3612,#3610,#1375,.T.);
#4572=EDGE_CURVE('',#3613,#3612,#1875,.T.);
#4573=EDGE_CURVE('',#3613,#3611,#1376,.T.);
#4574=EDGE_CURVE('',#3614,#3612,#1876,.T.);
#4575=EDGE_CURVE('',#3615,#3614,#1877,.T.);
#4576=EDGE_CURVE('',#3615,#3613,#1878,.T.);
#4577=EDGE_CURVE('',#3616,#3614,#1879,.T.);
#4578=EDGE_CURVE('',#3617,#3616,#1880,.T.);
#4579=EDGE_CURVE('',#3617,#3615,#1881,.T.);
#4580=EDGE_CURVE('',#3618,#3616,#1377,.T.);
#4581=EDGE_CURVE('',#3619,#3618,#1882,.T.);
#4582=EDGE_CURVE('',#3619,#3617,#1378,.T.);
#4583=EDGE_CURVE('',#3620,#3618,#1379,.T.);
#4584=EDGE_CURVE('',#3621,#3620,#1883,.T.);
#4585=EDGE_CURVE('',#3621,#3619,#1380,.T.);
#4586=EDGE_CURVE('',#3622,#3620,#1381,.T.);
#4587=EDGE_CURVE('',#3623,#3622,#1884,.T.);
#4588=EDGE_CURVE('',#3623,#3621,#1382,.T.);
#4589=EDGE_CURVE('',#3624,#3622,#1383,.T.);
#4590=EDGE_CURVE('',#3625,#3624,#1885,.T.);
#4591=EDGE_CURVE('',#3625,#3623,#1384,.T.);
#4592=EDGE_CURVE('',#3626,#3624,#1385,.T.);
#4593=EDGE_CURVE('',#3627,#3626,#1886,.T.);
#4594=EDGE_CURVE('',#3627,#3625,#1386,.T.);
#4595=EDGE_CURVE('',#3628,#3626,#1387,.T.);
#4596=EDGE_CURVE('',#3629,#3628,#1887,.T.);
#4597=EDGE_CURVE('',#3629,#3627,#1388,.T.);
#4598=EDGE_CURVE('',#3630,#3628,#1389,.T.);
#4599=EDGE_CURVE('',#3631,#3630,#1888,.T.);
#4600=EDGE_CURVE('',#3631,#3629,#1390,.T.);
#4601=EDGE_CURVE('',#3632,#3630,#1391,.T.);
#4602=EDGE_CURVE('',#3633,#3632,#1889,.T.);
#4603=EDGE_CURVE('',#3633,#3631,#1392,.T.);
#4604=EDGE_CURVE('',#3595,#3632,#1890,.T.);
#4605=EDGE_CURVE('',#3597,#3633,#1891,.T.);
#4606=EDGE_CURVE('',#3634,#3635,#1393,.T.);
#4607=EDGE_CURVE('',#3636,#3634,#1394,.T.);
#4608=EDGE_CURVE('',#3637,#3636,#1395,.T.);
#4609=EDGE_CURVE('',#3638,#3637,#1396,.T.);
#4610=EDGE_CURVE('',#3639,#3638,#1892,.T.);
#4611=EDGE_CURVE('',#3640,#3639,#1893,.T.);
#4612=EDGE_CURVE('',#3641,#3640,#1894,.T.);
#4613=EDGE_CURVE('',#3642,#3641,#1397,.T.);
#4614=EDGE_CURVE('',#3643,#3642,#1398,.T.);
#4615=EDGE_CURVE('',#3644,#3643,#1399,.T.);
#4616=EDGE_CURVE('',#3645,#3644,#1400,.T.);
#4617=EDGE_CURVE('',#3646,#3645,#1895,.T.);
#4618=EDGE_CURVE('',#3647,#3646,#1896,.T.);
#4619=EDGE_CURVE('',#3635,#3647,#1897,.T.);
#4620=EDGE_CURVE('',#3648,#3649,#1898,.T.);
#4621=EDGE_CURVE('',#3641,#3648,#1899,.T.);
#4622=EDGE_CURVE('',#3640,#3649,#1900,.T.);
#4623=EDGE_CURVE('',#3649,#3650,#1901,.T.);
#4624=EDGE_CURVE('',#3639,#3650,#1902,.T.);
#4625=EDGE_CURVE('',#3650,#3651,#1903,.T.);
#4626=EDGE_CURVE('',#3638,#3651,#1904,.T.);
#4627=EDGE_CURVE('',#3651,#3652,#1401,.T.);
#4628=EDGE_CURVE('',#3637,#3652,#1905,.T.);
#4629=EDGE_CURVE('',#3652,#3653,#1402,.T.);
#4630=EDGE_CURVE('',#3636,#3653,#1906,.T.);
#4631=EDGE_CURVE('',#3653,#3654,#1403,.T.);
#4632=EDGE_CURVE('',#3634,#3654,#1907,.T.);
#4633=EDGE_CURVE('',#3654,#3655,#1404,.T.);
#4634=EDGE_CURVE('',#3635,#3655,#1908,.T.);
#4635=EDGE_CURVE('',#3655,#3656,#1909,.T.);
#4636=EDGE_CURVE('',#3647,#3656,#1910,.T.);
#4637=EDGE_CURVE('',#3656,#3657,#1911,.T.);
#4638=EDGE_CURVE('',#3646,#3657,#1912,.T.);
#4639=EDGE_CURVE('',#3657,#3658,#1913,.T.);
#4640=EDGE_CURVE('',#3645,#3658,#1914,.T.);
#4641=EDGE_CURVE('',#3658,#3659,#1405,.T.);
#4642=EDGE_CURVE('',#3644,#3659,#1915,.T.);
#4643=EDGE_CURVE('',#3659,#3660,#1406,.T.);
#4644=EDGE_CURVE('',#3643,#3660,#1916,.T.);
#4645=EDGE_CURVE('',#3660,#3661,#1407,.T.);
#4646=EDGE_CURVE('',#3642,#3661,#1917,.T.);
#4647=EDGE_CURVE('',#3661,#3648,#1408,.T.);
#4648=EDGE_CURVE('',#3662,#3663,#1918,.T.);
#4649=EDGE_CURVE('',#3664,#3662,#1919,.T.);
#4650=EDGE_CURVE('',#3664,#3665,#1920,.T.);
#4651=EDGE_CURVE('',#3665,#3663,#1921,.T.);
#4652=EDGE_CURVE('',#3666,#3662,#1922,.T.);
#4653=EDGE_CURVE('',#3667,#3666,#1923,.T.);
#4654=EDGE_CURVE('',#3667,#3664,#1924,.T.);
#4655=EDGE_CURVE('',#3668,#3666,#1925,.T.);
#4656=EDGE_CURVE('',#3669,#3668,#1926,.T.);
#4657=EDGE_CURVE('',#3669,#3667,#1927,.T.);
#4658=EDGE_CURVE('',#3670,#3668,#1928,.T.);
#4659=EDGE_CURVE('',#3671,#3670,#1929,.T.);
#4660=EDGE_CURVE('',#3671,#3669,#1930,.T.);
#4661=EDGE_CURVE('',#3672,#3670,#1931,.T.);
#4662=EDGE_CURVE('',#3673,#3672,#1932,.T.);
#4663=EDGE_CURVE('',#3673,#3671,#1933,.T.);
#4664=EDGE_CURVE('',#3674,#3672,#1934,.T.);
#4665=EDGE_CURVE('',#3675,#3674,#1935,.T.);
#4666=EDGE_CURVE('',#3675,#3673,#1936,.T.);
#4667=EDGE_CURVE('',#3676,#3674,#1937,.T.);
#4668=EDGE_CURVE('',#3677,#3676,#1938,.T.);
#4669=EDGE_CURVE('',#3677,#3675,#1939,.T.);
#4670=EDGE_CURVE('',#3678,#3676,#1940,.T.);
#4671=EDGE_CURVE('',#3679,#3678,#1941,.T.);
#4672=EDGE_CURVE('',#3679,#3677,#1942,.T.);
#4673=EDGE_CURVE('',#3680,#3678,#1943,.T.);
#4674=EDGE_CURVE('',#3681,#3680,#1944,.T.);
#4675=EDGE_CURVE('',#3681,#3679,#1945,.T.);
#4676=EDGE_CURVE('',#3682,#3680,#1946,.T.);
#4677=EDGE_CURVE('',#3683,#3682,#1947,.T.);
#4678=EDGE_CURVE('',#3683,#3681,#1948,.T.);
#4679=EDGE_CURVE('',#3684,#3682,#1949,.T.);
#4680=EDGE_CURVE('',#3685,#3684,#1950,.T.);
#4681=EDGE_CURVE('',#3685,#3683,#1951,.T.);
#4682=EDGE_CURVE('',#3663,#3684,#1952,.T.);
#4683=EDGE_CURVE('',#3665,#3685,#1953,.T.);
#4684=EDGE_CURVE('',#3686,#3687,#1409,.T.);
#4685=EDGE_CURVE('',#3688,#3686,#1410,.T.);
#4686=EDGE_CURVE('',#3689,#3688,#1411,.T.);
#4687=EDGE_CURVE('',#3690,#3689,#1412,.T.);
#4688=EDGE_CURVE('',#3691,#3690,#1954,.T.);
#4689=EDGE_CURVE('',#3692,#3691,#1955,.T.);
#4690=EDGE_CURVE('',#3693,#3692,#1413,.T.);
#4691=EDGE_CURVE('',#3694,#3693,#1414,.T.);
#4692=EDGE_CURVE('',#3695,#3694,#1415,.T.);
#4693=EDGE_CURVE('',#3696,#3695,#1416,.T.);
#4694=EDGE_CURVE('',#3697,#3696,#1417,.T.);
#4695=EDGE_CURVE('',#3698,#3697,#1418,.T.);
#4696=EDGE_CURVE('',#3699,#3698,#1419,.T.);
#4697=EDGE_CURVE('',#3700,#3699,#1420,.T.);
#4698=EDGE_CURVE('',#3701,#3700,#1956,.T.);
#4699=EDGE_CURVE('',#3702,#3701,#1957,.T.);
#4700=EDGE_CURVE('',#3703,#3702,#1421,.T.);
#4701=EDGE_CURVE('',#3704,#3703,#1422,.T.);
#4702=EDGE_CURVE('',#3705,#3704,#1423,.T.);
#4703=EDGE_CURVE('',#3687,#3705,#1424,.T.);
#4704=EDGE_CURVE('',#3706,#3707,#1425,.T.);
#4705=EDGE_CURVE('',#3696,#3706,#1958,.T.);
#4706=EDGE_CURVE('',#3695,#3707,#1959,.T.);
#4707=EDGE_CURVE('',#3707,#3708,#1426,.T.);
#4708=EDGE_CURVE('',#3694,#3708,#1960,.T.);
#4709=EDGE_CURVE('',#3708,#3709,#1427,.T.);
#4710=EDGE_CURVE('',#3693,#3709,#1961,.T.);
#4711=EDGE_CURVE('',#3709,#3710,#1428,.T.);
#4712=EDGE_CURVE('',#3692,#3710,#1962,.T.);
#4713=EDGE_CURVE('',#3710,#3711,#1963,.T.);
#4714=EDGE_CURVE('',#3691,#3711,#1964,.T.);
#4715=EDGE_CURVE('',#3711,#3712,#1965,.T.);
#4716=EDGE_CURVE('',#3690,#3712,#1966,.T.);
#4717=EDGE_CURVE('',#3712,#3713,#1429,.T.);
#4718=EDGE_CURVE('',#3689,#3713,#1967,.T.);
#4719=EDGE_CURVE('',#3713,#3714,#1430,.T.);
#4720=EDGE_CURVE('',#3688,#3714,#1968,.T.);
#4721=EDGE_CURVE('',#3714,#3715,#1431,.T.);
#4722=EDGE_CURVE('',#3686,#3715,#1969,.T.);
#4723=EDGE_CURVE('',#3715,#3716,#1432,.T.);
#4724=EDGE_CURVE('',#3687,#3716,#1970,.T.);
#4725=EDGE_CURVE('',#3716,#3717,#1433,.T.);
#4726=EDGE_CURVE('',#3705,#3717,#1971,.T.);
#4727=EDGE_CURVE('',#3717,#3718,#1434,.T.);
#4728=EDGE_CURVE('',#3704,#3718,#1972,.T.);
#4729=EDGE_CURVE('',#3718,#3719,#1435,.T.);
#4730=EDGE_CURVE('',#3703,#3719,#1973,.T.);
#4731=EDGE_CURVE('',#3719,#3720,#1436,.T.);
#4732=EDGE_CURVE('',#3702,#3720,#1974,.T.);
#4733=EDGE_CURVE('',#3720,#3721,#1975,.T.);
#4734=EDGE_CURVE('',#3701,#3721,#1976,.T.);
#4735=EDGE_CURVE('',#3721,#3722,#1977,.T.);
#4736=EDGE_CURVE('',#3700,#3722,#1978,.T.);
#4737=EDGE_CURVE('',#3722,#3723,#1437,.T.);
#4738=EDGE_CURVE('',#3699,#3723,#1979,.T.);
#4739=EDGE_CURVE('',#3723,#3724,#1438,.T.);
#4740=EDGE_CURVE('',#3698,#3724,#1980,.T.);
#4741=EDGE_CURVE('',#3724,#3725,#1439,.T.);
#4742=EDGE_CURVE('',#3697,#3725,#1981,.T.);
#4743=EDGE_CURVE('',#3725,#3706,#1440,.T.);
#4744=EDGE_CURVE('',#3726,#3727,#1982,.T.);
#4745=EDGE_CURVE('',#3728,#3726,#1983,.T.);
#4746=EDGE_CURVE('',#3728,#3729,#1984,.T.);
#4747=EDGE_CURVE('',#3729,#3727,#1985,.T.);
#4748=EDGE_CURVE('',#3730,#3726,#1986,.T.);
#4749=EDGE_CURVE('',#3731,#3730,#1987,.T.);
#4750=EDGE_CURVE('',#3731,#3728,#1988,.T.);
#4751=EDGE_CURVE('',#3732,#3730,#1989,.T.);
#4752=EDGE_CURVE('',#3733,#3732,#1990,.T.);
#4753=EDGE_CURVE('',#3733,#3731,#1991,.T.);
#4754=EDGE_CURVE('',#3734,#3732,#1992,.T.);
#4755=EDGE_CURVE('',#3735,#3734,#1993,.T.);
#4756=EDGE_CURVE('',#3735,#3733,#1994,.T.);
#4757=EDGE_CURVE('',#3736,#3734,#1995,.T.);
#4758=EDGE_CURVE('',#3737,#3736,#1996,.T.);
#4759=EDGE_CURVE('',#3737,#3735,#1997,.T.);
#4760=EDGE_CURVE('',#3738,#3736,#1998,.T.);
#4761=EDGE_CURVE('',#3739,#3738,#1999,.T.);
#4762=EDGE_CURVE('',#3739,#3737,#2000,.T.);
#4763=EDGE_CURVE('',#3740,#3738,#2001,.T.);
#4764=EDGE_CURVE('',#3741,#3740,#2002,.T.);
#4765=EDGE_CURVE('',#3741,#3739,#2003,.T.);
#4766=EDGE_CURVE('',#3727,#3740,#2004,.T.);
#4767=EDGE_CURVE('',#3729,#3741,#2005,.T.);
#4768=EDGE_CURVE('',#3742,#3743,#2006,.T.);
#4769=EDGE_CURVE('',#3744,#3742,#2007,.T.);
#4770=EDGE_CURVE('',#3745,#3744,#2008,.T.);
#4771=EDGE_CURVE('',#3746,#3745,#2009,.T.);
#4772=EDGE_CURVE('',#3747,#3746,#2010,.T.);
#4773=EDGE_CURVE('',#3748,#3747,#2011,.T.);
#4774=EDGE_CURVE('',#3749,#3748,#2012,.T.);
#4775=EDGE_CURVE('',#3750,#3749,#2013,.T.);
#4776=EDGE_CURVE('',#3751,#3750,#2014,.T.);
#4777=EDGE_CURVE('',#3743,#3751,#2015,.T.);
#4778=EDGE_CURVE('',#3752,#3753,#2016,.T.);
#4779=EDGE_CURVE('',#3747,#3752,#2017,.T.);
#4780=EDGE_CURVE('',#3746,#3753,#2018,.T.);
#4781=EDGE_CURVE('',#3753,#3754,#2019,.T.);
#4782=EDGE_CURVE('',#3745,#3754,#2020,.T.);
#4783=EDGE_CURVE('',#3754,#3755,#2021,.T.);
#4784=EDGE_CURVE('',#3744,#3755,#2022,.T.);
#4785=EDGE_CURVE('',#3755,#3756,#2023,.T.);
#4786=EDGE_CURVE('',#3742,#3756,#2024,.T.);
#4787=EDGE_CURVE('',#3756,#3757,#2025,.T.);
#4788=EDGE_CURVE('',#3743,#3757,#2026,.T.);
#4789=EDGE_CURVE('',#3757,#3758,#2027,.T.);
#4790=EDGE_CURVE('',#3751,#3758,#2028,.T.);
#4791=EDGE_CURVE('',#3758,#3759,#2029,.T.);
#4792=EDGE_CURVE('',#3750,#3759,#2030,.T.);
#4793=EDGE_CURVE('',#3759,#3760,#2031,.T.);
#4794=EDGE_CURVE('',#3749,#3760,#2032,.T.);
#4795=EDGE_CURVE('',#3760,#3761,#2033,.T.);
#4796=EDGE_CURVE('',#3748,#3761,#2034,.T.);
#4797=EDGE_CURVE('',#3761,#3752,#2035,.T.);
#4798=EDGE_CURVE('',#3762,#3763,#2036,.T.);
#4799=EDGE_CURVE('',#3764,#3762,#2037,.T.);
#4800=EDGE_CURVE('',#3764,#3765,#2038,.T.);
#4801=EDGE_CURVE('',#3765,#3763,#2039,.T.);
#4802=EDGE_CURVE('',#3766,#3762,#2040,.T.);
#4803=EDGE_CURVE('',#3767,#3766,#2041,.T.);
#4804=EDGE_CURVE('',#3767,#3764,#2042,.T.);
#4805=EDGE_CURVE('',#3768,#3766,#2043,.T.);
#4806=EDGE_CURVE('',#3769,#3768,#2044,.T.);
#4807=EDGE_CURVE('',#3769,#3767,#2045,.T.);
#4808=EDGE_CURVE('',#3770,#3768,#2046,.T.);
#4809=EDGE_CURVE('',#3771,#3770,#2047,.T.);
#4810=EDGE_CURVE('',#3771,#3769,#2048,.T.);
#4811=EDGE_CURVE('',#3772,#3770,#2049,.T.);
#4812=EDGE_CURVE('',#3773,#3772,#2050,.T.);
#4813=EDGE_CURVE('',#3773,#3771,#2051,.T.);
#4814=EDGE_CURVE('',#3774,#3775,#1441,.T.);
#4815=EDGE_CURVE('',#3776,#3774,#2052,.T.);
#4816=EDGE_CURVE('',#3776,#3777,#1442,.T.);
#4817=EDGE_CURVE('',#3777,#3775,#2053,.T.);
#4818=EDGE_CURVE('',#3775,#3778,#1443,.T.);
#4819=EDGE_CURVE('',#3777,#3779,#1444,.T.);
#4820=EDGE_CURVE('',#3779,#3778,#2054,.T.);
#4821=EDGE_CURVE('',#3778,#3780,#2055,.T.);
#4822=EDGE_CURVE('',#3779,#3781,#2056,.T.);
#4823=EDGE_CURVE('',#3781,#3780,#2057,.T.);
#4824=EDGE_CURVE('',#3782,#3772,#2058,.T.);
#4825=EDGE_CURVE('',#3783,#3782,#2059,.T.);
#4826=EDGE_CURVE('',#3783,#3773,#2060,.T.);
#4827=EDGE_CURVE('',#3784,#3782,#2061,.T.);
#4828=EDGE_CURVE('',#3785,#3784,#2062,.T.);
#4829=EDGE_CURVE('',#3785,#3783,#2063,.T.);
#4830=EDGE_CURVE('',#3786,#3784,#2064,.T.);
#4831=EDGE_CURVE('',#3787,#3786,#2065,.T.);
#4832=EDGE_CURVE('',#3787,#3785,#2066,.T.);
#4833=EDGE_CURVE('',#3788,#3786,#1445,.T.);
#4834=EDGE_CURVE('',#3789,#3788,#2067,.T.);
#4835=EDGE_CURVE('',#3789,#3787,#1446,.T.);
#4836=EDGE_CURVE('',#3790,#3788,#1447,.T.);
#4837=EDGE_CURVE('',#3791,#3790,#2068,.T.);
#4838=EDGE_CURVE('',#3791,#3789,#1448,.T.);
#4839=EDGE_CURVE('',#3763,#3790,#1449,.T.);
#4840=EDGE_CURVE('',#3765,#3791,#1450,.T.);
#4841=EDGE_CURVE('',#3792,#3774,#1451,.T.);
#4842=EDGE_CURVE('',#3793,#3792,#2069,.T.);
#4843=EDGE_CURVE('',#3793,#3776,#1452,.T.);
#4844=EDGE_CURVE('',#3794,#3792,#1453,.T.);
#4845=EDGE_CURVE('',#3795,#3794,#2070,.T.);
#4846=EDGE_CURVE('',#3795,#3793,#1454,.T.);
#4847=EDGE_CURVE('',#3796,#3794,#2071,.T.);
#4848=EDGE_CURVE('',#3797,#3796,#2072,.T.);
#4849=EDGE_CURVE('',#3797,#3795,#2073,.T.);
#4850=EDGE_CURVE('',#3780,#3796,#2074,.T.);
#4851=EDGE_CURVE('',#3781,#3797,#2075,.T.);
#4852=EDGE_CURVE('',#3798,#3799,#2076,.T.);
#4853=EDGE_CURVE('',#3800,#3798,#2077,.T.);
#4854=EDGE_CURVE('',#3801,#3800,#2078,.T.);
#4855=EDGE_CURVE('',#3802,#3801,#2079,.T.);
#4856=EDGE_CURVE('',#3803,#3802,#2080,.T.);
#4857=EDGE_CURVE('',#3804,#3803,#2081,.T.);
#4858=EDGE_CURVE('',#3805,#3804,#2082,.T.);
#4859=EDGE_CURVE('',#3806,#3805,#2083,.T.);
#4860=EDGE_CURVE('',#3807,#3806,#2084,.T.);
#4861=EDGE_CURVE('',#3808,#3807,#2085,.T.);
#4862=EDGE_CURVE('',#3809,#3808,#2086,.T.);
#4863=EDGE_CURVE('',#3799,#3809,#2087,.T.);
#4864=EDGE_CURVE('',#3810,#3811,#2088,.T.);
#4865=EDGE_CURVE('',#3804,#3810,#2089,.T.);
#4866=EDGE_CURVE('',#3803,#3811,#2090,.T.);
#4867=EDGE_CURVE('',#3811,#3812,#2091,.T.);
#4868=EDGE_CURVE('',#3802,#3812,#2092,.T.);
#4869=EDGE_CURVE('',#3812,#3813,#2093,.T.);
#4870=EDGE_CURVE('',#3801,#3813,#2094,.T.);
#4871=EDGE_CURVE('',#3813,#3814,#2095,.T.);
#4872=EDGE_CURVE('',#3800,#3814,#2096,.T.);
#4873=EDGE_CURVE('',#3814,#3815,#2097,.T.);
#4874=EDGE_CURVE('',#3798,#3815,#2098,.T.);
#4875=EDGE_CURVE('',#3815,#3816,#2099,.T.);
#4876=EDGE_CURVE('',#3799,#3816,#2100,.T.);
#4877=EDGE_CURVE('',#3816,#3817,#2101,.T.);
#4878=EDGE_CURVE('',#3809,#3817,#2102,.T.);
#4879=EDGE_CURVE('',#3817,#3818,#2103,.T.);
#4880=EDGE_CURVE('',#3808,#3818,#2104,.T.);
#4881=EDGE_CURVE('',#3818,#3819,#2105,.T.);
#4882=EDGE_CURVE('',#3807,#3819,#2106,.T.);
#4883=EDGE_CURVE('',#3819,#3820,#2107,.T.);
#4884=EDGE_CURVE('',#3806,#3820,#2108,.T.);
#4885=EDGE_CURVE('',#3820,#3821,#2109,.T.);
#4886=EDGE_CURVE('',#3805,#3821,#2110,.T.);
#4887=EDGE_CURVE('',#3821,#3810,#2111,.T.);
#4888=EDGE_CURVE('',#3822,#3823,#2112,.T.);
#4889=EDGE_CURVE('',#3824,#3822,#2113,.T.);
#4890=EDGE_CURVE('',#3824,#3825,#2114,.T.);
#4891=EDGE_CURVE('',#3825,#3823,#2115,.T.);
#4892=EDGE_CURVE('',#3826,#3827,#1455,.T.);
#4893=EDGE_CURVE('',#3828,#3826,#2116,.T.);
#4894=EDGE_CURVE('',#3828,#3829,#1456,.T.);
#4895=EDGE_CURVE('',#3829,#3827,#2117,.T.);
#4896=EDGE_CURVE('',#3830,#3826,#1457,.T.);
#4897=EDGE_CURVE('',#3831,#3830,#2118,.T.);
#4898=EDGE_CURVE('',#3831,#3828,#1458,.T.);
#4899=EDGE_CURVE('',#3832,#3830,#1459,.T.);
#4900=EDGE_CURVE('',#3833,#3832,#2119,.T.);
#4901=EDGE_CURVE('',#3833,#3831,#1460,.T.);
#4902=EDGE_CURVE('',#3827,#3834,#1461,.T.);
#4903=EDGE_CURVE('',#3829,#3835,#1462,.T.);
#4904=EDGE_CURVE('',#3834,#3835,#1463,.T.);
#4905=EDGE_CURVE('',#3836,#3837,#2120,.T.);
#4906=EDGE_CURVE('',#3838,#3836,#2121,.T.);
#4907=EDGE_CURVE('',#3838,#3839,#2122,.T.);
#4908=EDGE_CURVE('',#3839,#3837,#2123,.T.);
#4909=EDGE_CURVE('',#3840,#3836,#2124,.T.);
#4910=EDGE_CURVE('',#3841,#3840,#2125,.T.);
#4911=EDGE_CURVE('',#3841,#3838,#2126,.T.);
#4912=EDGE_CURVE('',#3842,#3840,#2127,.T.);
#4913=EDGE_CURVE('',#3843,#3842,#2128,.T.);
#4914=EDGE_CURVE('',#3843,#3841,#2129,.T.);
#4915=EDGE_CURVE('',#3844,#3842,#2130,.T.);
#4916=EDGE_CURVE('',#3845,#3844,#2131,.T.);
#4917=EDGE_CURVE('',#3845,#3843,#2132,.T.);
#4918=EDGE_CURVE('',#3846,#3844,#2133,.T.);
#4919=EDGE_CURVE('',#3847,#3846,#2134,.T.);
#4920=EDGE_CURVE('',#3847,#3845,#2135,.T.);
#4921=EDGE_CURVE('',#3834,#3846,#2136,.T.);
#4922=EDGE_CURVE('',#3835,#3847,#2137,.T.);
#4923=EDGE_CURVE('',#3848,#3849,#2138,.T.);
#4924=EDGE_CURVE('',#3850,#3848,#2139,.T.);
#4925=EDGE_CURVE('',#3850,#3851,#2140,.T.);
#4926=EDGE_CURVE('',#3851,#3849,#2141,.T.);
#4927=EDGE_CURVE('',#3852,#3848,#2142,.T.);
#4928=EDGE_CURVE('',#3853,#3852,#2143,.T.);
#4929=EDGE_CURVE('',#3853,#3850,#2144,.T.);
#4930=EDGE_CURVE('',#3837,#3852,#2145,.T.);
#4931=EDGE_CURVE('',#3839,#3853,#2146,.T.);
#4932=EDGE_CURVE('',#3849,#3822,#2147,.T.);
#4933=EDGE_CURVE('',#3851,#3824,#2148,.T.);
#4934=EDGE_CURVE('',#3854,#3832,#1464,.T.);
#4935=EDGE_CURVE('',#3855,#3854,#2149,.T.);
#4936=EDGE_CURVE('',#3855,#3833,#1465,.T.);
#4937=EDGE_CURVE('',#3856,#3854,#1466,.T.);
#4938=EDGE_CURVE('',#3857,#3856,#2150,.T.);
#4939=EDGE_CURVE('',#3857,#3855,#1467,.T.);
#4940=EDGE_CURVE('',#3858,#3856,#1468,.T.);
#4941=EDGE_CURVE('',#3859,#3858,#2151,.T.);
#4942=EDGE_CURVE('',#3859,#3857,#1469,.T.);
#4943=EDGE_CURVE('',#3860,#3858,#1470,.T.);
#4944=EDGE_CURVE('',#3861,#3860,#2152,.T.);
#4945=EDGE_CURVE('',#3861,#3859,#1471,.T.);
#4946=EDGE_CURVE('',#3862,#3860,#2153,.T.);
#4947=EDGE_CURVE('',#3863,#3862,#2154,.T.);
#4948=EDGE_CURVE('',#3863,#3861,#2155,.T.);
#4949=EDGE_CURVE('',#3864,#3862,#2156,.T.);
#4950=EDGE_CURVE('',#3865,#3864,#2157,.T.);
#4951=EDGE_CURVE('',#3865,#3863,#2158,.T.);
#4952=EDGE_CURVE('',#3866,#3864,#1472,.T.);
#4953=EDGE_CURVE('',#3867,#3866,#2159,.T.);
#4954=EDGE_CURVE('',#3867,#3865,#1473,.T.);
#4955=EDGE_CURVE('',#3868,#3866,#1474,.T.);
#4956=EDGE_CURVE('',#3869,#3868,#2160,.T.);
#4957=EDGE_CURVE('',#3869,#3867,#1475,.T.);
#4958=EDGE_CURVE('',#3870,#3868,#1476,.T.);
#4959=EDGE_CURVE('',#3871,#3870,#2161,.T.);
#4960=EDGE_CURVE('',#3871,#3869,#1477,.T.);
#4961=EDGE_CURVE('',#3872,#3870,#1478,.T.);
#4962=EDGE_CURVE('',#3873,#3872,#2162,.T.);
#4963=EDGE_CURVE('',#3873,#3871,#1479,.T.);
#4964=EDGE_CURVE('',#3874,#3872,#1480,.T.);
#4965=EDGE_CURVE('',#3875,#3874,#2163,.T.);
#4966=EDGE_CURVE('',#3875,#3873,#1481,.T.);
#4967=EDGE_CURVE('',#3876,#3874,#1482,.T.);
#4968=EDGE_CURVE('',#3877,#3876,#2164,.T.);
#4969=EDGE_CURVE('',#3877,#3875,#1483,.T.);
#4970=EDGE_CURVE('',#3878,#3876,#1484,.T.);
#4971=EDGE_CURVE('',#3879,#3878,#2165,.T.);
#4972=EDGE_CURVE('',#3879,#3877,#1485,.T.);
#4973=EDGE_CURVE('',#3880,#3878,#1486,.T.);
#4974=EDGE_CURVE('',#3881,#3880,#2166,.T.);
#4975=EDGE_CURVE('',#3881,#3879,#1487,.T.);
#4976=EDGE_CURVE('',#3823,#3880,#2167,.T.);
#4977=EDGE_CURVE('',#3825,#3881,#2168,.T.);
#4978=EDGE_CURVE('',#3882,#3883,#2169,.T.);
#4979=EDGE_CURVE('',#3884,#3882,#2170,.T.);
#4980=EDGE_CURVE('',#3885,#3884,#2171,.T.);
#4981=EDGE_CURVE('',#3886,#3885,#2172,.T.);
#4982=EDGE_CURVE('',#3887,#3886,#2173,.T.);
#4983=EDGE_CURVE('',#3888,#3887,#2174,.T.);
#4984=EDGE_CURVE('',#3889,#3888,#2175,.T.);
#4985=EDGE_CURVE('',#3890,#3889,#2176,.T.);
#4986=EDGE_CURVE('',#3891,#3890,#2177,.T.);
#4987=EDGE_CURVE('',#3892,#3891,#2178,.T.);
#4988=EDGE_CURVE('',#3893,#3892,#2179,.T.);
#4989=EDGE_CURVE('',#3883,#3893,#2180,.T.);
#4990=EDGE_CURVE('',#3894,#3895,#2181,.T.);
#4991=EDGE_CURVE('',#3888,#3894,#2182,.T.);
#4992=EDGE_CURVE('',#3887,#3895,#2183,.T.);
#4993=EDGE_CURVE('',#3895,#3896,#2184,.T.);
#4994=EDGE_CURVE('',#3886,#3896,#2185,.T.);
#4995=EDGE_CURVE('',#3896,#3897,#2186,.T.);
#4996=EDGE_CURVE('',#3885,#3897,#2187,.T.);
#4997=EDGE_CURVE('',#3897,#3898,#2188,.T.);
#4998=EDGE_CURVE('',#3884,#3898,#2189,.T.);
#4999=EDGE_CURVE('',#3898,#3899,#2190,.T.);
#5000=EDGE_CURVE('',#3882,#3899,#2191,.T.);
#5001=EDGE_CURVE('',#3899,#3900,#2192,.T.);
#5002=EDGE_CURVE('',#3883,#3900,#2193,.T.);
#5003=EDGE_CURVE('',#3900,#3901,#2194,.T.);
#5004=EDGE_CURVE('',#3893,#3901,#2195,.T.);
#5005=EDGE_CURVE('',#3901,#3902,#2196,.T.);
#5006=EDGE_CURVE('',#3892,#3902,#2197,.T.);
#5007=EDGE_CURVE('',#3902,#3903,#2198,.T.);
#5008=EDGE_CURVE('',#3891,#3903,#2199,.T.);
#5009=EDGE_CURVE('',#3903,#3904,#2200,.T.);
#5010=EDGE_CURVE('',#3890,#3904,#2201,.T.);
#5011=EDGE_CURVE('',#3904,#3905,#2202,.T.);
#5012=EDGE_CURVE('',#3889,#3905,#2203,.T.);
#5013=EDGE_CURVE('',#3905,#3894,#2204,.T.);
#5014=EDGE_CURVE('',#3906,#3907,#2205,.T.);
#5015=EDGE_CURVE('',#3908,#3906,#2206,.T.);
#5016=EDGE_CURVE('',#3908,#3909,#2207,.T.);
#5017=EDGE_CURVE('',#3909,#3907,#2208,.T.);
#5018=EDGE_CURVE('',#3910,#3906,#2209,.T.);
#5019=EDGE_CURVE('',#3911,#3910,#2210,.T.);
#5020=EDGE_CURVE('',#3911,#3908,#2211,.T.);
#5021=EDGE_CURVE('',#3912,#3910,#2212,.T.);
#5022=EDGE_CURVE('',#3913,#3912,#2213,.T.);
#5023=EDGE_CURVE('',#3913,#3911,#2214,.T.);
#5024=EDGE_CURVE('',#3914,#3912,#2215,.T.);
#5025=EDGE_CURVE('',#3915,#3914,#2216,.T.);
#5026=EDGE_CURVE('',#3915,#3913,#2217,.T.);
#5027=EDGE_CURVE('',#3916,#3914,#2218,.T.);
#5028=EDGE_CURVE('',#3917,#3916,#2219,.T.);
#5029=EDGE_CURVE('',#3917,#3915,#2220,.T.);
#5030=EDGE_CURVE('',#3907,#3916,#2221,.T.);
#5031=EDGE_CURVE('',#3909,#3917,#2222,.T.);
#5032=EDGE_CURVE('',#3918,#3919,#1488,.T.);
#5033=EDGE_CURVE('',#3920,#3918,#1489,.T.);
#5034=EDGE_CURVE('',#3921,#3920,#1490,.T.);
#5035=EDGE_CURVE('',#3922,#3921,#1491,.T.);
#5036=EDGE_CURVE('',#3923,#3922,#2223,.T.);
#5037=EDGE_CURVE('',#3924,#3923,#2224,.T.);
#5038=EDGE_CURVE('',#3919,#3924,#2225,.T.);
#5039=EDGE_CURVE('',#3925,#3926,#1492,.T.);
#5040=EDGE_CURVE('',#3927,#3925,#1493,.T.);
#5041=EDGE_CURVE('',#3928,#3927,#2226,.T.);
#5042=EDGE_CURVE('',#3929,#3928,#2227,.T.);
#5043=EDGE_CURVE('',#3930,#3929,#2228,.T.);
#5044=EDGE_CURVE('',#3931,#3930,#1494,.T.);
#5045=EDGE_CURVE('',#3926,#3931,#1495,.T.);
#5046=EDGE_CURVE('',#3932,#3933,#2229,.T.);
#5047=EDGE_CURVE('',#3929,#3932,#2230,.T.);
#5048=EDGE_CURVE('',#3928,#3933,#2231,.T.);
#5049=EDGE_CURVE('',#3933,#3934,#2232,.T.);
#5050=EDGE_CURVE('',#3927,#3934,#2233,.T.);
#5051=EDGE_CURVE('',#3934,#3935,#1496,.T.);
#5052=EDGE_CURVE('',#3925,#3935,#2234,.T.);
#5053=EDGE_CURVE('',#3935,#3936,#1497,.T.);
#5054=EDGE_CURVE('',#3926,#3936,#2235,.T.);
#5055=EDGE_CURVE('',#3937,#3938,#1498,.T.);
#5056=EDGE_CURVE('',#3922,#3937,#2236,.T.);
#5057=EDGE_CURVE('',#3921,#3938,#2237,.T.);
#5058=EDGE_CURVE('',#3938,#3939,#1499,.T.);
#5059=EDGE_CURVE('',#3920,#3939,#2238,.T.);
#5060=EDGE_CURVE('',#3939,#3940,#1500,.T.);
#5061=EDGE_CURVE('',#3918,#3940,#2239,.T.);
#5062=EDGE_CURVE('',#3940,#3941,#1501,.T.);
#5063=EDGE_CURVE('',#3919,#3941,#2240,.T.);
#5064=EDGE_CURVE('',#3942,#3932,#2241,.T.);
#5065=EDGE_CURVE('',#3930,#3942,#2242,.T.);
#5066=EDGE_CURVE('',#3943,#3942,#1502,.T.);
#5067=EDGE_CURVE('',#3931,#3943,#2243,.T.);
#5068=EDGE_CURVE('',#3936,#3943,#1503,.T.);
#5069=EDGE_CURVE('',#3941,#3944,#2244,.T.);
#5070=EDGE_CURVE('',#3924,#3944,#2245,.T.);
#5071=EDGE_CURVE('',#3944,#3945,#2246,.T.);
#5072=EDGE_CURVE('',#3923,#3945,#2247,.T.);
#5073=EDGE_CURVE('',#3945,#3937,#2248,.T.);
#5074=EDGE_CURVE('',#3946,#3947,#2249,.T.);
#5075=EDGE_CURVE('',#3948,#3946,#2250,.T.);
#5076=EDGE_CURVE('',#3948,#3949,#2251,.T.);
#5077=EDGE_CURVE('',#3949,#3947,#2252,.T.);
#5078=EDGE_CURVE('',#3950,#3946,#2253,.T.);
#5079=EDGE_CURVE('',#3951,#3950,#2254,.T.);
#5080=EDGE_CURVE('',#3951,#3948,#2255,.T.);
#5081=EDGE_CURVE('',#3952,#3950,#2256,.T.);
#5082=EDGE_CURVE('',#3953,#3952,#2257,.T.);
#5083=EDGE_CURVE('',#3953,#3951,#2258,.T.);
#5084=EDGE_CURVE('',#3954,#3952,#2259,.T.);
#5085=EDGE_CURVE('',#3955,#3954,#2260,.T.);
#5086=EDGE_CURVE('',#3955,#3953,#2261,.T.);
#5087=EDGE_CURVE('',#3956,#3954,#2262,.T.);
#5088=EDGE_CURVE('',#3957,#3956,#2263,.T.);
#5089=EDGE_CURVE('',#3957,#3955,#2264,.T.);
#5090=EDGE_CURVE('',#3958,#3956,#2265,.T.);
#5091=EDGE_CURVE('',#3959,#3958,#2266,.T.);
#5092=EDGE_CURVE('',#3959,#3957,#2267,.T.);
#5093=EDGE_CURVE('',#3960,#3958,#2268,.T.);
#5094=EDGE_CURVE('',#3961,#3960,#2269,.T.);
#5095=EDGE_CURVE('',#3961,#3959,#2270,.T.);
#5096=EDGE_CURVE('',#3962,#3960,#2271,.T.);
#5097=EDGE_CURVE('',#3963,#3962,#2272,.T.);
#5098=EDGE_CURVE('',#3963,#3961,#2273,.T.);
#5099=EDGE_CURVE('',#3964,#3962,#2274,.T.);
#5100=EDGE_CURVE('',#3965,#3964,#2275,.T.);
#5101=EDGE_CURVE('',#3965,#3963,#2276,.T.);
#5102=EDGE_CURVE('',#3947,#3964,#2277,.T.);
#5103=EDGE_CURVE('',#3949,#3965,#2278,.T.);
#5104=EDGE_CURVE('',#3966,#3967,#2279,.T.);
#5105=EDGE_CURVE('',#3968,#3966,#2280,.T.);
#5106=EDGE_CURVE('',#3969,#3968,#2281,.T.);
#5107=EDGE_CURVE('',#3970,#3969,#2282,.T.);
#5108=EDGE_CURVE('',#3971,#3970,#2283,.T.);
#5109=EDGE_CURVE('',#3972,#3971,#2284,.T.);
#5110=EDGE_CURVE('',#3973,#3972,#2285,.T.);
#5111=EDGE_CURVE('',#3974,#3973,#2286,.T.);
#5112=EDGE_CURVE('',#3975,#3974,#2287,.T.);
#5113=EDGE_CURVE('',#3976,#3975,#2288,.T.);
#5114=EDGE_CURVE('',#3977,#3976,#2289,.T.);
#5115=EDGE_CURVE('',#3967,#3977,#2290,.T.);
#5116=EDGE_CURVE('',#3978,#3979,#2291,.T.);
#5117=EDGE_CURVE('',#3972,#3978,#2292,.T.);
#5118=EDGE_CURVE('',#3971,#3979,#2293,.T.);
#5119=EDGE_CURVE('',#3979,#3980,#2294,.T.);
#5120=EDGE_CURVE('',#3970,#3980,#2295,.T.);
#5121=EDGE_CURVE('',#3980,#3981,#2296,.T.);
#5122=EDGE_CURVE('',#3969,#3981,#2297,.T.);
#5123=EDGE_CURVE('',#3981,#3982,#2298,.T.);
#5124=EDGE_CURVE('',#3968,#3982,#2299,.T.);
#5125=EDGE_CURVE('',#3982,#3983,#2300,.T.);
#5126=EDGE_CURVE('',#3966,#3983,#2301,.T.);
#5127=EDGE_CURVE('',#3983,#3984,#2302,.T.);
#5128=EDGE_CURVE('',#3967,#3984,#2303,.T.);
#5129=EDGE_CURVE('',#3984,#3985,#2304,.T.);
#5130=EDGE_CURVE('',#3977,#3985,#2305,.T.);
#5131=EDGE_CURVE('',#3985,#3986,#2306,.T.);
#5132=EDGE_CURVE('',#3976,#3986,#2307,.T.);
#5133=EDGE_CURVE('',#3986,#3987,#2308,.T.);
#5134=EDGE_CURVE('',#3975,#3987,#2309,.T.);
#5135=EDGE_CURVE('',#3987,#3988,#2310,.T.);
#5136=EDGE_CURVE('',#3974,#3988,#2311,.T.);
#5137=EDGE_CURVE('',#3988,#3989,#2312,.T.);
#5138=EDGE_CURVE('',#3973,#3989,#2313,.T.);
#5139=EDGE_CURVE('',#3989,#3978,#2314,.T.);
#5140=EDGE_CURVE('',#3990,#3991,#2315,.T.);
#5141=EDGE_CURVE('',#3992,#3990,#2316,.T.);
#5142=EDGE_CURVE('',#3992,#3993,#2317,.T.);
#5143=EDGE_CURVE('',#3993,#3991,#2318,.T.);
#5144=EDGE_CURVE('',#3994,#3990,#2319,.T.);
#5145=EDGE_CURVE('',#3995,#3994,#2320,.T.);
#5146=EDGE_CURVE('',#3995,#3992,#2321,.T.);
#5147=EDGE_CURVE('',#3996,#3994,#2322,.T.);
#5148=EDGE_CURVE('',#3997,#3996,#2323,.T.);
#5149=EDGE_CURVE('',#3997,#3995,#2324,.T.);
#5150=EDGE_CURVE('',#3998,#3996,#2325,.T.);
#5151=EDGE_CURVE('',#3999,#3998,#2326,.T.);
#5152=EDGE_CURVE('',#3999,#3997,#2327,.T.);
#5153=EDGE_CURVE('',#4000,#3998,#2328,.T.);
#5154=EDGE_CURVE('',#4001,#4000,#2329,.T.);
#5155=EDGE_CURVE('',#4001,#3999,#2330,.T.);
#5156=EDGE_CURVE('',#4002,#4003,#1504,.T.);
#5157=EDGE_CURVE('',#4004,#4002,#2331,.T.);
#5158=EDGE_CURVE('',#4004,#4005,#1505,.T.);
#5159=EDGE_CURVE('',#4005,#4003,#2332,.T.);
#5160=EDGE_CURVE('',#4003,#4006,#1506,.T.);
#5161=EDGE_CURVE('',#4005,#4007,#1507,.T.);
#5162=EDGE_CURVE('',#4007,#4006,#2333,.T.);
#5163=EDGE_CURVE('',#4006,#4008,#2334,.T.);
#5164=EDGE_CURVE('',#4007,#4009,#2335,.T.);
#5165=EDGE_CURVE('',#4009,#4008,#2336,.T.);
#5166=EDGE_CURVE('',#4010,#4000,#2337,.T.);
#5167=EDGE_CURVE('',#4011,#4010,#2338,.T.);
#5168=EDGE_CURVE('',#4011,#4001,#2339,.T.);
#5169=EDGE_CURVE('',#4012,#4010,#2340,.T.);
#5170=EDGE_CURVE('',#4013,#4012,#2341,.T.);
#5171=EDGE_CURVE('',#4013,#4011,#2342,.T.);
#5172=EDGE_CURVE('',#4014,#4012,#2343,.T.);
#5173=EDGE_CURVE('',#4015,#4014,#2344,.T.);
#5174=EDGE_CURVE('',#4015,#4013,#2345,.T.);
#5175=EDGE_CURVE('',#4016,#4014,#1508,.T.);
#5176=EDGE_CURVE('',#4017,#4016,#2346,.T.);
#5177=EDGE_CURVE('',#4017,#4015,#1509,.T.);
#5178=EDGE_CURVE('',#4018,#4016,#1510,.T.);
#5179=EDGE_CURVE('',#4019,#4018,#2347,.T.);
#5180=EDGE_CURVE('',#4019,#4017,#1511,.T.);
#5181=EDGE_CURVE('',#3991,#4018,#1512,.T.);
#5182=EDGE_CURVE('',#3993,#4019,#1513,.T.);
#5183=EDGE_CURVE('',#4020,#4002,#1514,.T.);
#5184=EDGE_CURVE('',#4021,#4020,#2348,.T.);
#5185=EDGE_CURVE('',#4021,#4004,#1515,.T.);
#5186=EDGE_CURVE('',#4022,#4020,#1516,.T.);
#5187=EDGE_CURVE('',#4023,#4022,#2349,.T.);
#5188=EDGE_CURVE('',#4023,#4021,#1517,.T.);
#5189=EDGE_CURVE('',#4024,#4022,#2350,.T.);
#5190=EDGE_CURVE('',#4025,#4024,#2351,.T.);
#5191=EDGE_CURVE('',#4025,#4023,#2352,.T.);
#5192=EDGE_CURVE('',#4008,#4024,#2353,.T.);
#5193=EDGE_CURVE('',#4009,#4025,#2354,.T.);
#5194=EDGE_CURVE('',#4026,#4027,#2355,.T.);
#5195=EDGE_CURVE('',#4028,#4026,#2356,.T.);
#5196=EDGE_CURVE('',#4029,#4028,#2357,.T.);
#5197=EDGE_CURVE('',#4027,#4029,#2358,.T.);
#5198=EDGE_CURVE('',#4030,#4031,#2359,.T.);
#5199=EDGE_CURVE('',#4028,#4030,#2360,.T.);
#5200=EDGE_CURVE('',#4026,#4031,#2361,.T.);
#5201=EDGE_CURVE('',#4031,#4032,#2362,.T.);
#5202=EDGE_CURVE('',#4027,#4032,#2363,.T.);
#5203=EDGE_CURVE('',#4032,#4033,#2364,.T.);
#5204=EDGE_CURVE('',#4029,#4033,#2365,.T.);
#5205=EDGE_CURVE('',#4033,#4030,#2366,.T.);
#5206=EDGE_CURVE('',#4034,#4035,#2367,.T.);
#5207=EDGE_CURVE('',#4036,#4034,#2368,.T.);
#5208=EDGE_CURVE('',#4036,#4037,#2369,.T.);
#5209=EDGE_CURVE('',#4037,#4035,#2370,.T.);
#5210=EDGE_CURVE('',#4038,#4034,#2371,.T.);
#5211=EDGE_CURVE('',#4039,#4038,#2372,.T.);
#5212=EDGE_CURVE('',#4039,#4036,#2373,.T.);
#5213=EDGE_CURVE('',#4040,#4038,#2374,.T.);
#5214=EDGE_CURVE('',#4041,#4040,#2375,.T.);
#5215=EDGE_CURVE('',#4041,#4039,#2376,.T.);
#5216=EDGE_CURVE('',#4042,#4040,#2377,.T.);
#5217=EDGE_CURVE('',#4043,#4042,#2378,.T.);
#5218=EDGE_CURVE('',#4043,#4041,#2379,.T.);
#5219=EDGE_CURVE('',#4044,#4042,#2380,.T.);
#5220=EDGE_CURVE('',#4045,#4044,#2381,.T.);
#5221=EDGE_CURVE('',#4045,#4043,#2382,.T.);
#5222=EDGE_CURVE('',#4046,#4044,#2383,.T.);
#5223=EDGE_CURVE('',#4047,#4046,#2384,.T.);
#5224=EDGE_CURVE('',#4047,#4045,#2385,.T.);
#5225=EDGE_CURVE('',#4035,#4046,#2386,.T.);
#5226=EDGE_CURVE('',#4037,#4047,#2387,.T.);
#5227=EDGE_CURVE('',#4048,#4049,#1518,.T.);
#5228=EDGE_CURVE('',#4050,#4048,#1519,.T.);
#5229=EDGE_CURVE('',#4051,#4050,#1520,.T.);
#5230=EDGE_CURVE('',#4049,#4051,#1521,.T.);
#5231=EDGE_CURVE('',#4052,#4053,#1522,.T.);
#5232=EDGE_CURVE('',#4054,#4052,#1523,.T.);
#5233=EDGE_CURVE('',#4055,#4054,#1524,.T.);
#5234=EDGE_CURVE('',#4056,#4055,#1525,.T.);
#5235=EDGE_CURVE('',#4057,#4056,#1526,.T.);
#5236=EDGE_CURVE('',#4058,#4057,#1527,.T.);
#5237=EDGE_CURVE('',#4059,#4058,#1528,.T.);
#5238=EDGE_CURVE('',#4053,#4059,#1529,.T.);
#5239=EDGE_CURVE('',#4060,#4061,#1530,.T.);
#5240=EDGE_CURVE('',#4056,#4060,#2388,.T.);
#5241=EDGE_CURVE('',#4055,#4061,#2389,.T.);
#5242=EDGE_CURVE('',#4061,#4062,#1531,.T.);
#5243=EDGE_CURVE('',#4054,#4062,#2390,.T.);
#5244=EDGE_CURVE('',#4062,#4063,#1532,.T.);
#5245=EDGE_CURVE('',#4052,#4063,#2391,.T.);
#5246=EDGE_CURVE('',#4063,#4064,#1533,.T.);
#5247=EDGE_CURVE('',#4053,#4064,#2392,.T.);
#5248=EDGE_CURVE('',#4065,#4066,#1534,.T.);
#5249=EDGE_CURVE('',#4050,#4065,#2393,.T.);
#5250=EDGE_CURVE('',#4048,#4066,#2394,.T.);
#5251=EDGE_CURVE('',#4066,#4067,#1535,.T.);
#5252=EDGE_CURVE('',#4049,#4067,#2395,.T.);
#5253=EDGE_CURVE('',#4068,#4060,#1536,.T.);
#5254=EDGE_CURVE('',#4057,#4068,#2396,.T.);
#5255=EDGE_CURVE('',#4069,#4068,#1537,.T.);
#5256=EDGE_CURVE('',#4058,#4069,#2397,.T.);
#5257=EDGE_CURVE('',#4070,#4069,#1538,.T.);
#5258=EDGE_CURVE('',#4059,#4070,#2398,.T.);
#5259=EDGE_CURVE('',#4064,#4070,#1539,.T.);
#5260=EDGE_CURVE('',#4067,#4071,#1540,.T.);
#5261=EDGE_CURVE('',#4051,#4071,#2399,.T.);
#5262=EDGE_CURVE('',#4071,#4065,#1541,.T.);
#5263=EDGE_CURVE('',#4072,#4073,#2400,.T.);
#5264=EDGE_CURVE('',#4074,#4072,#2401,.T.);
#5265=EDGE_CURVE('',#4074,#4075,#2402,.T.);
#5266=EDGE_CURVE('',#4075,#4073,#2403,.T.);
#5267=EDGE_CURVE('',#4076,#4072,#2404,.T.);
#5268=EDGE_CURVE('',#4077,#4076,#2405,.T.);
#5269=EDGE_CURVE('',#4077,#4074,#2406,.T.);
#5270=EDGE_CURVE('',#4078,#4076,#1542,.T.);
#5271=EDGE_CURVE('',#4079,#4078,#2407,.T.);
#5272=EDGE_CURVE('',#4079,#4077,#1543,.T.);
#5273=EDGE_CURVE('',#4080,#4078,#1544,.T.);
#5274=EDGE_CURVE('',#4081,#4080,#2408,.T.);
#5275=EDGE_CURVE('',#4081,#4079,#1545,.T.);
#5276=EDGE_CURVE('',#4082,#4080,#1546,.T.);
#5277=EDGE_CURVE('',#4083,#4082,#2409,.T.);
#5278=EDGE_CURVE('',#4083,#4081,#1547,.T.);
#5279=EDGE_CURVE('',#4084,#4082,#1548,.T.);
#5280=EDGE_CURVE('',#4085,#4084,#2410,.T.);
#5281=EDGE_CURVE('',#4085,#4083,#1549,.T.);
#5282=EDGE_CURVE('',#4086,#4084,#1550,.T.);
#5283=EDGE_CURVE('',#4087,#4086,#2411,.T.);
#5284=EDGE_CURVE('',#4087,#4085,#1551,.T.);
#5285=EDGE_CURVE('',#4088,#4086,#1552,.T.);
#5286=EDGE_CURVE('',#4089,#4088,#2412,.T.);
#5287=EDGE_CURVE('',#4089,#4087,#1553,.T.);
#5288=EDGE_CURVE('',#4090,#4088,#2413,.T.);
#5289=EDGE_CURVE('',#4091,#4090,#2414,.T.);
#5290=EDGE_CURVE('',#4091,#4089,#2415,.T.);
#5291=EDGE_CURVE('',#4092,#4090,#2416,.T.);
#5292=EDGE_CURVE('',#4093,#4092,#2417,.T.);
#5293=EDGE_CURVE('',#4093,#4091,#2418,.T.);
#5294=EDGE_CURVE('',#4094,#4092,#2419,.T.);
#5295=EDGE_CURVE('',#4095,#4094,#2420,.T.);
#5296=EDGE_CURVE('',#4095,#4093,#2421,.T.);
#5297=EDGE_CURVE('',#4096,#4094,#2422,.T.);
#5298=EDGE_CURVE('',#4097,#4096,#2423,.T.);
#5299=EDGE_CURVE('',#4097,#4095,#2424,.T.);
#5300=EDGE_CURVE('',#4098,#4096,#1554,.T.);
#5301=EDGE_CURVE('',#4099,#4098,#2425,.T.);
#5302=EDGE_CURVE('',#4099,#4097,#1555,.T.);
#5303=EDGE_CURVE('',#4100,#4098,#1556,.T.);
#5304=EDGE_CURVE('',#4101,#4100,#2426,.T.);
#5305=EDGE_CURVE('',#4101,#4099,#1557,.T.);
#5306=EDGE_CURVE('',#4102,#4100,#1558,.T.);
#5307=EDGE_CURVE('',#4103,#4102,#2427,.T.);
#5308=EDGE_CURVE('',#4103,#4101,#1559,.T.);
#5309=EDGE_CURVE('',#4104,#4102,#1560,.T.);
#5310=EDGE_CURVE('',#4105,#4104,#2428,.T.);
#5311=EDGE_CURVE('',#4105,#4103,#1561,.T.);
#5312=EDGE_CURVE('',#4073,#4104,#1562,.T.);
#5313=EDGE_CURVE('',#4075,#4105,#1563,.T.);
#5314=EDGE_CURVE('',#4106,#4107,#2429,.T.);
#5315=EDGE_CURVE('',#4108,#4106,#2430,.T.);
#5316=EDGE_CURVE('',#4109,#4108,#2431,.T.);
#5317=EDGE_CURVE('',#4107,#4109,#2432,.T.);
#5318=EDGE_CURVE('',#4110,#4111,#2433,.T.);
#5319=EDGE_CURVE('',#4108,#4110,#2434,.T.);
#5320=EDGE_CURVE('',#4106,#4111,#2435,.T.);
#5321=EDGE_CURVE('',#4111,#4112,#2436,.T.);
#5322=EDGE_CURVE('',#4107,#4112,#2437,.T.);
#5323=EDGE_CURVE('',#4112,#4113,#2438,.T.);
#5324=EDGE_CURVE('',#4109,#4113,#2439,.T.);
#5325=EDGE_CURVE('',#4113,#4110,#2440,.T.);
#5326=EDGE_CURVE('',#4114,#4115,#2441,.T.);
#5327=EDGE_CURVE('',#4116,#4114,#2442,.T.);
#5328=EDGE_CURVE('',#4116,#4117,#2443,.T.);
#5329=EDGE_CURVE('',#4117,#4115,#2444,.T.);
#5330=EDGE_CURVE('',#4118,#4114,#2445,.T.);
#5331=EDGE_CURVE('',#4119,#4118,#2446,.T.);
#5332=EDGE_CURVE('',#4119,#4116,#2447,.T.);
#5333=EDGE_CURVE('',#4120,#4118,#1564,.T.);
#5334=EDGE_CURVE('',#4121,#4120,#2448,.T.);
#5335=EDGE_CURVE('',#4121,#4119,#1565,.T.);
#5336=EDGE_CURVE('',#4122,#4120,#1566,.T.);
#5337=EDGE_CURVE('',#4123,#4122,#2449,.T.);
#5338=EDGE_CURVE('',#4123,#4121,#1567,.T.);
#5339=EDGE_CURVE('',#4124,#4122,#1568,.T.);
#5340=EDGE_CURVE('',#4125,#4124,#2450,.T.);
#5341=EDGE_CURVE('',#4125,#4123,#1569,.T.);
#5342=EDGE_CURVE('',#4126,#4124,#1570,.T.);
#5343=EDGE_CURVE('',#4127,#4126,#2451,.T.);
#5344=EDGE_CURVE('',#4127,#4125,#1571,.T.);
#5345=EDGE_CURVE('',#4128,#4126,#1572,.T.);
#5346=EDGE_CURVE('',#4129,#4128,#2452,.T.);
#5347=EDGE_CURVE('',#4129,#4127,#1573,.T.);
#5348=EDGE_CURVE('',#4130,#4128,#1574,.T.);
#5349=EDGE_CURVE('',#4131,#4130,#2453,.T.);
#5350=EDGE_CURVE('',#4131,#4129,#1575,.T.);
#5351=EDGE_CURVE('',#4132,#4130,#2454,.T.);
#5352=EDGE_CURVE('',#4133,#4132,#2455,.T.);
#5353=EDGE_CURVE('',#4133,#4131,#2456,.T.);
#5354=EDGE_CURVE('',#4134,#4132,#2457,.T.);
#5355=EDGE_CURVE('',#4135,#4134,#2458,.T.);
#5356=EDGE_CURVE('',#4135,#4133,#2459,.T.);
#5357=EDGE_CURVE('',#4136,#4134,#2460,.T.);
#5358=EDGE_CURVE('',#4137,#4136,#2461,.T.);
#5359=EDGE_CURVE('',#4137,#4135,#2462,.T.);
#5360=EDGE_CURVE('',#4138,#4136,#2463,.T.);
#5361=EDGE_CURVE('',#4139,#4138,#2464,.T.);
#5362=EDGE_CURVE('',#4139,#4137,#2465,.T.);
#5363=EDGE_CURVE('',#4140,#4138,#1576,.T.);
#5364=EDGE_CURVE('',#4141,#4140,#2466,.T.);
#5365=EDGE_CURVE('',#4141,#4139,#1577,.T.);
#5366=EDGE_CURVE('',#4142,#4140,#1578,.T.);
#5367=EDGE_CURVE('',#4143,#4142,#2467,.T.);
#5368=EDGE_CURVE('',#4143,#4141,#1579,.T.);
#5369=EDGE_CURVE('',#4144,#4142,#1580,.T.);
#5370=EDGE_CURVE('',#4145,#4144,#2468,.T.);
#5371=EDGE_CURVE('',#4145,#4143,#1581,.T.);
#5372=EDGE_CURVE('',#4146,#4144,#1582,.T.);
#5373=EDGE_CURVE('',#4147,#4146,#2469,.T.);
#5374=EDGE_CURVE('',#4147,#4145,#1583,.T.);
#5375=EDGE_CURVE('',#4115,#4146,#1584,.T.);
#5376=EDGE_CURVE('',#4117,#4147,#1585,.T.);
#5377=EDGE_CURVE('',#4148,#4149,#1586,.T.);
#5378=EDGE_CURVE('',#4150,#4148,#1587,.T.);
#5379=EDGE_CURVE('',#4151,#4150,#1588,.T.);
#5380=EDGE_CURVE('',#4149,#4151,#1589,.T.);
#5381=EDGE_CURVE('',#4152,#4153,#1590,.T.);
#5382=EDGE_CURVE('',#4154,#4152,#1591,.T.);
#5383=EDGE_CURVE('',#4155,#4154,#1592,.T.);
#5384=EDGE_CURVE('',#4156,#4155,#1593,.T.);
#5385=EDGE_CURVE('',#4157,#4156,#1594,.T.);
#5386=EDGE_CURVE('',#4158,#4157,#1595,.T.);
#5387=EDGE_CURVE('',#4159,#4158,#1596,.T.);
#5388=EDGE_CURVE('',#4153,#4159,#1597,.T.);
#5389=EDGE_CURVE('',#4160,#4161,#1598,.T.);
#5390=EDGE_CURVE('',#4156,#4160,#2470,.T.);
#5391=EDGE_CURVE('',#4155,#4161,#2471,.T.);
#5392=EDGE_CURVE('',#4161,#4162,#1599,.T.);
#5393=EDGE_CURVE('',#4154,#4162,#2472,.T.);
#5394=EDGE_CURVE('',#4162,#4163,#1600,.T.);
#5395=EDGE_CURVE('',#4152,#4163,#2473,.T.);
#5396=EDGE_CURVE('',#4163,#4164,#1601,.T.);
#5397=EDGE_CURVE('',#4153,#4164,#2474,.T.);
#5398=EDGE_CURVE('',#4165,#4166,#1602,.T.);
#5399=EDGE_CURVE('',#4150,#4165,#2475,.T.);
#5400=EDGE_CURVE('',#4148,#4166,#2476,.T.);
#5401=EDGE_CURVE('',#4166,#4167,#1603,.T.);
#5402=EDGE_CURVE('',#4149,#4167,#2477,.T.);
#5403=EDGE_CURVE('',#4168,#4160,#1604,.T.);
#5404=EDGE_CURVE('',#4157,#4168,#2478,.T.);
#5405=EDGE_CURVE('',#4169,#4168,#1605,.T.);
#5406=EDGE_CURVE('',#4158,#4169,#2479,.T.);
#5407=EDGE_CURVE('',#4170,#4169,#1606,.T.);
#5408=EDGE_CURVE('',#4159,#4170,#2480,.T.);
#5409=EDGE_CURVE('',#4164,#4170,#1607,.T.);
#5410=EDGE_CURVE('',#4167,#4171,#1608,.T.);
#5411=EDGE_CURVE('',#4151,#4171,#2481,.T.);
#5412=EDGE_CURVE('',#4171,#4165,#1609,.T.);
#5413=EDGE_CURVE('',#4172,#4173,#2482,.T.);
#5414=EDGE_CURVE('',#4174,#4172,#2483,.T.);
#5415=EDGE_CURVE('',#4174,#4175,#2484,.T.);
#5416=EDGE_CURVE('',#4175,#4173,#2485,.T.);
#5417=EDGE_CURVE('',#4176,#4172,#2486,.T.);
#5418=EDGE_CURVE('',#4177,#4176,#2487,.T.);
#5419=EDGE_CURVE('',#4177,#4174,#2488,.T.);
#5420=EDGE_CURVE('',#4178,#4176,#1610,.T.);
#5421=EDGE_CURVE('',#4179,#4178,#2489,.T.);
#5422=EDGE_CURVE('',#4179,#4177,#1611,.T.);
#5423=EDGE_CURVE('',#4180,#4178,#1612,.T.);
#5424=EDGE_CURVE('',#4181,#4180,#2490,.T.);
#5425=EDGE_CURVE('',#4181,#4179,#1613,.T.);
#5426=EDGE_CURVE('',#4182,#4180,#1614,.T.);
#5427=EDGE_CURVE('',#4183,#4182,#2491,.T.);
#5428=EDGE_CURVE('',#4183,#4181,#1615,.T.);
#5429=EDGE_CURVE('',#4184,#4182,#1616,.T.);
#5430=EDGE_CURVE('',#4185,#4184,#2492,.T.);
#5431=EDGE_CURVE('',#4185,#4183,#1617,.T.);
#5432=EDGE_CURVE('',#4186,#4184,#1618,.T.);
#5433=EDGE_CURVE('',#4187,#4186,#2493,.T.);
#5434=EDGE_CURVE('',#4187,#4185,#1619,.T.);
#5435=EDGE_CURVE('',#4188,#4189,#1620,.T.);
#5436=EDGE_CURVE('',#4190,#4188,#2494,.T.);
#5437=EDGE_CURVE('',#4190,#4191,#1621,.T.);
#5438=EDGE_CURVE('',#4191,#4189,#2495,.T.);
#5439=EDGE_CURVE('',#4189,#4192,#1622,.T.);
#5440=EDGE_CURVE('',#4191,#4193,#1623,.T.);
#5441=EDGE_CURVE('',#4193,#4192,#2496,.T.);
#5442=EDGE_CURVE('',#4192,#4194,#1624,.T.);
#5443=EDGE_CURVE('',#4193,#4195,#1625,.T.);
#5444=EDGE_CURVE('',#4195,#4194,#2497,.T.);
#5445=EDGE_CURVE('',#4196,#4186,#1626,.T.);
#5446=EDGE_CURVE('',#4197,#4196,#2498,.T.);
#5447=EDGE_CURVE('',#4197,#4187,#1627,.T.);
#5448=EDGE_CURVE('',#4198,#4196,#1628,.T.);
#5449=EDGE_CURVE('',#4199,#4198,#2499,.T.);
#5450=EDGE_CURVE('',#4199,#4197,#1629,.T.);
#5451=EDGE_CURVE('',#4200,#4198,#1630,.T.);
#5452=EDGE_CURVE('',#4201,#4200,#2500,.T.);
#5453=EDGE_CURVE('',#4201,#4199,#1631,.T.);
#5454=EDGE_CURVE('',#4202,#4200,#1632,.T.);
#5455=EDGE_CURVE('',#4203,#4202,#2501,.T.);
#5456=EDGE_CURVE('',#4203,#4201,#1633,.T.);
#5457=EDGE_CURVE('',#4204,#4202,#1634,.T.);
#5458=EDGE_CURVE('',#4205,#4204,#2502,.T.);
#5459=EDGE_CURVE('',#4205,#4203,#1635,.T.);
#5460=EDGE_CURVE('',#4206,#4204,#1636,.T.);
#5461=EDGE_CURVE('',#4207,#4206,#2503,.T.);
#5462=EDGE_CURVE('',#4207,#4205,#1637,.T.);
#5463=EDGE_CURVE('',#4173,#4206,#1638,.T.);
#5464=EDGE_CURVE('',#4175,#4207,#1639,.T.);
#5465=EDGE_CURVE('',#4208,#4188,#1640,.T.);
#5466=EDGE_CURVE('',#4209,#4208,#2504,.T.);
#5467=EDGE_CURVE('',#4209,#4190,#1641,.T.);
#5468=EDGE_CURVE('',#4210,#4208,#1642,.T.);
#5469=EDGE_CURVE('',#4211,#4210,#2505,.T.);
#5470=EDGE_CURVE('',#4211,#4209,#1643,.T.);
#5471=EDGE_CURVE('',#4212,#4210,#1644,.T.);
#5472=EDGE_CURVE('',#4213,#4212,#2506,.T.);
#5473=EDGE_CURVE('',#4213,#4211,#1645,.T.);
#5474=EDGE_CURVE('',#4194,#4212,#1646,.T.);
#5475=EDGE_CURVE('',#4195,#4213,#1647,.T.);
#5476=EDGE_CURVE('',#4214,#4214,#23,.T.);
#5477=EDGE_CURVE('',#4215,#4215,#24,.T.);
#5478=EDGE_CURVE('',#4216,#4216,#25,.T.);
#5479=EDGE_CURVE('',#4217,#4217,#26,.T.);
#5480=EDGE_CURVE('',#4218,#4218,#27,.T.);
#5481=EDGE_CURVE('',#4218,#4219,#2507,.T.);
#5482=EDGE_CURVE('',#4219,#4219,#28,.T.);
#5483=EDGE_CURVE('',#4217,#4220,#2508,.T.);
#5484=EDGE_CURVE('',#4220,#4220,#29,.T.);
#5485=EDGE_CURVE('',#4216,#4221,#2509,.T.);
#5486=EDGE_CURVE('',#4221,#4221,#30,.T.);
#5487=EDGE_CURVE('',#4222,#4222,#31,.T.);
#5488=EDGE_CURVE('',#4222,#4223,#2510,.T.);
#5489=EDGE_CURVE('',#4223,#4223,#32,.T.);
#5490=EDGE_CURVE('',#4224,#4224,#33,.T.);
#5491=EDGE_CURVE('',#4225,#4225,#34,.T.);
#5492=EDGE_CURVE('',#4225,#4224,#2511,.T.);
#5493=EDGE_CURVE('',#4226,#4226,#35,.T.);
#5494=EDGE_CURVE('',#4226,#4225,#2512,.T.);
#5495=EDGE_CURVE('',#4214,#4226,#2513,.T.);
#5496=EDGE_CURVE('',#4215,#4227,#2514,.T.);
#5497=EDGE_CURVE('',#4227,#4227,#36,.T.);
#5498=ORIENTED_EDGE('',*,*,#4228,.F.);
#5499=ORIENTED_EDGE('',*,*,#4229,.F.);
#5500=ORIENTED_EDGE('',*,*,#4230,.F.);
#5501=ORIENTED_EDGE('',*,*,#4231,.F.);
#5502=ORIENTED_EDGE('',*,*,#4232,.F.);
#5503=ORIENTED_EDGE('',*,*,#4233,.F.);
#5504=ORIENTED_EDGE('',*,*,#4234,.F.);
#5505=ORIENTED_EDGE('',*,*,#4235,.F.);
#5506=ORIENTED_EDGE('',*,*,#4236,.F.);
#5507=ORIENTED_EDGE('',*,*,#4237,.F.);
#5508=ORIENTED_EDGE('',*,*,#4238,.F.);
#5509=ORIENTED_EDGE('',*,*,#4239,.F.);
#5510=ORIENTED_EDGE('',*,*,#4240,.F.);
#5511=ORIENTED_EDGE('',*,*,#4241,.F.);
#5512=ORIENTED_EDGE('',*,*,#4242,.F.);
#5513=ORIENTED_EDGE('',*,*,#4243,.F.);
#5514=ORIENTED_EDGE('',*,*,#4244,.F.);
#5515=ORIENTED_EDGE('',*,*,#4245,.F.);
#5516=ORIENTED_EDGE('',*,*,#4246,.F.);
#5517=ORIENTED_EDGE('',*,*,#4236,.T.);
#5518=ORIENTED_EDGE('',*,*,#4247,.T.);
#5519=ORIENTED_EDGE('',*,*,#4248,.F.);
#5520=ORIENTED_EDGE('',*,*,#4247,.F.);
#5521=ORIENTED_EDGE('',*,*,#4235,.T.);
#5522=ORIENTED_EDGE('',*,*,#4249,.T.);
#5523=ORIENTED_EDGE('',*,*,#4250,.F.);
#5524=ORIENTED_EDGE('',*,*,#4249,.F.);
#5525=ORIENTED_EDGE('',*,*,#4234,.T.);
#5526=ORIENTED_EDGE('',*,*,#4251,.T.);
#5527=ORIENTED_EDGE('',*,*,#4252,.F.);
#5528=ORIENTED_EDGE('',*,*,#4251,.F.);
#5529=ORIENTED_EDGE('',*,*,#4233,.T.);
#5530=ORIENTED_EDGE('',*,*,#4253,.T.);
#5531=ORIENTED_EDGE('',*,*,#4254,.F.);
#5532=ORIENTED_EDGE('',*,*,#4253,.F.);
#5533=ORIENTED_EDGE('',*,*,#4232,.T.);
#5534=ORIENTED_EDGE('',*,*,#4255,.T.);
#5535=ORIENTED_EDGE('',*,*,#4256,.F.);
#5536=ORIENTED_EDGE('',*,*,#4255,.F.);
#5537=ORIENTED_EDGE('',*,*,#4231,.T.);
#5538=ORIENTED_EDGE('',*,*,#4257,.T.);
#5539=ORIENTED_EDGE('',*,*,#4258,.F.);
#5540=ORIENTED_EDGE('',*,*,#4257,.F.);
#5541=ORIENTED_EDGE('',*,*,#4230,.T.);
#5542=ORIENTED_EDGE('',*,*,#4259,.T.);
#5543=ORIENTED_EDGE('',*,*,#4260,.F.);
#5544=ORIENTED_EDGE('',*,*,#4259,.F.);
#5545=ORIENTED_EDGE('',*,*,#4229,.T.);
#5546=ORIENTED_EDGE('',*,*,#4261,.T.);
#5547=ORIENTED_EDGE('',*,*,#4262,.F.);
#5548=ORIENTED_EDGE('',*,*,#4261,.F.);
#5549=ORIENTED_EDGE('',*,*,#4228,.T.);
#5550=ORIENTED_EDGE('',*,*,#4263,.T.);
#5551=ORIENTED_EDGE('',*,*,#4264,.F.);
#5552=ORIENTED_EDGE('',*,*,#4263,.F.);
#5553=ORIENTED_EDGE('',*,*,#4244,.T.);
#5554=ORIENTED_EDGE('',*,*,#4265,.T.);
#5555=ORIENTED_EDGE('',*,*,#4266,.F.);
#5556=ORIENTED_EDGE('',*,*,#4265,.F.);
#5557=ORIENTED_EDGE('',*,*,#4243,.T.);
#5558=ORIENTED_EDGE('',*,*,#4267,.T.);
#5559=ORIENTED_EDGE('',*,*,#4268,.F.);
#5560=ORIENTED_EDGE('',*,*,#4267,.F.);
#5561=ORIENTED_EDGE('',*,*,#4242,.T.);
#5562=ORIENTED_EDGE('',*,*,#4269,.T.);
#5563=ORIENTED_EDGE('',*,*,#4270,.F.);
#5564=ORIENTED_EDGE('',*,*,#4269,.F.);
#5565=ORIENTED_EDGE('',*,*,#4241,.T.);
#5566=ORIENTED_EDGE('',*,*,#4271,.T.);
#5567=ORIENTED_EDGE('',*,*,#4272,.F.);
#5568=ORIENTED_EDGE('',*,*,#4271,.F.);
#5569=ORIENTED_EDGE('',*,*,#4240,.T.);
#5570=ORIENTED_EDGE('',*,*,#4273,.T.);
#5571=ORIENTED_EDGE('',*,*,#4274,.F.);
#5572=ORIENTED_EDGE('',*,*,#4273,.F.);
#5573=ORIENTED_EDGE('',*,*,#4239,.T.);
#5574=ORIENTED_EDGE('',*,*,#4275,.T.);
#5575=ORIENTED_EDGE('',*,*,#4276,.F.);
#5576=ORIENTED_EDGE('',*,*,#4275,.F.);
#5577=ORIENTED_EDGE('',*,*,#4238,.T.);
#5578=ORIENTED_EDGE('',*,*,#4277,.T.);
#5579=ORIENTED_EDGE('',*,*,#4278,.F.);
#5580=ORIENTED_EDGE('',*,*,#4277,.F.);
#5581=ORIENTED_EDGE('',*,*,#4237,.T.);
#5582=ORIENTED_EDGE('',*,*,#4246,.T.);
#5583=ORIENTED_EDGE('',*,*,#4279,.F.);
#5584=ORIENTED_EDGE('',*,*,#4280,.F.);
#5585=ORIENTED_EDGE('',*,*,#4281,.T.);
#5586=ORIENTED_EDGE('',*,*,#4282,.T.);
#5587=ORIENTED_EDGE('',*,*,#4283,.F.);
#5588=ORIENTED_EDGE('',*,*,#4284,.F.);
#5589=ORIENTED_EDGE('',*,*,#4285,.T.);
#5590=ORIENTED_EDGE('',*,*,#4280,.T.);
#5591=ORIENTED_EDGE('',*,*,#4286,.F.);
#5592=ORIENTED_EDGE('',*,*,#4287,.F.);
#5593=ORIENTED_EDGE('',*,*,#4288,.T.);
#5594=ORIENTED_EDGE('',*,*,#4284,.T.);
#5595=ORIENTED_EDGE('',*,*,#4289,.F.);
#5596=ORIENTED_EDGE('',*,*,#4290,.F.);
#5597=ORIENTED_EDGE('',*,*,#4291,.T.);
#5598=ORIENTED_EDGE('',*,*,#4287,.T.);
#5599=ORIENTED_EDGE('',*,*,#4292,.F.);
#5600=ORIENTED_EDGE('',*,*,#4293,.F.);
#5601=ORIENTED_EDGE('',*,*,#4294,.T.);
#5602=ORIENTED_EDGE('',*,*,#4295,.T.);
#5603=ORIENTED_EDGE('',*,*,#4296,.F.);
#5604=ORIENTED_EDGE('',*,*,#4297,.F.);
#5605=ORIENTED_EDGE('',*,*,#4298,.T.);
#5606=ORIENTED_EDGE('',*,*,#4290,.T.);
#5607=ORIENTED_EDGE('',*,*,#4299,.F.);
#5608=ORIENTED_EDGE('',*,*,#4300,.F.);
#5609=ORIENTED_EDGE('',*,*,#4301,.T.);
#5610=ORIENTED_EDGE('',*,*,#4297,.T.);
#5611=ORIENTED_EDGE('',*,*,#4302,.F.);
#5612=ORIENTED_EDGE('',*,*,#4303,.F.);
#5613=ORIENTED_EDGE('',*,*,#4304,.T.);
#5614=ORIENTED_EDGE('',*,*,#4300,.T.);
#5615=ORIENTED_EDGE('',*,*,#4305,.F.);
#5616=ORIENTED_EDGE('',*,*,#4282,.F.);
#5617=ORIENTED_EDGE('',*,*,#4306,.T.);
#5618=ORIENTED_EDGE('',*,*,#4303,.T.);
#5619=ORIENTED_EDGE('',*,*,#4307,.F.);
#5620=ORIENTED_EDGE('',*,*,#4308,.F.);
#5621=ORIENTED_EDGE('',*,*,#4309,.T.);
#5622=ORIENTED_EDGE('',*,*,#4293,.T.);
#5623=ORIENTED_EDGE('',*,*,#4310,.F.);
#5624=ORIENTED_EDGE('',*,*,#4295,.F.);
#5625=ORIENTED_EDGE('',*,*,#4311,.T.);
#5626=ORIENTED_EDGE('',*,*,#4308,.T.);
#5627=ORIENTED_EDGE('',*,*,#4298,.F.);
#5628=ORIENTED_EDGE('',*,*,#4301,.F.);
#5629=ORIENTED_EDGE('',*,*,#4304,.F.);
#5630=ORIENTED_EDGE('',*,*,#4306,.F.);
#5631=ORIENTED_EDGE('',*,*,#4281,.F.);
#5632=ORIENTED_EDGE('',*,*,#4285,.F.);
#5633=ORIENTED_EDGE('',*,*,#4288,.F.);
#5634=ORIENTED_EDGE('',*,*,#4291,.F.);
#5635=ORIENTED_EDGE('',*,*,#4309,.F.);
#5636=ORIENTED_EDGE('',*,*,#4311,.F.);
#5637=ORIENTED_EDGE('',*,*,#4294,.F.);
#5638=ORIENTED_EDGE('',*,*,#4312,.F.);
#5639=ORIENTED_EDGE('',*,*,#4313,.F.);
#5640=ORIENTED_EDGE('',*,*,#4314,.F.);
#5641=ORIENTED_EDGE('',*,*,#4315,.F.);
#5642=ORIENTED_EDGE('',*,*,#4316,.F.);
#5643=ORIENTED_EDGE('',*,*,#4317,.F.);
#5644=ORIENTED_EDGE('',*,*,#4318,.F.);
#5645=ORIENTED_EDGE('',*,*,#4319,.F.);
#5646=ORIENTED_EDGE('',*,*,#4320,.F.);
#5647=ORIENTED_EDGE('',*,*,#4321,.F.);
#5648=ORIENTED_EDGE('',*,*,#4322,.F.);
#5649=ORIENTED_EDGE('',*,*,#4323,.F.);
#5650=ORIENTED_EDGE('',*,*,#4324,.F.);
#5651=ORIENTED_EDGE('',*,*,#4325,.F.);
#5652=ORIENTED_EDGE('',*,*,#4326,.F.);
#5653=ORIENTED_EDGE('',*,*,#4327,.F.);
#5654=ORIENTED_EDGE('',*,*,#4322,.T.);
#5655=ORIENTED_EDGE('',*,*,#4328,.T.);
#5656=ORIENTED_EDGE('',*,*,#4329,.F.);
#5657=ORIENTED_EDGE('',*,*,#4328,.F.);
#5658=ORIENTED_EDGE('',*,*,#4321,.T.);
#5659=ORIENTED_EDGE('',*,*,#4330,.T.);
#5660=ORIENTED_EDGE('',*,*,#4331,.F.);
#5661=ORIENTED_EDGE('',*,*,#4330,.F.);
#5662=ORIENTED_EDGE('',*,*,#4320,.T.);
#5663=ORIENTED_EDGE('',*,*,#4332,.T.);
#5664=ORIENTED_EDGE('',*,*,#4333,.F.);
#5665=ORIENTED_EDGE('',*,*,#4332,.F.);
#5666=ORIENTED_EDGE('',*,*,#4319,.T.);
#5667=ORIENTED_EDGE('',*,*,#4334,.T.);
#5668=ORIENTED_EDGE('',*,*,#4335,.F.);
#5669=ORIENTED_EDGE('',*,*,#4336,.F.);
#5670=ORIENTED_EDGE('',*,*,#4315,.T.);
#5671=ORIENTED_EDGE('',*,*,#4337,.T.);
#5672=ORIENTED_EDGE('',*,*,#4338,.F.);
#5673=ORIENTED_EDGE('',*,*,#4337,.F.);
#5674=ORIENTED_EDGE('',*,*,#4314,.T.);
#5675=ORIENTED_EDGE('',*,*,#4339,.T.);
#5676=ORIENTED_EDGE('',*,*,#4340,.F.);
#5677=ORIENTED_EDGE('',*,*,#4339,.F.);
#5678=ORIENTED_EDGE('',*,*,#4313,.T.);
#5679=ORIENTED_EDGE('',*,*,#4341,.T.);
#5680=ORIENTED_EDGE('',*,*,#4342,.F.);
#5681=ORIENTED_EDGE('',*,*,#4341,.F.);
#5682=ORIENTED_EDGE('',*,*,#4312,.T.);
#5683=ORIENTED_EDGE('',*,*,#4343,.T.);
#5684=ORIENTED_EDGE('',*,*,#4344,.F.);
#5685=ORIENTED_EDGE('',*,*,#4345,.F.);
#5686=ORIENTED_EDGE('',*,*,#4323,.T.);
#5687=ORIENTED_EDGE('',*,*,#4327,.T.);
#5688=ORIENTED_EDGE('',*,*,#4346,.F.);
#5689=ORIENTED_EDGE('',*,*,#4347,.F.);
#5690=ORIENTED_EDGE('',*,*,#4324,.T.);
#5691=ORIENTED_EDGE('',*,*,#4345,.T.);
#5692=ORIENTED_EDGE('',*,*,#4348,.F.);
#5693=ORIENTED_EDGE('',*,*,#4334,.F.);
#5694=ORIENTED_EDGE('',*,*,#4325,.T.);
#5695=ORIENTED_EDGE('',*,*,#4347,.T.);
#5696=ORIENTED_EDGE('',*,*,#4349,.F.);
#5697=ORIENTED_EDGE('',*,*,#4343,.F.);
#5698=ORIENTED_EDGE('',*,*,#4318,.T.);
#5699=ORIENTED_EDGE('',*,*,#4350,.T.);
#5700=ORIENTED_EDGE('',*,*,#4351,.F.);
#5701=ORIENTED_EDGE('',*,*,#4350,.F.);
#5702=ORIENTED_EDGE('',*,*,#4317,.T.);
#5703=ORIENTED_EDGE('',*,*,#4352,.T.);
#5704=ORIENTED_EDGE('',*,*,#4353,.F.);
#5705=ORIENTED_EDGE('',*,*,#4352,.F.);
#5706=ORIENTED_EDGE('',*,*,#4316,.T.);
#5707=ORIENTED_EDGE('',*,*,#4336,.T.);
#5708=ORIENTED_EDGE('',*,*,#4354,.F.);
#5709=ORIENTED_EDGE('',*,*,#4355,.F.);
#5710=ORIENTED_EDGE('',*,*,#4356,.T.);
#5711=ORIENTED_EDGE('',*,*,#4357,.T.);
#5712=ORIENTED_EDGE('',*,*,#4358,.F.);
#5713=ORIENTED_EDGE('',*,*,#4359,.F.);
#5714=ORIENTED_EDGE('',*,*,#4360,.T.);
#5715=ORIENTED_EDGE('',*,*,#4355,.T.);
#5716=ORIENTED_EDGE('',*,*,#4361,.F.);
#5717=ORIENTED_EDGE('',*,*,#4362,.F.);
#5718=ORIENTED_EDGE('',*,*,#4363,.T.);
#5719=ORIENTED_EDGE('',*,*,#4359,.T.);
#5720=ORIENTED_EDGE('',*,*,#4364,.F.);
#5721=ORIENTED_EDGE('',*,*,#4365,.F.);
#5722=ORIENTED_EDGE('',*,*,#4366,.T.);
#5723=ORIENTED_EDGE('',*,*,#4362,.T.);
#5724=ORIENTED_EDGE('',*,*,#4367,.F.);
#5725=ORIENTED_EDGE('',*,*,#4368,.F.);
#5726=ORIENTED_EDGE('',*,*,#4369,.T.);
#5727=ORIENTED_EDGE('',*,*,#4365,.T.);
#5728=ORIENTED_EDGE('',*,*,#4370,.F.);
#5729=ORIENTED_EDGE('',*,*,#4371,.F.);
#5730=ORIENTED_EDGE('',*,*,#4372,.T.);
#5731=ORIENTED_EDGE('',*,*,#4368,.T.);
#5732=ORIENTED_EDGE('',*,*,#4373,.F.);
#5733=ORIENTED_EDGE('',*,*,#4374,.F.);
#5734=ORIENTED_EDGE('',*,*,#4375,.T.);
#5735=ORIENTED_EDGE('',*,*,#4371,.T.);
#5736=ORIENTED_EDGE('',*,*,#4376,.F.);
#5737=ORIENTED_EDGE('',*,*,#4377,.F.);
#5738=ORIENTED_EDGE('',*,*,#4378,.T.);
#5739=ORIENTED_EDGE('',*,*,#4374,.T.);
#5740=ORIENTED_EDGE('',*,*,#4379,.F.);
#5741=ORIENTED_EDGE('',*,*,#4380,.F.);
#5742=ORIENTED_EDGE('',*,*,#4381,.T.);
#5743=ORIENTED_EDGE('',*,*,#4377,.T.);
#5744=ORIENTED_EDGE('',*,*,#4382,.F.);
#5745=ORIENTED_EDGE('',*,*,#4383,.F.);
#5746=ORIENTED_EDGE('',*,*,#4384,.T.);
#5747=ORIENTED_EDGE('',*,*,#4380,.T.);
#5748=ORIENTED_EDGE('',*,*,#4385,.F.);
#5749=ORIENTED_EDGE('',*,*,#4386,.F.);
#5750=ORIENTED_EDGE('',*,*,#4387,.T.);
#5751=ORIENTED_EDGE('',*,*,#4383,.T.);
#5752=ORIENTED_EDGE('',*,*,#4388,.F.);
#5753=ORIENTED_EDGE('',*,*,#4389,.F.);
#5754=ORIENTED_EDGE('',*,*,#4390,.T.);
#5755=ORIENTED_EDGE('',*,*,#4386,.T.);
#5756=ORIENTED_EDGE('',*,*,#4391,.F.);
#5757=ORIENTED_EDGE('',*,*,#4357,.F.);
#5758=ORIENTED_EDGE('',*,*,#4392,.T.);
#5759=ORIENTED_EDGE('',*,*,#4389,.T.);
#5760=ORIENTED_EDGE('',*,*,#4375,.F.);
#5761=ORIENTED_EDGE('',*,*,#4378,.F.);
#5762=ORIENTED_EDGE('',*,*,#4381,.F.);
#5763=ORIENTED_EDGE('',*,*,#4384,.F.);
#5764=ORIENTED_EDGE('',*,*,#4387,.F.);
#5765=ORIENTED_EDGE('',*,*,#4390,.F.);
#5766=ORIENTED_EDGE('',*,*,#4392,.F.);
#5767=ORIENTED_EDGE('',*,*,#4356,.F.);
#5768=ORIENTED_EDGE('',*,*,#4360,.F.);
#5769=ORIENTED_EDGE('',*,*,#4363,.F.);
#5770=ORIENTED_EDGE('',*,*,#4366,.F.);
#5771=ORIENTED_EDGE('',*,*,#4369,.F.);
#5772=ORIENTED_EDGE('',*,*,#4372,.F.);
#5773=ORIENTED_EDGE('',*,*,#4393,.F.);
#5774=ORIENTED_EDGE('',*,*,#4394,.F.);
#5775=ORIENTED_EDGE('',*,*,#4395,.F.);
#5776=ORIENTED_EDGE('',*,*,#4396,.F.);
#5777=ORIENTED_EDGE('',*,*,#4397,.F.);
#5778=ORIENTED_EDGE('',*,*,#4398,.F.);
#5779=ORIENTED_EDGE('',*,*,#4399,.F.);
#5780=ORIENTED_EDGE('',*,*,#4400,.F.);
#5781=ORIENTED_EDGE('',*,*,#4401,.F.);
#5782=ORIENTED_EDGE('',*,*,#4402,.F.);
#5783=ORIENTED_EDGE('',*,*,#4403,.F.);
#5784=ORIENTED_EDGE('',*,*,#4404,.F.);
#5785=ORIENTED_EDGE('',*,*,#4405,.F.);
#5786=ORIENTED_EDGE('',*,*,#4402,.T.);
#5787=ORIENTED_EDGE('',*,*,#4406,.T.);
#5788=ORIENTED_EDGE('',*,*,#4407,.F.);
#5789=ORIENTED_EDGE('',*,*,#4406,.F.);
#5790=ORIENTED_EDGE('',*,*,#4401,.T.);
#5791=ORIENTED_EDGE('',*,*,#4408,.T.);
#5792=ORIENTED_EDGE('',*,*,#4409,.F.);
#5793=ORIENTED_EDGE('',*,*,#4410,.F.);
#5794=ORIENTED_EDGE('',*,*,#4396,.T.);
#5795=ORIENTED_EDGE('',*,*,#4411,.T.);
#5796=ORIENTED_EDGE('',*,*,#4412,.F.);
#5797=ORIENTED_EDGE('',*,*,#4411,.F.);
#5798=ORIENTED_EDGE('',*,*,#4395,.T.);
#5799=ORIENTED_EDGE('',*,*,#4413,.T.);
#5800=ORIENTED_EDGE('',*,*,#4414,.F.);
#5801=ORIENTED_EDGE('',*,*,#4413,.F.);
#5802=ORIENTED_EDGE('',*,*,#4394,.T.);
#5803=ORIENTED_EDGE('',*,*,#4415,.T.);
#5804=ORIENTED_EDGE('',*,*,#4416,.F.);
#5805=ORIENTED_EDGE('',*,*,#4415,.F.);
#5806=ORIENTED_EDGE('',*,*,#4393,.T.);
#5807=ORIENTED_EDGE('',*,*,#4417,.T.);
#5808=ORIENTED_EDGE('',*,*,#4418,.F.);
#5809=ORIENTED_EDGE('',*,*,#4408,.F.);
#5810=ORIENTED_EDGE('',*,*,#4403,.T.);
#5811=ORIENTED_EDGE('',*,*,#4405,.T.);
#5812=ORIENTED_EDGE('',*,*,#4419,.F.);
#5813=ORIENTED_EDGE('',*,*,#4417,.F.);
#5814=ORIENTED_EDGE('',*,*,#4400,.T.);
#5815=ORIENTED_EDGE('',*,*,#4420,.T.);
#5816=ORIENTED_EDGE('',*,*,#4421,.F.);
#5817=ORIENTED_EDGE('',*,*,#4420,.F.);
#5818=ORIENTED_EDGE('',*,*,#4399,.T.);
#5819=ORIENTED_EDGE('',*,*,#4422,.T.);
#5820=ORIENTED_EDGE('',*,*,#4423,.F.);
#5821=ORIENTED_EDGE('',*,*,#4422,.F.);
#5822=ORIENTED_EDGE('',*,*,#4398,.T.);
#5823=ORIENTED_EDGE('',*,*,#4424,.T.);
#5824=ORIENTED_EDGE('',*,*,#4425,.F.);
#5825=ORIENTED_EDGE('',*,*,#4424,.F.);
#5826=ORIENTED_EDGE('',*,*,#4397,.T.);
#5827=ORIENTED_EDGE('',*,*,#4410,.T.);
#5828=ORIENTED_EDGE('',*,*,#4426,.F.);
#5829=ORIENTED_EDGE('',*,*,#4427,.F.);
#5830=ORIENTED_EDGE('',*,*,#4428,.T.);
#5831=ORIENTED_EDGE('',*,*,#4429,.T.);
#5832=ORIENTED_EDGE('',*,*,#4430,.F.);
#5833=ORIENTED_EDGE('',*,*,#4431,.F.);
#5834=ORIENTED_EDGE('',*,*,#4432,.T.);
#5835=ORIENTED_EDGE('',*,*,#4427,.T.);
#5836=ORIENTED_EDGE('',*,*,#4433,.F.);
#5837=ORIENTED_EDGE('',*,*,#4434,.F.);
#5838=ORIENTED_EDGE('',*,*,#4435,.T.);
#5839=ORIENTED_EDGE('',*,*,#4431,.T.);
#5840=ORIENTED_EDGE('',*,*,#4436,.F.);
#5841=ORIENTED_EDGE('',*,*,#4437,.F.);
#5842=ORIENTED_EDGE('',*,*,#4438,.T.);
#5843=ORIENTED_EDGE('',*,*,#4434,.T.);
#5844=ORIENTED_EDGE('',*,*,#4439,.F.);
#5845=ORIENTED_EDGE('',*,*,#4440,.F.);
#5846=ORIENTED_EDGE('',*,*,#4441,.T.);
#5847=ORIENTED_EDGE('',*,*,#4437,.T.);
#5848=ORIENTED_EDGE('',*,*,#4442,.F.);
#5849=ORIENTED_EDGE('',*,*,#4443,.F.);
#5850=ORIENTED_EDGE('',*,*,#4444,.T.);
#5851=ORIENTED_EDGE('',*,*,#4440,.T.);
#5852=ORIENTED_EDGE('',*,*,#4445,.F.);
#5853=ORIENTED_EDGE('',*,*,#4446,.F.);
#5854=ORIENTED_EDGE('',*,*,#4447,.T.);
#5855=ORIENTED_EDGE('',*,*,#4443,.T.);
#5856=ORIENTED_EDGE('',*,*,#4448,.F.);
#5857=ORIENTED_EDGE('',*,*,#4449,.F.);
#5858=ORIENTED_EDGE('',*,*,#4450,.T.);
#5859=ORIENTED_EDGE('',*,*,#4446,.T.);
#5860=ORIENTED_EDGE('',*,*,#4451,.F.);
#5861=ORIENTED_EDGE('',*,*,#4452,.F.);
#5862=ORIENTED_EDGE('',*,*,#4453,.T.);
#5863=ORIENTED_EDGE('',*,*,#4449,.T.);
#5864=ORIENTED_EDGE('',*,*,#4454,.F.);
#5865=ORIENTED_EDGE('',*,*,#4455,.F.);
#5866=ORIENTED_EDGE('',*,*,#4456,.T.);
#5867=ORIENTED_EDGE('',*,*,#4452,.T.);
#5868=ORIENTED_EDGE('',*,*,#4457,.F.);
#5869=ORIENTED_EDGE('',*,*,#4458,.F.);
#5870=ORIENTED_EDGE('',*,*,#4459,.T.);
#5871=ORIENTED_EDGE('',*,*,#4455,.T.);
#5872=ORIENTED_EDGE('',*,*,#4460,.F.);
#5873=ORIENTED_EDGE('',*,*,#4461,.F.);
#5874=ORIENTED_EDGE('',*,*,#4462,.T.);
#5875=ORIENTED_EDGE('',*,*,#4458,.T.);
#5876=ORIENTED_EDGE('',*,*,#4463,.F.);
#5877=ORIENTED_EDGE('',*,*,#4464,.F.);
#5878=ORIENTED_EDGE('',*,*,#4465,.T.);
#5879=ORIENTED_EDGE('',*,*,#4461,.T.);
#5880=ORIENTED_EDGE('',*,*,#4466,.F.);
#5881=ORIENTED_EDGE('',*,*,#4467,.F.);
#5882=ORIENTED_EDGE('',*,*,#4468,.T.);
#5883=ORIENTED_EDGE('',*,*,#4464,.T.);
#5884=ORIENTED_EDGE('',*,*,#4469,.F.);
#5885=ORIENTED_EDGE('',*,*,#4470,.F.);
#5886=ORIENTED_EDGE('',*,*,#4471,.T.);
#5887=ORIENTED_EDGE('',*,*,#4467,.T.);
#5888=ORIENTED_EDGE('',*,*,#4472,.F.);
#5889=ORIENTED_EDGE('',*,*,#4473,.F.);
#5890=ORIENTED_EDGE('',*,*,#4474,.T.);
#5891=ORIENTED_EDGE('',*,*,#4470,.T.);
#5892=ORIENTED_EDGE('',*,*,#4475,.F.);
#5893=ORIENTED_EDGE('',*,*,#4476,.F.);
#5894=ORIENTED_EDGE('',*,*,#4477,.T.);
#5895=ORIENTED_EDGE('',*,*,#4473,.T.);
#5896=ORIENTED_EDGE('',*,*,#4478,.F.);
#5897=ORIENTED_EDGE('',*,*,#4479,.F.);
#5898=ORIENTED_EDGE('',*,*,#4480,.T.);
#5899=ORIENTED_EDGE('',*,*,#4476,.T.);
#5900=ORIENTED_EDGE('',*,*,#4481,.F.);
#5901=ORIENTED_EDGE('',*,*,#4482,.F.);
#5902=ORIENTED_EDGE('',*,*,#4483,.T.);
#5903=ORIENTED_EDGE('',*,*,#4479,.T.);
#5904=ORIENTED_EDGE('',*,*,#4484,.F.);
#5905=ORIENTED_EDGE('',*,*,#4429,.F.);
#5906=ORIENTED_EDGE('',*,*,#4485,.T.);
#5907=ORIENTED_EDGE('',*,*,#4482,.T.);
#5908=ORIENTED_EDGE('',*,*,#4459,.F.);
#5909=ORIENTED_EDGE('',*,*,#4462,.F.);
#5910=ORIENTED_EDGE('',*,*,#4465,.F.);
#5911=ORIENTED_EDGE('',*,*,#4468,.F.);
#5912=ORIENTED_EDGE('',*,*,#4471,.F.);
#5913=ORIENTED_EDGE('',*,*,#4474,.F.);
#5914=ORIENTED_EDGE('',*,*,#4477,.F.);
#5915=ORIENTED_EDGE('',*,*,#4480,.F.);
#5916=ORIENTED_EDGE('',*,*,#4483,.F.);
#5917=ORIENTED_EDGE('',*,*,#4485,.F.);
#5918=ORIENTED_EDGE('',*,*,#4428,.F.);
#5919=ORIENTED_EDGE('',*,*,#4432,.F.);
#5920=ORIENTED_EDGE('',*,*,#4435,.F.);
#5921=ORIENTED_EDGE('',*,*,#4438,.F.);
#5922=ORIENTED_EDGE('',*,*,#4441,.F.);
#5923=ORIENTED_EDGE('',*,*,#4444,.F.);
#5924=ORIENTED_EDGE('',*,*,#4447,.F.);
#5925=ORIENTED_EDGE('',*,*,#4450,.F.);
#5926=ORIENTED_EDGE('',*,*,#4453,.F.);
#5927=ORIENTED_EDGE('',*,*,#4456,.F.);
#5928=ORIENTED_EDGE('',*,*,#4486,.F.);
#5929=ORIENTED_EDGE('',*,*,#4487,.F.);
#5930=ORIENTED_EDGE('',*,*,#4488,.F.);
#5931=ORIENTED_EDGE('',*,*,#4489,.F.);
#5932=ORIENTED_EDGE('',*,*,#4490,.F.);
#5933=ORIENTED_EDGE('',*,*,#4491,.F.);
#5934=ORIENTED_EDGE('',*,*,#4492,.F.);
#5935=ORIENTED_EDGE('',*,*,#4493,.F.);
#5936=ORIENTED_EDGE('',*,*,#4494,.F.);
#5937=ORIENTED_EDGE('',*,*,#4495,.F.);
#5938=ORIENTED_EDGE('',*,*,#4496,.F.);
#5939=ORIENTED_EDGE('',*,*,#4497,.F.);
#5940=ORIENTED_EDGE('',*,*,#4498,.F.);
#5941=ORIENTED_EDGE('',*,*,#4499,.F.);
#5942=ORIENTED_EDGE('',*,*,#4500,.F.);
#5943=ORIENTED_EDGE('',*,*,#4501,.F.);
#5944=ORIENTED_EDGE('',*,*,#4502,.F.);
#5945=ORIENTED_EDGE('',*,*,#4503,.F.);
#5946=ORIENTED_EDGE('',*,*,#4504,.F.);
#5947=ORIENTED_EDGE('',*,*,#4505,.F.);
#5948=ORIENTED_EDGE('',*,*,#4506,.F.);
#5949=ORIENTED_EDGE('',*,*,#4507,.F.);
#5950=ORIENTED_EDGE('',*,*,#4495,.T.);
#5951=ORIENTED_EDGE('',*,*,#4508,.T.);
#5952=ORIENTED_EDGE('',*,*,#4509,.F.);
#5953=ORIENTED_EDGE('',*,*,#4508,.F.);
#5954=ORIENTED_EDGE('',*,*,#4494,.T.);
#5955=ORIENTED_EDGE('',*,*,#4510,.T.);
#5956=ORIENTED_EDGE('',*,*,#4511,.F.);
#5957=ORIENTED_EDGE('',*,*,#4510,.F.);
#5958=ORIENTED_EDGE('',*,*,#4493,.T.);
#5959=ORIENTED_EDGE('',*,*,#4512,.T.);
#5960=ORIENTED_EDGE('',*,*,#4513,.F.);
#5961=ORIENTED_EDGE('',*,*,#4512,.F.);
#5962=ORIENTED_EDGE('',*,*,#4492,.T.);
#5963=ORIENTED_EDGE('',*,*,#4514,.T.);
#5964=ORIENTED_EDGE('',*,*,#4515,.F.);
#5965=ORIENTED_EDGE('',*,*,#4514,.F.);
#5966=ORIENTED_EDGE('',*,*,#4491,.T.);
#5967=ORIENTED_EDGE('',*,*,#4516,.T.);
#5968=ORIENTED_EDGE('',*,*,#4517,.F.);
#5969=ORIENTED_EDGE('',*,*,#4516,.F.);
#5970=ORIENTED_EDGE('',*,*,#4490,.T.);
#5971=ORIENTED_EDGE('',*,*,#4518,.T.);
#5972=ORIENTED_EDGE('',*,*,#4519,.F.);
#5973=ORIENTED_EDGE('',*,*,#4518,.F.);
#5974=ORIENTED_EDGE('',*,*,#4489,.T.);
#5975=ORIENTED_EDGE('',*,*,#4520,.T.);
#5976=ORIENTED_EDGE('',*,*,#4521,.F.);
#5977=ORIENTED_EDGE('',*,*,#4520,.F.);
#5978=ORIENTED_EDGE('',*,*,#4488,.T.);
#5979=ORIENTED_EDGE('',*,*,#4522,.T.);
#5980=ORIENTED_EDGE('',*,*,#4523,.F.);
#5981=ORIENTED_EDGE('',*,*,#4522,.F.);
#5982=ORIENTED_EDGE('',*,*,#4487,.T.);
#5983=ORIENTED_EDGE('',*,*,#4524,.T.);
#5984=ORIENTED_EDGE('',*,*,#4525,.F.);
#5985=ORIENTED_EDGE('',*,*,#4524,.F.);
#5986=ORIENTED_EDGE('',*,*,#4486,.T.);
#5987=ORIENTED_EDGE('',*,*,#4526,.T.);
#5988=ORIENTED_EDGE('',*,*,#4527,.F.);
#5989=ORIENTED_EDGE('',*,*,#4526,.F.);
#5990=ORIENTED_EDGE('',*,*,#4505,.T.);
#5991=ORIENTED_EDGE('',*,*,#4528,.T.);
#5992=ORIENTED_EDGE('',*,*,#4529,.F.);
#5993=ORIENTED_EDGE('',*,*,#4528,.F.);
#5994=ORIENTED_EDGE('',*,*,#4504,.T.);
#5995=ORIENTED_EDGE('',*,*,#4530,.T.);
#5996=ORIENTED_EDGE('',*,*,#4531,.F.);
#5997=ORIENTED_EDGE('',*,*,#4530,.F.);
#5998=ORIENTED_EDGE('',*,*,#4503,.T.);
#5999=ORIENTED_EDGE('',*,*,#4532,.T.);
#6000=ORIENTED_EDGE('',*,*,#4533,.F.);
#6001=ORIENTED_EDGE('',*,*,#4532,.F.);
#6002=ORIENTED_EDGE('',*,*,#4502,.T.);
#6003=ORIENTED_EDGE('',*,*,#4534,.T.);
#6004=ORIENTED_EDGE('',*,*,#4535,.F.);
#6005=ORIENTED_EDGE('',*,*,#4534,.F.);
#6006=ORIENTED_EDGE('',*,*,#4501,.T.);
#6007=ORIENTED_EDGE('',*,*,#4536,.T.);
#6008=ORIENTED_EDGE('',*,*,#4537,.F.);
#6009=ORIENTED_EDGE('',*,*,#4536,.F.);
#6010=ORIENTED_EDGE('',*,*,#4500,.T.);
#6011=ORIENTED_EDGE('',*,*,#4538,.T.);
#6012=ORIENTED_EDGE('',*,*,#4539,.F.);
#6013=ORIENTED_EDGE('',*,*,#4538,.F.);
#6014=ORIENTED_EDGE('',*,*,#4499,.T.);
#6015=ORIENTED_EDGE('',*,*,#4540,.T.);
#6016=ORIENTED_EDGE('',*,*,#4541,.F.);
#6017=ORIENTED_EDGE('',*,*,#4540,.F.);
#6018=ORIENTED_EDGE('',*,*,#4498,.T.);
#6019=ORIENTED_EDGE('',*,*,#4542,.T.);
#6020=ORIENTED_EDGE('',*,*,#4543,.F.);
#6021=ORIENTED_EDGE('',*,*,#4542,.F.);
#6022=ORIENTED_EDGE('',*,*,#4497,.T.);
#6023=ORIENTED_EDGE('',*,*,#4544,.T.);
#6024=ORIENTED_EDGE('',*,*,#4545,.F.);
#6025=ORIENTED_EDGE('',*,*,#4544,.F.);
#6026=ORIENTED_EDGE('',*,*,#4496,.T.);
#6027=ORIENTED_EDGE('',*,*,#4507,.T.);
#6028=ORIENTED_EDGE('',*,*,#4546,.F.);
#6029=ORIENTED_EDGE('',*,*,#4547,.F.);
#6030=ORIENTED_EDGE('',*,*,#4548,.T.);
#6031=ORIENTED_EDGE('',*,*,#4549,.T.);
#6032=ORIENTED_EDGE('',*,*,#4550,.F.);
#6033=ORIENTED_EDGE('',*,*,#4551,.F.);
#6034=ORIENTED_EDGE('',*,*,#4552,.T.);
#6035=ORIENTED_EDGE('',*,*,#4547,.T.);
#6036=ORIENTED_EDGE('',*,*,#4553,.F.);
#6037=ORIENTED_EDGE('',*,*,#4554,.F.);
#6038=ORIENTED_EDGE('',*,*,#4555,.T.);
#6039=ORIENTED_EDGE('',*,*,#4551,.T.);
#6040=ORIENTED_EDGE('',*,*,#4556,.F.);
#6041=ORIENTED_EDGE('',*,*,#4557,.F.);
#6042=ORIENTED_EDGE('',*,*,#4558,.T.);
#6043=ORIENTED_EDGE('',*,*,#4554,.T.);
#6044=ORIENTED_EDGE('',*,*,#4559,.F.);
#6045=ORIENTED_EDGE('',*,*,#4560,.F.);
#6046=ORIENTED_EDGE('',*,*,#4561,.T.);
#6047=ORIENTED_EDGE('',*,*,#4557,.T.);
#6048=ORIENTED_EDGE('',*,*,#4562,.F.);
#6049=ORIENTED_EDGE('',*,*,#4563,.F.);
#6050=ORIENTED_EDGE('',*,*,#4564,.T.);
#6051=ORIENTED_EDGE('',*,*,#4560,.T.);
#6052=ORIENTED_EDGE('',*,*,#4565,.F.);
#6053=ORIENTED_EDGE('',*,*,#4566,.F.);
#6054=ORIENTED_EDGE('',*,*,#4567,.T.);
#6055=ORIENTED_EDGE('',*,*,#4563,.T.);
#6056=ORIENTED_EDGE('',*,*,#4568,.F.);
#6057=ORIENTED_EDGE('',*,*,#4569,.F.);
#6058=ORIENTED_EDGE('',*,*,#4570,.T.);
#6059=ORIENTED_EDGE('',*,*,#4566,.T.);
#6060=ORIENTED_EDGE('',*,*,#4571,.F.);
#6061=ORIENTED_EDGE('',*,*,#4572,.F.);
#6062=ORIENTED_EDGE('',*,*,#4573,.T.);
#6063=ORIENTED_EDGE('',*,*,#4569,.T.);
#6064=ORIENTED_EDGE('',*,*,#4574,.F.);
#6065=ORIENTED_EDGE('',*,*,#4575,.F.);
#6066=ORIENTED_EDGE('',*,*,#4576,.T.);
#6067=ORIENTED_EDGE('',*,*,#4572,.T.);
#6068=ORIENTED_EDGE('',*,*,#4577,.F.);
#6069=ORIENTED_EDGE('',*,*,#4578,.F.);
#6070=ORIENTED_EDGE('',*,*,#4579,.T.);
#6071=ORIENTED_EDGE('',*,*,#4575,.T.);
#6072=ORIENTED_EDGE('',*,*,#4580,.F.);
#6073=ORIENTED_EDGE('',*,*,#4581,.F.);
#6074=ORIENTED_EDGE('',*,*,#4582,.T.);
#6075=ORIENTED_EDGE('',*,*,#4578,.T.);
#6076=ORIENTED_EDGE('',*,*,#4583,.F.);
#6077=ORIENTED_EDGE('',*,*,#4584,.F.);
#6078=ORIENTED_EDGE('',*,*,#4585,.T.);
#6079=ORIENTED_EDGE('',*,*,#4581,.T.);
#6080=ORIENTED_EDGE('',*,*,#4586,.F.);
#6081=ORIENTED_EDGE('',*,*,#4587,.F.);
#6082=ORIENTED_EDGE('',*,*,#4588,.T.);
#6083=ORIENTED_EDGE('',*,*,#4584,.T.);
#6084=ORIENTED_EDGE('',*,*,#4589,.F.);
#6085=ORIENTED_EDGE('',*,*,#4590,.F.);
#6086=ORIENTED_EDGE('',*,*,#4591,.T.);
#6087=ORIENTED_EDGE('',*,*,#4587,.T.);
#6088=ORIENTED_EDGE('',*,*,#4592,.F.);
#6089=ORIENTED_EDGE('',*,*,#4593,.F.);
#6090=ORIENTED_EDGE('',*,*,#4594,.T.);
#6091=ORIENTED_EDGE('',*,*,#4590,.T.);
#6092=ORIENTED_EDGE('',*,*,#4595,.F.);
#6093=ORIENTED_EDGE('',*,*,#4596,.F.);
#6094=ORIENTED_EDGE('',*,*,#4597,.T.);
#6095=ORIENTED_EDGE('',*,*,#4593,.T.);
#6096=ORIENTED_EDGE('',*,*,#4598,.F.);
#6097=ORIENTED_EDGE('',*,*,#4599,.F.);
#6098=ORIENTED_EDGE('',*,*,#4600,.T.);
#6099=ORIENTED_EDGE('',*,*,#4596,.T.);
#6100=ORIENTED_EDGE('',*,*,#4601,.F.);
#6101=ORIENTED_EDGE('',*,*,#4602,.F.);
#6102=ORIENTED_EDGE('',*,*,#4603,.T.);
#6103=ORIENTED_EDGE('',*,*,#4599,.T.);
#6104=ORIENTED_EDGE('',*,*,#4604,.F.);
#6105=ORIENTED_EDGE('',*,*,#4549,.F.);
#6106=ORIENTED_EDGE('',*,*,#4605,.T.);
#6107=ORIENTED_EDGE('',*,*,#4602,.T.);
#6108=ORIENTED_EDGE('',*,*,#4579,.F.);
#6109=ORIENTED_EDGE('',*,*,#4582,.F.);
#6110=ORIENTED_EDGE('',*,*,#4585,.F.);
#6111=ORIENTED_EDGE('',*,*,#4588,.F.);
#6112=ORIENTED_EDGE('',*,*,#4591,.F.);
#6113=ORIENTED_EDGE('',*,*,#4594,.F.);
#6114=ORIENTED_EDGE('',*,*,#4597,.F.);
#6115=ORIENTED_EDGE('',*,*,#4600,.F.);
#6116=ORIENTED_EDGE('',*,*,#4603,.F.);
#6117=ORIENTED_EDGE('',*,*,#4605,.F.);
#6118=ORIENTED_EDGE('',*,*,#4548,.F.);
#6119=ORIENTED_EDGE('',*,*,#4552,.F.);
#6120=ORIENTED_EDGE('',*,*,#4555,.F.);
#6121=ORIENTED_EDGE('',*,*,#4558,.F.);
#6122=ORIENTED_EDGE('',*,*,#4561,.F.);
#6123=ORIENTED_EDGE('',*,*,#4564,.F.);
#6124=ORIENTED_EDGE('',*,*,#4567,.F.);
#6125=ORIENTED_EDGE('',*,*,#4570,.F.);
#6126=ORIENTED_EDGE('',*,*,#4573,.F.);
#6127=ORIENTED_EDGE('',*,*,#4576,.F.);
#6128=ORIENTED_EDGE('',*,*,#4606,.F.);
#6129=ORIENTED_EDGE('',*,*,#4607,.F.);
#6130=ORIENTED_EDGE('',*,*,#4608,.F.);
#6131=ORIENTED_EDGE('',*,*,#4609,.F.);
#6132=ORIENTED_EDGE('',*,*,#4610,.F.);
#6133=ORIENTED_EDGE('',*,*,#4611,.F.);
#6134=ORIENTED_EDGE('',*,*,#4612,.F.);
#6135=ORIENTED_EDGE('',*,*,#4613,.F.);
#6136=ORIENTED_EDGE('',*,*,#4614,.F.);
#6137=ORIENTED_EDGE('',*,*,#4615,.F.);
#6138=ORIENTED_EDGE('',*,*,#4616,.F.);
#6139=ORIENTED_EDGE('',*,*,#4617,.F.);
#6140=ORIENTED_EDGE('',*,*,#4618,.F.);
#6141=ORIENTED_EDGE('',*,*,#4619,.F.);
#6142=ORIENTED_EDGE('',*,*,#4620,.F.);
#6143=ORIENTED_EDGE('',*,*,#4621,.F.);
#6144=ORIENTED_EDGE('',*,*,#4612,.T.);
#6145=ORIENTED_EDGE('',*,*,#4622,.T.);
#6146=ORIENTED_EDGE('',*,*,#4623,.F.);
#6147=ORIENTED_EDGE('',*,*,#4622,.F.);
#6148=ORIENTED_EDGE('',*,*,#4611,.T.);
#6149=ORIENTED_EDGE('',*,*,#4624,.T.);
#6150=ORIENTED_EDGE('',*,*,#4625,.F.);
#6151=ORIENTED_EDGE('',*,*,#4624,.F.);
#6152=ORIENTED_EDGE('',*,*,#4610,.T.);
#6153=ORIENTED_EDGE('',*,*,#4626,.T.);
#6154=ORIENTED_EDGE('',*,*,#4627,.F.);
#6155=ORIENTED_EDGE('',*,*,#4626,.F.);
#6156=ORIENTED_EDGE('',*,*,#4609,.T.);
#6157=ORIENTED_EDGE('',*,*,#4628,.T.);
#6158=ORIENTED_EDGE('',*,*,#4629,.F.);
#6159=ORIENTED_EDGE('',*,*,#4628,.F.);
#6160=ORIENTED_EDGE('',*,*,#4608,.T.);
#6161=ORIENTED_EDGE('',*,*,#4630,.T.);
#6162=ORIENTED_EDGE('',*,*,#4631,.F.);
#6163=ORIENTED_EDGE('',*,*,#4630,.F.);
#6164=ORIENTED_EDGE('',*,*,#4607,.T.);
#6165=ORIENTED_EDGE('',*,*,#4632,.T.);
#6166=ORIENTED_EDGE('',*,*,#4633,.F.);
#6167=ORIENTED_EDGE('',*,*,#4632,.F.);
#6168=ORIENTED_EDGE('',*,*,#4606,.T.);
#6169=ORIENTED_EDGE('',*,*,#4634,.T.);
#6170=ORIENTED_EDGE('',*,*,#4635,.F.);
#6171=ORIENTED_EDGE('',*,*,#4634,.F.);
#6172=ORIENTED_EDGE('',*,*,#4619,.T.);
#6173=ORIENTED_EDGE('',*,*,#4636,.T.);
#6174=ORIENTED_EDGE('',*,*,#4637,.F.);
#6175=ORIENTED_EDGE('',*,*,#4636,.F.);
#6176=ORIENTED_EDGE('',*,*,#4618,.T.);
#6177=ORIENTED_EDGE('',*,*,#4638,.T.);
#6178=ORIENTED_EDGE('',*,*,#4639,.F.);
#6179=ORIENTED_EDGE('',*,*,#4638,.F.);
#6180=ORIENTED_EDGE('',*,*,#4617,.T.);
#6181=ORIENTED_EDGE('',*,*,#4640,.T.);
#6182=ORIENTED_EDGE('',*,*,#4641,.F.);
#6183=ORIENTED_EDGE('',*,*,#4640,.F.);
#6184=ORIENTED_EDGE('',*,*,#4616,.T.);
#6185=ORIENTED_EDGE('',*,*,#4642,.T.);
#6186=ORIENTED_EDGE('',*,*,#4643,.F.);
#6187=ORIENTED_EDGE('',*,*,#4642,.F.);
#6188=ORIENTED_EDGE('',*,*,#4615,.T.);
#6189=ORIENTED_EDGE('',*,*,#4644,.T.);
#6190=ORIENTED_EDGE('',*,*,#4645,.F.);
#6191=ORIENTED_EDGE('',*,*,#4644,.F.);
#6192=ORIENTED_EDGE('',*,*,#4614,.T.);
#6193=ORIENTED_EDGE('',*,*,#4646,.T.);
#6194=ORIENTED_EDGE('',*,*,#4647,.F.);
#6195=ORIENTED_EDGE('',*,*,#4646,.F.);
#6196=ORIENTED_EDGE('',*,*,#4613,.T.);
#6197=ORIENTED_EDGE('',*,*,#4621,.T.);
#6198=ORIENTED_EDGE('',*,*,#4648,.F.);
#6199=ORIENTED_EDGE('',*,*,#4649,.F.);
#6200=ORIENTED_EDGE('',*,*,#4650,.T.);
#6201=ORIENTED_EDGE('',*,*,#4651,.T.);
#6202=ORIENTED_EDGE('',*,*,#4652,.F.);
#6203=ORIENTED_EDGE('',*,*,#4653,.F.);
#6204=ORIENTED_EDGE('',*,*,#4654,.T.);
#6205=ORIENTED_EDGE('',*,*,#4649,.T.);
#6206=ORIENTED_EDGE('',*,*,#4655,.F.);
#6207=ORIENTED_EDGE('',*,*,#4656,.F.);
#6208=ORIENTED_EDGE('',*,*,#4657,.T.);
#6209=ORIENTED_EDGE('',*,*,#4653,.T.);
#6210=ORIENTED_EDGE('',*,*,#4658,.F.);
#6211=ORIENTED_EDGE('',*,*,#4659,.F.);
#6212=ORIENTED_EDGE('',*,*,#4660,.T.);
#6213=ORIENTED_EDGE('',*,*,#4656,.T.);
#6214=ORIENTED_EDGE('',*,*,#4661,.F.);
#6215=ORIENTED_EDGE('',*,*,#4662,.F.);
#6216=ORIENTED_EDGE('',*,*,#4663,.T.);
#6217=ORIENTED_EDGE('',*,*,#4659,.T.);
#6218=ORIENTED_EDGE('',*,*,#4664,.F.);
#6219=ORIENTED_EDGE('',*,*,#4665,.F.);
#6220=ORIENTED_EDGE('',*,*,#4666,.T.);
#6221=ORIENTED_EDGE('',*,*,#4662,.T.);
#6222=ORIENTED_EDGE('',*,*,#4667,.F.);
#6223=ORIENTED_EDGE('',*,*,#4668,.F.);
#6224=ORIENTED_EDGE('',*,*,#4669,.T.);
#6225=ORIENTED_EDGE('',*,*,#4665,.T.);
#6226=ORIENTED_EDGE('',*,*,#4670,.F.);
#6227=ORIENTED_EDGE('',*,*,#4671,.F.);
#6228=ORIENTED_EDGE('',*,*,#4672,.T.);
#6229=ORIENTED_EDGE('',*,*,#4668,.T.);
#6230=ORIENTED_EDGE('',*,*,#4673,.F.);
#6231=ORIENTED_EDGE('',*,*,#4674,.F.);
#6232=ORIENTED_EDGE('',*,*,#4675,.T.);
#6233=ORIENTED_EDGE('',*,*,#4671,.T.);
#6234=ORIENTED_EDGE('',*,*,#4676,.F.);
#6235=ORIENTED_EDGE('',*,*,#4677,.F.);
#6236=ORIENTED_EDGE('',*,*,#4678,.T.);
#6237=ORIENTED_EDGE('',*,*,#4674,.T.);
#6238=ORIENTED_EDGE('',*,*,#4679,.F.);
#6239=ORIENTED_EDGE('',*,*,#4680,.F.);
#6240=ORIENTED_EDGE('',*,*,#4681,.T.);
#6241=ORIENTED_EDGE('',*,*,#4677,.T.);
#6242=ORIENTED_EDGE('',*,*,#4682,.F.);
#6243=ORIENTED_EDGE('',*,*,#4651,.F.);
#6244=ORIENTED_EDGE('',*,*,#4683,.T.);
#6245=ORIENTED_EDGE('',*,*,#4680,.T.);
#6246=ORIENTED_EDGE('',*,*,#4669,.F.);
#6247=ORIENTED_EDGE('',*,*,#4672,.F.);
#6248=ORIENTED_EDGE('',*,*,#4675,.F.);
#6249=ORIENTED_EDGE('',*,*,#4678,.F.);
#6250=ORIENTED_EDGE('',*,*,#4681,.F.);
#6251=ORIENTED_EDGE('',*,*,#4683,.F.);
#6252=ORIENTED_EDGE('',*,*,#4650,.F.);
#6253=ORIENTED_EDGE('',*,*,#4654,.F.);
#6254=ORIENTED_EDGE('',*,*,#4657,.F.);
#6255=ORIENTED_EDGE('',*,*,#4660,.F.);
#6256=ORIENTED_EDGE('',*,*,#4663,.F.);
#6257=ORIENTED_EDGE('',*,*,#4666,.F.);
#6258=ORIENTED_EDGE('',*,*,#4684,.F.);
#6259=ORIENTED_EDGE('',*,*,#4685,.F.);
#6260=ORIENTED_EDGE('',*,*,#4686,.F.);
#6261=ORIENTED_EDGE('',*,*,#4687,.F.);
#6262=ORIENTED_EDGE('',*,*,#4688,.F.);
#6263=ORIENTED_EDGE('',*,*,#4689,.F.);
#6264=ORIENTED_EDGE('',*,*,#4690,.F.);
#6265=ORIENTED_EDGE('',*,*,#4691,.F.);
#6266=ORIENTED_EDGE('',*,*,#4692,.F.);
#6267=ORIENTED_EDGE('',*,*,#4693,.F.);
#6268=ORIENTED_EDGE('',*,*,#4694,.F.);
#6269=ORIENTED_EDGE('',*,*,#4695,.F.);
#6270=ORIENTED_EDGE('',*,*,#4696,.F.);
#6271=ORIENTED_EDGE('',*,*,#4697,.F.);
#6272=ORIENTED_EDGE('',*,*,#4698,.F.);
#6273=ORIENTED_EDGE('',*,*,#4699,.F.);
#6274=ORIENTED_EDGE('',*,*,#4700,.F.);
#6275=ORIENTED_EDGE('',*,*,#4701,.F.);
#6276=ORIENTED_EDGE('',*,*,#4702,.F.);
#6277=ORIENTED_EDGE('',*,*,#4703,.F.);
#6278=ORIENTED_EDGE('',*,*,#4704,.F.);
#6279=ORIENTED_EDGE('',*,*,#4705,.F.);
#6280=ORIENTED_EDGE('',*,*,#4693,.T.);
#6281=ORIENTED_EDGE('',*,*,#4706,.T.);
#6282=ORIENTED_EDGE('',*,*,#4707,.F.);
#6283=ORIENTED_EDGE('',*,*,#4706,.F.);
#6284=ORIENTED_EDGE('',*,*,#4692,.T.);
#6285=ORIENTED_EDGE('',*,*,#4708,.T.);
#6286=ORIENTED_EDGE('',*,*,#4709,.F.);
#6287=ORIENTED_EDGE('',*,*,#4708,.F.);
#6288=ORIENTED_EDGE('',*,*,#4691,.T.);
#6289=ORIENTED_EDGE('',*,*,#4710,.T.);
#6290=ORIENTED_EDGE('',*,*,#4711,.F.);
#6291=ORIENTED_EDGE('',*,*,#4710,.F.);
#6292=ORIENTED_EDGE('',*,*,#4690,.T.);
#6293=ORIENTED_EDGE('',*,*,#4712,.T.);
#6294=ORIENTED_EDGE('',*,*,#4713,.F.);
#6295=ORIENTED_EDGE('',*,*,#4712,.F.);
#6296=ORIENTED_EDGE('',*,*,#4689,.T.);
#6297=ORIENTED_EDGE('',*,*,#4714,.T.);
#6298=ORIENTED_EDGE('',*,*,#4715,.F.);
#6299=ORIENTED_EDGE('',*,*,#4714,.F.);
#6300=ORIENTED_EDGE('',*,*,#4688,.T.);
#6301=ORIENTED_EDGE('',*,*,#4716,.T.);
#6302=ORIENTED_EDGE('',*,*,#4717,.F.);
#6303=ORIENTED_EDGE('',*,*,#4716,.F.);
#6304=ORIENTED_EDGE('',*,*,#4687,.T.);
#6305=ORIENTED_EDGE('',*,*,#4718,.T.);
#6306=ORIENTED_EDGE('',*,*,#4719,.F.);
#6307=ORIENTED_EDGE('',*,*,#4718,.F.);
#6308=ORIENTED_EDGE('',*,*,#4686,.T.);
#6309=ORIENTED_EDGE('',*,*,#4720,.T.);
#6310=ORIENTED_EDGE('',*,*,#4721,.F.);
#6311=ORIENTED_EDGE('',*,*,#4720,.F.);
#6312=ORIENTED_EDGE('',*,*,#4685,.T.);
#6313=ORIENTED_EDGE('',*,*,#4722,.T.);
#6314=ORIENTED_EDGE('',*,*,#4723,.F.);
#6315=ORIENTED_EDGE('',*,*,#4722,.F.);
#6316=ORIENTED_EDGE('',*,*,#4684,.T.);
#6317=ORIENTED_EDGE('',*,*,#4724,.T.);
#6318=ORIENTED_EDGE('',*,*,#4725,.F.);
#6319=ORIENTED_EDGE('',*,*,#4724,.F.);
#6320=ORIENTED_EDGE('',*,*,#4703,.T.);
#6321=ORIENTED_EDGE('',*,*,#4726,.T.);
#6322=ORIENTED_EDGE('',*,*,#4727,.F.);
#6323=ORIENTED_EDGE('',*,*,#4726,.F.);
#6324=ORIENTED_EDGE('',*,*,#4702,.T.);
#6325=ORIENTED_EDGE('',*,*,#4728,.T.);
#6326=ORIENTED_EDGE('',*,*,#4729,.F.);
#6327=ORIENTED_EDGE('',*,*,#4728,.F.);
#6328=ORIENTED_EDGE('',*,*,#4701,.T.);
#6329=ORIENTED_EDGE('',*,*,#4730,.T.);
#6330=ORIENTED_EDGE('',*,*,#4731,.F.);
#6331=ORIENTED_EDGE('',*,*,#4730,.F.);
#6332=ORIENTED_EDGE('',*,*,#4700,.T.);
#6333=ORIENTED_EDGE('',*,*,#4732,.T.);
#6334=ORIENTED_EDGE('',*,*,#4733,.F.);
#6335=ORIENTED_EDGE('',*,*,#4732,.F.);
#6336=ORIENTED_EDGE('',*,*,#4699,.T.);
#6337=ORIENTED_EDGE('',*,*,#4734,.T.);
#6338=ORIENTED_EDGE('',*,*,#4735,.F.);
#6339=ORIENTED_EDGE('',*,*,#4734,.F.);
#6340=ORIENTED_EDGE('',*,*,#4698,.T.);
#6341=ORIENTED_EDGE('',*,*,#4736,.T.);
#6342=ORIENTED_EDGE('',*,*,#4737,.F.);
#6343=ORIENTED_EDGE('',*,*,#4736,.F.);
#6344=ORIENTED_EDGE('',*,*,#4697,.T.);
#6345=ORIENTED_EDGE('',*,*,#4738,.T.);
#6346=ORIENTED_EDGE('',*,*,#4739,.F.);
#6347=ORIENTED_EDGE('',*,*,#4738,.F.);
#6348=ORIENTED_EDGE('',*,*,#4696,.T.);
#6349=ORIENTED_EDGE('',*,*,#4740,.T.);
#6350=ORIENTED_EDGE('',*,*,#4741,.F.);
#6351=ORIENTED_EDGE('',*,*,#4740,.F.);
#6352=ORIENTED_EDGE('',*,*,#4695,.T.);
#6353=ORIENTED_EDGE('',*,*,#4742,.T.);
#6354=ORIENTED_EDGE('',*,*,#4743,.F.);
#6355=ORIENTED_EDGE('',*,*,#4742,.F.);
#6356=ORIENTED_EDGE('',*,*,#4694,.T.);
#6357=ORIENTED_EDGE('',*,*,#4705,.T.);
#6358=ORIENTED_EDGE('',*,*,#4744,.F.);
#6359=ORIENTED_EDGE('',*,*,#4745,.F.);
#6360=ORIENTED_EDGE('',*,*,#4746,.T.);
#6361=ORIENTED_EDGE('',*,*,#4747,.T.);
#6362=ORIENTED_EDGE('',*,*,#4748,.F.);
#6363=ORIENTED_EDGE('',*,*,#4749,.F.);
#6364=ORIENTED_EDGE('',*,*,#4750,.T.);
#6365=ORIENTED_EDGE('',*,*,#4745,.T.);
#6366=ORIENTED_EDGE('',*,*,#4751,.F.);
#6367=ORIENTED_EDGE('',*,*,#4752,.F.);
#6368=ORIENTED_EDGE('',*,*,#4753,.T.);
#6369=ORIENTED_EDGE('',*,*,#4749,.T.);
#6370=ORIENTED_EDGE('',*,*,#4754,.F.);
#6371=ORIENTED_EDGE('',*,*,#4755,.F.);
#6372=ORIENTED_EDGE('',*,*,#4756,.T.);
#6373=ORIENTED_EDGE('',*,*,#4752,.T.);
#6374=ORIENTED_EDGE('',*,*,#4757,.F.);
#6375=ORIENTED_EDGE('',*,*,#4758,.F.);
#6376=ORIENTED_EDGE('',*,*,#4759,.T.);
#6377=ORIENTED_EDGE('',*,*,#4755,.T.);
#6378=ORIENTED_EDGE('',*,*,#4760,.F.);
#6379=ORIENTED_EDGE('',*,*,#4761,.F.);
#6380=ORIENTED_EDGE('',*,*,#4762,.T.);
#6381=ORIENTED_EDGE('',*,*,#4758,.T.);
#6382=ORIENTED_EDGE('',*,*,#4763,.F.);
#6383=ORIENTED_EDGE('',*,*,#4764,.F.);
#6384=ORIENTED_EDGE('',*,*,#4765,.T.);
#6385=ORIENTED_EDGE('',*,*,#4761,.T.);
#6386=ORIENTED_EDGE('',*,*,#4766,.F.);
#6387=ORIENTED_EDGE('',*,*,#4747,.F.);
#6388=ORIENTED_EDGE('',*,*,#4767,.T.);
#6389=ORIENTED_EDGE('',*,*,#4764,.T.);
#6390=ORIENTED_EDGE('',*,*,#4759,.F.);
#6391=ORIENTED_EDGE('',*,*,#4762,.F.);
#6392=ORIENTED_EDGE('',*,*,#4765,.F.);
#6393=ORIENTED_EDGE('',*,*,#4767,.F.);
#6394=ORIENTED_EDGE('',*,*,#4746,.F.);
#6395=ORIENTED_EDGE('',*,*,#4750,.F.);
#6396=ORIENTED_EDGE('',*,*,#4753,.F.);
#6397=ORIENTED_EDGE('',*,*,#4756,.F.);
#6398=ORIENTED_EDGE('',*,*,#4768,.F.);
#6399=ORIENTED_EDGE('',*,*,#4769,.F.);
#6400=ORIENTED_EDGE('',*,*,#4770,.F.);
#6401=ORIENTED_EDGE('',*,*,#4771,.F.);
#6402=ORIENTED_EDGE('',*,*,#4772,.F.);
#6403=ORIENTED_EDGE('',*,*,#4773,.F.);
#6404=ORIENTED_EDGE('',*,*,#4774,.F.);
#6405=ORIENTED_EDGE('',*,*,#4775,.F.);
#6406=ORIENTED_EDGE('',*,*,#4776,.F.);
#6407=ORIENTED_EDGE('',*,*,#4777,.F.);
#6408=ORIENTED_EDGE('',*,*,#4778,.F.);
#6409=ORIENTED_EDGE('',*,*,#4779,.F.);
#6410=ORIENTED_EDGE('',*,*,#4772,.T.);
#6411=ORIENTED_EDGE('',*,*,#4780,.T.);
#6412=ORIENTED_EDGE('',*,*,#4781,.F.);
#6413=ORIENTED_EDGE('',*,*,#4780,.F.);
#6414=ORIENTED_EDGE('',*,*,#4771,.T.);
#6415=ORIENTED_EDGE('',*,*,#4782,.T.);
#6416=ORIENTED_EDGE('',*,*,#4783,.F.);
#6417=ORIENTED_EDGE('',*,*,#4782,.F.);
#6418=ORIENTED_EDGE('',*,*,#4770,.T.);
#6419=ORIENTED_EDGE('',*,*,#4784,.T.);
#6420=ORIENTED_EDGE('',*,*,#4785,.F.);
#6421=ORIENTED_EDGE('',*,*,#4784,.F.);
#6422=ORIENTED_EDGE('',*,*,#4769,.T.);
#6423=ORIENTED_EDGE('',*,*,#4786,.T.);
#6424=ORIENTED_EDGE('',*,*,#4787,.F.);
#6425=ORIENTED_EDGE('',*,*,#4786,.F.);
#6426=ORIENTED_EDGE('',*,*,#4768,.T.);
#6427=ORIENTED_EDGE('',*,*,#4788,.T.);
#6428=ORIENTED_EDGE('',*,*,#4789,.F.);
#6429=ORIENTED_EDGE('',*,*,#4788,.F.);
#6430=ORIENTED_EDGE('',*,*,#4777,.T.);
#6431=ORIENTED_EDGE('',*,*,#4790,.T.);
#6432=ORIENTED_EDGE('',*,*,#4791,.F.);
#6433=ORIENTED_EDGE('',*,*,#4790,.F.);
#6434=ORIENTED_EDGE('',*,*,#4776,.T.);
#6435=ORIENTED_EDGE('',*,*,#4792,.T.);
#6436=ORIENTED_EDGE('',*,*,#4793,.F.);
#6437=ORIENTED_EDGE('',*,*,#4792,.F.);
#6438=ORIENTED_EDGE('',*,*,#4775,.T.);
#6439=ORIENTED_EDGE('',*,*,#4794,.T.);
#6440=ORIENTED_EDGE('',*,*,#4795,.F.);
#6441=ORIENTED_EDGE('',*,*,#4794,.F.);
#6442=ORIENTED_EDGE('',*,*,#4774,.T.);
#6443=ORIENTED_EDGE('',*,*,#4796,.T.);
#6444=ORIENTED_EDGE('',*,*,#4797,.F.);
#6445=ORIENTED_EDGE('',*,*,#4796,.F.);
#6446=ORIENTED_EDGE('',*,*,#4773,.T.);
#6447=ORIENTED_EDGE('',*,*,#4779,.T.);
#6448=ORIENTED_EDGE('',*,*,#4798,.F.);
#6449=ORIENTED_EDGE('',*,*,#4799,.F.);
#6450=ORIENTED_EDGE('',*,*,#4800,.T.);
#6451=ORIENTED_EDGE('',*,*,#4801,.T.);
#6452=ORIENTED_EDGE('',*,*,#4802,.F.);
#6453=ORIENTED_EDGE('',*,*,#4803,.F.);
#6454=ORIENTED_EDGE('',*,*,#4804,.T.);
#6455=ORIENTED_EDGE('',*,*,#4799,.T.);
#6456=ORIENTED_EDGE('',*,*,#4805,.F.);
#6457=ORIENTED_EDGE('',*,*,#4806,.F.);
#6458=ORIENTED_EDGE('',*,*,#4807,.T.);
#6459=ORIENTED_EDGE('',*,*,#4803,.T.);
#6460=ORIENTED_EDGE('',*,*,#4808,.F.);
#6461=ORIENTED_EDGE('',*,*,#4809,.F.);
#6462=ORIENTED_EDGE('',*,*,#4810,.T.);
#6463=ORIENTED_EDGE('',*,*,#4806,.T.);
#6464=ORIENTED_EDGE('',*,*,#4811,.F.);
#6465=ORIENTED_EDGE('',*,*,#4812,.F.);
#6466=ORIENTED_EDGE('',*,*,#4813,.T.);
#6467=ORIENTED_EDGE('',*,*,#4809,.T.);
#6468=ORIENTED_EDGE('',*,*,#4814,.F.);
#6469=ORIENTED_EDGE('',*,*,#4815,.F.);
#6470=ORIENTED_EDGE('',*,*,#4816,.T.);
#6471=ORIENTED_EDGE('',*,*,#4817,.T.);
#6472=ORIENTED_EDGE('',*,*,#4818,.F.);
#6473=ORIENTED_EDGE('',*,*,#4817,.F.);
#6474=ORIENTED_EDGE('',*,*,#4819,.T.);
#6475=ORIENTED_EDGE('',*,*,#4820,.T.);
#6476=ORIENTED_EDGE('',*,*,#4821,.F.);
#6477=ORIENTED_EDGE('',*,*,#4820,.F.);
#6478=ORIENTED_EDGE('',*,*,#4822,.T.);
#6479=ORIENTED_EDGE('',*,*,#4823,.T.);
#6480=ORIENTED_EDGE('',*,*,#4824,.F.);
#6481=ORIENTED_EDGE('',*,*,#4825,.F.);
#6482=ORIENTED_EDGE('',*,*,#4826,.T.);
#6483=ORIENTED_EDGE('',*,*,#4812,.T.);
#6484=ORIENTED_EDGE('',*,*,#4827,.F.);
#6485=ORIENTED_EDGE('',*,*,#4828,.F.);
#6486=ORIENTED_EDGE('',*,*,#4829,.T.);
#6487=ORIENTED_EDGE('',*,*,#4825,.T.);
#6488=ORIENTED_EDGE('',*,*,#4830,.F.);
#6489=ORIENTED_EDGE('',*,*,#4831,.F.);
#6490=ORIENTED_EDGE('',*,*,#4832,.T.);
#6491=ORIENTED_EDGE('',*,*,#4828,.T.);
#6492=ORIENTED_EDGE('',*,*,#4833,.F.);
#6493=ORIENTED_EDGE('',*,*,#4834,.F.);
#6494=ORIENTED_EDGE('',*,*,#4835,.T.);
#6495=ORIENTED_EDGE('',*,*,#4831,.T.);
#6496=ORIENTED_EDGE('',*,*,#4836,.F.);
#6497=ORIENTED_EDGE('',*,*,#4837,.F.);
#6498=ORIENTED_EDGE('',*,*,#4838,.T.);
#6499=ORIENTED_EDGE('',*,*,#4834,.T.);
#6500=ORIENTED_EDGE('',*,*,#4839,.F.);
#6501=ORIENTED_EDGE('',*,*,#4801,.F.);
#6502=ORIENTED_EDGE('',*,*,#4840,.T.);
#6503=ORIENTED_EDGE('',*,*,#4837,.T.);
#6504=ORIENTED_EDGE('',*,*,#4841,.F.);
#6505=ORIENTED_EDGE('',*,*,#4842,.F.);
#6506=ORIENTED_EDGE('',*,*,#4843,.T.);
#6507=ORIENTED_EDGE('',*,*,#4815,.T.);
#6508=ORIENTED_EDGE('',*,*,#4844,.F.);
#6509=ORIENTED_EDGE('',*,*,#4845,.F.);
#6510=ORIENTED_EDGE('',*,*,#4846,.T.);
#6511=ORIENTED_EDGE('',*,*,#4842,.T.);
#6512=ORIENTED_EDGE('',*,*,#4847,.F.);
#6513=ORIENTED_EDGE('',*,*,#4848,.F.);
#6514=ORIENTED_EDGE('',*,*,#4849,.T.);
#6515=ORIENTED_EDGE('',*,*,#4845,.T.);
#6516=ORIENTED_EDGE('',*,*,#4850,.F.);
#6517=ORIENTED_EDGE('',*,*,#4823,.F.);
#6518=ORIENTED_EDGE('',*,*,#4851,.T.);
#6519=ORIENTED_EDGE('',*,*,#4848,.T.);
#6520=ORIENTED_EDGE('',*,*,#4826,.F.);
#6521=ORIENTED_EDGE('',*,*,#4829,.F.);
#6522=ORIENTED_EDGE('',*,*,#4832,.F.);
#6523=ORIENTED_EDGE('',*,*,#4835,.F.);
#6524=ORIENTED_EDGE('',*,*,#4838,.F.);
#6525=ORIENTED_EDGE('',*,*,#4840,.F.);
#6526=ORIENTED_EDGE('',*,*,#4800,.F.);
#6527=ORIENTED_EDGE('',*,*,#4804,.F.);
#6528=ORIENTED_EDGE('',*,*,#4807,.F.);
#6529=ORIENTED_EDGE('',*,*,#4810,.F.);
#6530=ORIENTED_EDGE('',*,*,#4813,.F.);
#6531=ORIENTED_EDGE('',*,*,#4843,.F.);
#6532=ORIENTED_EDGE('',*,*,#4846,.F.);
#6533=ORIENTED_EDGE('',*,*,#4849,.F.);
#6534=ORIENTED_EDGE('',*,*,#4851,.F.);
#6535=ORIENTED_EDGE('',*,*,#4822,.F.);
#6536=ORIENTED_EDGE('',*,*,#4819,.F.);
#6537=ORIENTED_EDGE('',*,*,#4816,.F.);
#6538=ORIENTED_EDGE('',*,*,#4852,.F.);
#6539=ORIENTED_EDGE('',*,*,#4853,.F.);
#6540=ORIENTED_EDGE('',*,*,#4854,.F.);
#6541=ORIENTED_EDGE('',*,*,#4855,.F.);
#6542=ORIENTED_EDGE('',*,*,#4856,.F.);
#6543=ORIENTED_EDGE('',*,*,#4857,.F.);
#6544=ORIENTED_EDGE('',*,*,#4858,.F.);
#6545=ORIENTED_EDGE('',*,*,#4859,.F.);
#6546=ORIENTED_EDGE('',*,*,#4860,.F.);
#6547=ORIENTED_EDGE('',*,*,#4861,.F.);
#6548=ORIENTED_EDGE('',*,*,#4862,.F.);
#6549=ORIENTED_EDGE('',*,*,#4863,.F.);
#6550=ORIENTED_EDGE('',*,*,#4864,.F.);
#6551=ORIENTED_EDGE('',*,*,#4865,.F.);
#6552=ORIENTED_EDGE('',*,*,#4857,.T.);
#6553=ORIENTED_EDGE('',*,*,#4866,.T.);
#6554=ORIENTED_EDGE('',*,*,#4867,.F.);
#6555=ORIENTED_EDGE('',*,*,#4866,.F.);
#6556=ORIENTED_EDGE('',*,*,#4856,.T.);
#6557=ORIENTED_EDGE('',*,*,#4868,.T.);
#6558=ORIENTED_EDGE('',*,*,#4869,.F.);
#6559=ORIENTED_EDGE('',*,*,#4868,.F.);
#6560=ORIENTED_EDGE('',*,*,#4855,.T.);
#6561=ORIENTED_EDGE('',*,*,#4870,.T.);
#6562=ORIENTED_EDGE('',*,*,#4871,.F.);
#6563=ORIENTED_EDGE('',*,*,#4870,.F.);
#6564=ORIENTED_EDGE('',*,*,#4854,.T.);
#6565=ORIENTED_EDGE('',*,*,#4872,.T.);
#6566=ORIENTED_EDGE('',*,*,#4873,.F.);
#6567=ORIENTED_EDGE('',*,*,#4872,.F.);
#6568=ORIENTED_EDGE('',*,*,#4853,.T.);
#6569=ORIENTED_EDGE('',*,*,#4874,.T.);
#6570=ORIENTED_EDGE('',*,*,#4875,.F.);
#6571=ORIENTED_EDGE('',*,*,#4874,.F.);
#6572=ORIENTED_EDGE('',*,*,#4852,.T.);
#6573=ORIENTED_EDGE('',*,*,#4876,.T.);
#6574=ORIENTED_EDGE('',*,*,#4877,.F.);
#6575=ORIENTED_EDGE('',*,*,#4876,.F.);
#6576=ORIENTED_EDGE('',*,*,#4863,.T.);
#6577=ORIENTED_EDGE('',*,*,#4878,.T.);
#6578=ORIENTED_EDGE('',*,*,#4879,.F.);
#6579=ORIENTED_EDGE('',*,*,#4878,.F.);
#6580=ORIENTED_EDGE('',*,*,#4862,.T.);
#6581=ORIENTED_EDGE('',*,*,#4880,.T.);
#6582=ORIENTED_EDGE('',*,*,#4881,.F.);
#6583=ORIENTED_EDGE('',*,*,#4880,.F.);
#6584=ORIENTED_EDGE('',*,*,#4861,.T.);
#6585=ORIENTED_EDGE('',*,*,#4882,.T.);
#6586=ORIENTED_EDGE('',*,*,#4883,.F.);
#6587=ORIENTED_EDGE('',*,*,#4882,.F.);
#6588=ORIENTED_EDGE('',*,*,#4860,.T.);
#6589=ORIENTED_EDGE('',*,*,#4884,.T.);
#6590=ORIENTED_EDGE('',*,*,#4885,.F.);
#6591=ORIENTED_EDGE('',*,*,#4884,.F.);
#6592=ORIENTED_EDGE('',*,*,#4859,.T.);
#6593=ORIENTED_EDGE('',*,*,#4886,.T.);
#6594=ORIENTED_EDGE('',*,*,#4887,.F.);
#6595=ORIENTED_EDGE('',*,*,#4886,.F.);
#6596=ORIENTED_EDGE('',*,*,#4858,.T.);
#6597=ORIENTED_EDGE('',*,*,#4865,.T.);
#6598=ORIENTED_EDGE('',*,*,#4888,.F.);
#6599=ORIENTED_EDGE('',*,*,#4889,.F.);
#6600=ORIENTED_EDGE('',*,*,#4890,.T.);
#6601=ORIENTED_EDGE('',*,*,#4891,.T.);
#6602=ORIENTED_EDGE('',*,*,#4892,.F.);
#6603=ORIENTED_EDGE('',*,*,#4893,.F.);
#6604=ORIENTED_EDGE('',*,*,#4894,.T.);
#6605=ORIENTED_EDGE('',*,*,#4895,.T.);
#6606=ORIENTED_EDGE('',*,*,#4896,.F.);
#6607=ORIENTED_EDGE('',*,*,#4897,.F.);
#6608=ORIENTED_EDGE('',*,*,#4898,.T.);
#6609=ORIENTED_EDGE('',*,*,#4893,.T.);
#6610=ORIENTED_EDGE('',*,*,#4899,.F.);
#6611=ORIENTED_EDGE('',*,*,#4900,.F.);
#6612=ORIENTED_EDGE('',*,*,#4901,.T.);
#6613=ORIENTED_EDGE('',*,*,#4897,.T.);
#6614=ORIENTED_EDGE('',*,*,#4902,.F.);
#6615=ORIENTED_EDGE('',*,*,#4895,.F.);
#6616=ORIENTED_EDGE('',*,*,#4903,.T.);
#6617=ORIENTED_EDGE('',*,*,#4904,.F.);
#6618=ORIENTED_EDGE('',*,*,#4905,.F.);
#6619=ORIENTED_EDGE('',*,*,#4906,.F.);
#6620=ORIENTED_EDGE('',*,*,#4907,.T.);
#6621=ORIENTED_EDGE('',*,*,#4908,.T.);
#6622=ORIENTED_EDGE('',*,*,#4909,.F.);
#6623=ORIENTED_EDGE('',*,*,#4910,.F.);
#6624=ORIENTED_EDGE('',*,*,#4911,.T.);
#6625=ORIENTED_EDGE('',*,*,#4906,.T.);
#6626=ORIENTED_EDGE('',*,*,#4912,.F.);
#6627=ORIENTED_EDGE('',*,*,#4913,.F.);
#6628=ORIENTED_EDGE('',*,*,#4914,.T.);
#6629=ORIENTED_EDGE('',*,*,#4910,.T.);
#6630=ORIENTED_EDGE('',*,*,#4915,.F.);
#6631=ORIENTED_EDGE('',*,*,#4916,.F.);
#6632=ORIENTED_EDGE('',*,*,#4917,.T.);
#6633=ORIENTED_EDGE('',*,*,#4913,.T.);
#6634=ORIENTED_EDGE('',*,*,#4918,.F.);
#6635=ORIENTED_EDGE('',*,*,#4919,.F.);
#6636=ORIENTED_EDGE('',*,*,#4920,.T.);
#6637=ORIENTED_EDGE('',*,*,#4916,.T.);
#6638=ORIENTED_EDGE('',*,*,#4921,.F.);
#6639=ORIENTED_EDGE('',*,*,#4904,.T.);
#6640=ORIENTED_EDGE('',*,*,#4922,.T.);
#6641=ORIENTED_EDGE('',*,*,#4919,.T.);
#6642=ORIENTED_EDGE('',*,*,#4923,.F.);
#6643=ORIENTED_EDGE('',*,*,#4924,.F.);
#6644=ORIENTED_EDGE('',*,*,#4925,.T.);
#6645=ORIENTED_EDGE('',*,*,#4926,.T.);
#6646=ORIENTED_EDGE('',*,*,#4927,.F.);
#6647=ORIENTED_EDGE('',*,*,#4928,.F.);
#6648=ORIENTED_EDGE('',*,*,#4929,.T.);
#6649=ORIENTED_EDGE('',*,*,#4924,.T.);
#6650=ORIENTED_EDGE('',*,*,#4930,.F.);
#6651=ORIENTED_EDGE('',*,*,#4908,.F.);
#6652=ORIENTED_EDGE('',*,*,#4931,.T.);
#6653=ORIENTED_EDGE('',*,*,#4928,.T.);
#6654=ORIENTED_EDGE('',*,*,#4932,.F.);
#6655=ORIENTED_EDGE('',*,*,#4926,.F.);
#6656=ORIENTED_EDGE('',*,*,#4933,.T.);
#6657=ORIENTED_EDGE('',*,*,#4889,.T.);
#6658=ORIENTED_EDGE('',*,*,#4934,.F.);
#6659=ORIENTED_EDGE('',*,*,#4935,.F.);
#6660=ORIENTED_EDGE('',*,*,#4936,.T.);
#6661=ORIENTED_EDGE('',*,*,#4900,.T.);
#6662=ORIENTED_EDGE('',*,*,#4937,.F.);
#6663=ORIENTED_EDGE('',*,*,#4938,.F.);
#6664=ORIENTED_EDGE('',*,*,#4939,.T.);
#6665=ORIENTED_EDGE('',*,*,#4935,.T.);
#6666=ORIENTED_EDGE('',*,*,#4940,.F.);
#6667=ORIENTED_EDGE('',*,*,#4941,.F.);
#6668=ORIENTED_EDGE('',*,*,#4942,.T.);
#6669=ORIENTED_EDGE('',*,*,#4938,.T.);
#6670=ORIENTED_EDGE('',*,*,#4943,.F.);
#6671=ORIENTED_EDGE('',*,*,#4944,.F.);
#6672=ORIENTED_EDGE('',*,*,#4945,.T.);
#6673=ORIENTED_EDGE('',*,*,#4941,.T.);
#6674=ORIENTED_EDGE('',*,*,#4946,.F.);
#6675=ORIENTED_EDGE('',*,*,#4947,.F.);
#6676=ORIENTED_EDGE('',*,*,#4948,.T.);
#6677=ORIENTED_EDGE('',*,*,#4944,.T.);
#6678=ORIENTED_EDGE('',*,*,#4949,.F.);
#6679=ORIENTED_EDGE('',*,*,#4950,.F.);
#6680=ORIENTED_EDGE('',*,*,#4951,.T.);
#6681=ORIENTED_EDGE('',*,*,#4947,.T.);
#6682=ORIENTED_EDGE('',*,*,#4952,.F.);
#6683=ORIENTED_EDGE('',*,*,#4953,.F.);
#6684=ORIENTED_EDGE('',*,*,#4954,.T.);
#6685=ORIENTED_EDGE('',*,*,#4950,.T.);
#6686=ORIENTED_EDGE('',*,*,#4955,.F.);
#6687=ORIENTED_EDGE('',*,*,#4956,.F.);
#6688=ORIENTED_EDGE('',*,*,#4957,.T.);
#6689=ORIENTED_EDGE('',*,*,#4953,.T.);
#6690=ORIENTED_EDGE('',*,*,#4958,.F.);
#6691=ORIENTED_EDGE('',*,*,#4959,.F.);
#6692=ORIENTED_EDGE('',*,*,#4960,.T.);
#6693=ORIENTED_EDGE('',*,*,#4956,.T.);
#6694=ORIENTED_EDGE('',*,*,#4961,.F.);
#6695=ORIENTED_EDGE('',*,*,#4962,.F.);
#6696=ORIENTED_EDGE('',*,*,#4963,.T.);
#6697=ORIENTED_EDGE('',*,*,#4959,.T.);
#6698=ORIENTED_EDGE('',*,*,#4964,.F.);
#6699=ORIENTED_EDGE('',*,*,#4965,.F.);
#6700=ORIENTED_EDGE('',*,*,#4966,.T.);
#6701=ORIENTED_EDGE('',*,*,#4962,.T.);
#6702=ORIENTED_EDGE('',*,*,#4967,.F.);
#6703=ORIENTED_EDGE('',*,*,#4968,.F.);
#6704=ORIENTED_EDGE('',*,*,#4969,.T.);
#6705=ORIENTED_EDGE('',*,*,#4965,.T.);
#6706=ORIENTED_EDGE('',*,*,#4970,.F.);
#6707=ORIENTED_EDGE('',*,*,#4971,.F.);
#6708=ORIENTED_EDGE('',*,*,#4972,.T.);
#6709=ORIENTED_EDGE('',*,*,#4968,.T.);
#6710=ORIENTED_EDGE('',*,*,#4973,.F.);
#6711=ORIENTED_EDGE('',*,*,#4974,.F.);
#6712=ORIENTED_EDGE('',*,*,#4975,.T.);
#6713=ORIENTED_EDGE('',*,*,#4971,.T.);
#6714=ORIENTED_EDGE('',*,*,#4976,.F.);
#6715=ORIENTED_EDGE('',*,*,#4891,.F.);
#6716=ORIENTED_EDGE('',*,*,#4977,.T.);
#6717=ORIENTED_EDGE('',*,*,#4974,.T.);
#6718=ORIENTED_EDGE('',*,*,#4936,.F.);
#6719=ORIENTED_EDGE('',*,*,#4939,.F.);
#6720=ORIENTED_EDGE('',*,*,#4942,.F.);
#6721=ORIENTED_EDGE('',*,*,#4945,.F.);
#6722=ORIENTED_EDGE('',*,*,#4948,.F.);
#6723=ORIENTED_EDGE('',*,*,#4951,.F.);
#6724=ORIENTED_EDGE('',*,*,#4954,.F.);
#6725=ORIENTED_EDGE('',*,*,#4957,.F.);
#6726=ORIENTED_EDGE('',*,*,#4960,.F.);
#6727=ORIENTED_EDGE('',*,*,#4963,.F.);
#6728=ORIENTED_EDGE('',*,*,#4966,.F.);
#6729=ORIENTED_EDGE('',*,*,#4969,.F.);
#6730=ORIENTED_EDGE('',*,*,#4972,.F.);
#6731=ORIENTED_EDGE('',*,*,#4975,.F.);
#6732=ORIENTED_EDGE('',*,*,#4977,.F.);
#6733=ORIENTED_EDGE('',*,*,#4890,.F.);
#6734=ORIENTED_EDGE('',*,*,#4933,.F.);
#6735=ORIENTED_EDGE('',*,*,#4925,.F.);
#6736=ORIENTED_EDGE('',*,*,#4929,.F.);
#6737=ORIENTED_EDGE('',*,*,#4931,.F.);
#6738=ORIENTED_EDGE('',*,*,#4907,.F.);
#6739=ORIENTED_EDGE('',*,*,#4911,.F.);
#6740=ORIENTED_EDGE('',*,*,#4914,.F.);
#6741=ORIENTED_EDGE('',*,*,#4917,.F.);
#6742=ORIENTED_EDGE('',*,*,#4920,.F.);
#6743=ORIENTED_EDGE('',*,*,#4922,.F.);
#6744=ORIENTED_EDGE('',*,*,#4903,.F.);
#6745=ORIENTED_EDGE('',*,*,#4894,.F.);
#6746=ORIENTED_EDGE('',*,*,#4898,.F.);
#6747=ORIENTED_EDGE('',*,*,#4901,.F.);
#6748=ORIENTED_EDGE('',*,*,#4978,.F.);
#6749=ORIENTED_EDGE('',*,*,#4979,.F.);
#6750=ORIENTED_EDGE('',*,*,#4980,.F.);
#6751=ORIENTED_EDGE('',*,*,#4981,.F.);
#6752=ORIENTED_EDGE('',*,*,#4982,.F.);
#6753=ORIENTED_EDGE('',*,*,#4983,.F.);
#6754=ORIENTED_EDGE('',*,*,#4984,.F.);
#6755=ORIENTED_EDGE('',*,*,#4985,.F.);
#6756=ORIENTED_EDGE('',*,*,#4986,.F.);
#6757=ORIENTED_EDGE('',*,*,#4987,.F.);
#6758=ORIENTED_EDGE('',*,*,#4988,.F.);
#6759=ORIENTED_EDGE('',*,*,#4989,.F.);
#6760=ORIENTED_EDGE('',*,*,#4990,.F.);
#6761=ORIENTED_EDGE('',*,*,#4991,.F.);
#6762=ORIENTED_EDGE('',*,*,#4983,.T.);
#6763=ORIENTED_EDGE('',*,*,#4992,.T.);
#6764=ORIENTED_EDGE('',*,*,#4993,.F.);
#6765=ORIENTED_EDGE('',*,*,#4992,.F.);
#6766=ORIENTED_EDGE('',*,*,#4982,.T.);
#6767=ORIENTED_EDGE('',*,*,#4994,.T.);
#6768=ORIENTED_EDGE('',*,*,#4995,.F.);
#6769=ORIENTED_EDGE('',*,*,#4994,.F.);
#6770=ORIENTED_EDGE('',*,*,#4981,.T.);
#6771=ORIENTED_EDGE('',*,*,#4996,.T.);
#6772=ORIENTED_EDGE('',*,*,#4997,.F.);
#6773=ORIENTED_EDGE('',*,*,#4996,.F.);
#6774=ORIENTED_EDGE('',*,*,#4980,.T.);
#6775=ORIENTED_EDGE('',*,*,#4998,.T.);
#6776=ORIENTED_EDGE('',*,*,#4999,.F.);
#6777=ORIENTED_EDGE('',*,*,#4998,.F.);
#6778=ORIENTED_EDGE('',*,*,#4979,.T.);
#6779=ORIENTED_EDGE('',*,*,#5000,.T.);
#6780=ORIENTED_EDGE('',*,*,#5001,.F.);
#6781=ORIENTED_EDGE('',*,*,#5000,.F.);
#6782=ORIENTED_EDGE('',*,*,#4978,.T.);
#6783=ORIENTED_EDGE('',*,*,#5002,.T.);
#6784=ORIENTED_EDGE('',*,*,#5003,.F.);
#6785=ORIENTED_EDGE('',*,*,#5002,.F.);
#6786=ORIENTED_EDGE('',*,*,#4989,.T.);
#6787=ORIENTED_EDGE('',*,*,#5004,.T.);
#6788=ORIENTED_EDGE('',*,*,#5005,.F.);
#6789=ORIENTED_EDGE('',*,*,#5004,.F.);
#6790=ORIENTED_EDGE('',*,*,#4988,.T.);
#6791=ORIENTED_EDGE('',*,*,#5006,.T.);
#6792=ORIENTED_EDGE('',*,*,#5007,.F.);
#6793=ORIENTED_EDGE('',*,*,#5006,.F.);
#6794=ORIENTED_EDGE('',*,*,#4987,.T.);
#6795=ORIENTED_EDGE('',*,*,#5008,.T.);
#6796=ORIENTED_EDGE('',*,*,#5009,.F.);
#6797=ORIENTED_EDGE('',*,*,#5008,.F.);
#6798=ORIENTED_EDGE('',*,*,#4986,.T.);
#6799=ORIENTED_EDGE('',*,*,#5010,.T.);
#6800=ORIENTED_EDGE('',*,*,#5011,.F.);
#6801=ORIENTED_EDGE('',*,*,#5010,.F.);
#6802=ORIENTED_EDGE('',*,*,#4985,.T.);
#6803=ORIENTED_EDGE('',*,*,#5012,.T.);
#6804=ORIENTED_EDGE('',*,*,#5013,.F.);
#6805=ORIENTED_EDGE('',*,*,#5012,.F.);
#6806=ORIENTED_EDGE('',*,*,#4984,.T.);
#6807=ORIENTED_EDGE('',*,*,#4991,.T.);
#6808=ORIENTED_EDGE('',*,*,#5014,.F.);
#6809=ORIENTED_EDGE('',*,*,#5015,.F.);
#6810=ORIENTED_EDGE('',*,*,#5016,.T.);
#6811=ORIENTED_EDGE('',*,*,#5017,.T.);
#6812=ORIENTED_EDGE('',*,*,#5018,.F.);
#6813=ORIENTED_EDGE('',*,*,#5019,.F.);
#6814=ORIENTED_EDGE('',*,*,#5020,.T.);
#6815=ORIENTED_EDGE('',*,*,#5015,.T.);
#6816=ORIENTED_EDGE('',*,*,#5021,.F.);
#6817=ORIENTED_EDGE('',*,*,#5022,.F.);
#6818=ORIENTED_EDGE('',*,*,#5023,.T.);
#6819=ORIENTED_EDGE('',*,*,#5019,.T.);
#6820=ORIENTED_EDGE('',*,*,#5024,.F.);
#6821=ORIENTED_EDGE('',*,*,#5025,.F.);
#6822=ORIENTED_EDGE('',*,*,#5026,.T.);
#6823=ORIENTED_EDGE('',*,*,#5022,.T.);
#6824=ORIENTED_EDGE('',*,*,#5027,.F.);
#6825=ORIENTED_EDGE('',*,*,#5028,.F.);
#6826=ORIENTED_EDGE('',*,*,#5029,.T.);
#6827=ORIENTED_EDGE('',*,*,#5025,.T.);
#6828=ORIENTED_EDGE('',*,*,#5030,.F.);
#6829=ORIENTED_EDGE('',*,*,#5017,.F.);
#6830=ORIENTED_EDGE('',*,*,#5031,.T.);
#6831=ORIENTED_EDGE('',*,*,#5028,.T.);
#6832=ORIENTED_EDGE('',*,*,#5026,.F.);
#6833=ORIENTED_EDGE('',*,*,#5029,.F.);
#6834=ORIENTED_EDGE('',*,*,#5031,.F.);
#6835=ORIENTED_EDGE('',*,*,#5016,.F.);
#6836=ORIENTED_EDGE('',*,*,#5020,.F.);
#6837=ORIENTED_EDGE('',*,*,#5023,.F.);
#6838=ORIENTED_EDGE('',*,*,#5032,.F.);
#6839=ORIENTED_EDGE('',*,*,#5033,.F.);
#6840=ORIENTED_EDGE('',*,*,#5034,.F.);
#6841=ORIENTED_EDGE('',*,*,#5035,.F.);
#6842=ORIENTED_EDGE('',*,*,#5036,.F.);
#6843=ORIENTED_EDGE('',*,*,#5037,.F.);
#6844=ORIENTED_EDGE('',*,*,#5038,.F.);
#6845=ORIENTED_EDGE('',*,*,#5039,.F.);
#6846=ORIENTED_EDGE('',*,*,#5040,.F.);
#6847=ORIENTED_EDGE('',*,*,#5041,.F.);
#6848=ORIENTED_EDGE('',*,*,#5042,.F.);
#6849=ORIENTED_EDGE('',*,*,#5043,.F.);
#6850=ORIENTED_EDGE('',*,*,#5044,.F.);
#6851=ORIENTED_EDGE('',*,*,#5045,.F.);
#6852=ORIENTED_EDGE('',*,*,#5046,.F.);
#6853=ORIENTED_EDGE('',*,*,#5047,.F.);
#6854=ORIENTED_EDGE('',*,*,#5042,.T.);
#6855=ORIENTED_EDGE('',*,*,#5048,.T.);
#6856=ORIENTED_EDGE('',*,*,#5049,.F.);
#6857=ORIENTED_EDGE('',*,*,#5048,.F.);
#6858=ORIENTED_EDGE('',*,*,#5041,.T.);
#6859=ORIENTED_EDGE('',*,*,#5050,.T.);
#6860=ORIENTED_EDGE('',*,*,#5051,.F.);
#6861=ORIENTED_EDGE('',*,*,#5050,.F.);
#6862=ORIENTED_EDGE('',*,*,#5040,.T.);
#6863=ORIENTED_EDGE('',*,*,#5052,.T.);
#6864=ORIENTED_EDGE('',*,*,#5053,.F.);
#6865=ORIENTED_EDGE('',*,*,#5052,.F.);
#6866=ORIENTED_EDGE('',*,*,#5039,.T.);
#6867=ORIENTED_EDGE('',*,*,#5054,.T.);
#6868=ORIENTED_EDGE('',*,*,#5055,.F.);
#6869=ORIENTED_EDGE('',*,*,#5056,.F.);
#6870=ORIENTED_EDGE('',*,*,#5035,.T.);
#6871=ORIENTED_EDGE('',*,*,#5057,.T.);
#6872=ORIENTED_EDGE('',*,*,#5058,.F.);
#6873=ORIENTED_EDGE('',*,*,#5057,.F.);
#6874=ORIENTED_EDGE('',*,*,#5034,.T.);
#6875=ORIENTED_EDGE('',*,*,#5059,.T.);
#6876=ORIENTED_EDGE('',*,*,#5060,.F.);
#6877=ORIENTED_EDGE('',*,*,#5059,.F.);
#6878=ORIENTED_EDGE('',*,*,#5033,.T.);
#6879=ORIENTED_EDGE('',*,*,#5061,.T.);
#6880=ORIENTED_EDGE('',*,*,#5062,.F.);
#6881=ORIENTED_EDGE('',*,*,#5061,.F.);
#6882=ORIENTED_EDGE('',*,*,#5032,.T.);
#6883=ORIENTED_EDGE('',*,*,#5063,.T.);
#6884=ORIENTED_EDGE('',*,*,#5064,.F.);
#6885=ORIENTED_EDGE('',*,*,#5065,.F.);
#6886=ORIENTED_EDGE('',*,*,#5043,.T.);
#6887=ORIENTED_EDGE('',*,*,#5047,.T.);
#6888=ORIENTED_EDGE('',*,*,#5066,.F.);
#6889=ORIENTED_EDGE('',*,*,#5067,.F.);
#6890=ORIENTED_EDGE('',*,*,#5044,.T.);
#6891=ORIENTED_EDGE('',*,*,#5065,.T.);
#6892=ORIENTED_EDGE('',*,*,#5068,.F.);
#6893=ORIENTED_EDGE('',*,*,#5054,.F.);
#6894=ORIENTED_EDGE('',*,*,#5045,.T.);
#6895=ORIENTED_EDGE('',*,*,#5067,.T.);
#6896=ORIENTED_EDGE('',*,*,#5069,.F.);
#6897=ORIENTED_EDGE('',*,*,#5063,.F.);
#6898=ORIENTED_EDGE('',*,*,#5038,.T.);
#6899=ORIENTED_EDGE('',*,*,#5070,.T.);
#6900=ORIENTED_EDGE('',*,*,#5071,.F.);
#6901=ORIENTED_EDGE('',*,*,#5070,.F.);
#6902=ORIENTED_EDGE('',*,*,#5037,.T.);
#6903=ORIENTED_EDGE('',*,*,#5072,.T.);
#6904=ORIENTED_EDGE('',*,*,#5073,.F.);
#6905=ORIENTED_EDGE('',*,*,#5072,.F.);
#6906=ORIENTED_EDGE('',*,*,#5036,.T.);
#6907=ORIENTED_EDGE('',*,*,#5056,.T.);
#6908=ORIENTED_EDGE('',*,*,#5074,.F.);
#6909=ORIENTED_EDGE('',*,*,#5075,.F.);
#6910=ORIENTED_EDGE('',*,*,#5076,.T.);
#6911=ORIENTED_EDGE('',*,*,#5077,.T.);
#6912=ORIENTED_EDGE('',*,*,#5078,.F.);
#6913=ORIENTED_EDGE('',*,*,#5079,.F.);
#6914=ORIENTED_EDGE('',*,*,#5080,.T.);
#6915=ORIENTED_EDGE('',*,*,#5075,.T.);
#6916=ORIENTED_EDGE('',*,*,#5081,.F.);
#6917=ORIENTED_EDGE('',*,*,#5082,.F.);
#6918=ORIENTED_EDGE('',*,*,#5083,.T.);
#6919=ORIENTED_EDGE('',*,*,#5079,.T.);
#6920=ORIENTED_EDGE('',*,*,#5084,.F.);
#6921=ORIENTED_EDGE('',*,*,#5085,.F.);
#6922=ORIENTED_EDGE('',*,*,#5086,.T.);
#6923=ORIENTED_EDGE('',*,*,#5082,.T.);
#6924=ORIENTED_EDGE('',*,*,#5087,.F.);
#6925=ORIENTED_EDGE('',*,*,#5088,.F.);
#6926=ORIENTED_EDGE('',*,*,#5089,.T.);
#6927=ORIENTED_EDGE('',*,*,#5085,.T.);
#6928=ORIENTED_EDGE('',*,*,#5090,.F.);
#6929=ORIENTED_EDGE('',*,*,#5091,.F.);
#6930=ORIENTED_EDGE('',*,*,#5092,.T.);
#6931=ORIENTED_EDGE('',*,*,#5088,.T.);
#6932=ORIENTED_EDGE('',*,*,#5093,.F.);
#6933=ORIENTED_EDGE('',*,*,#5094,.F.);
#6934=ORIENTED_EDGE('',*,*,#5095,.T.);
#6935=ORIENTED_EDGE('',*,*,#5091,.T.);
#6936=ORIENTED_EDGE('',*,*,#5096,.F.);
#6937=ORIENTED_EDGE('',*,*,#5097,.F.);
#6938=ORIENTED_EDGE('',*,*,#5098,.T.);
#6939=ORIENTED_EDGE('',*,*,#5094,.T.);
#6940=ORIENTED_EDGE('',*,*,#5099,.F.);
#6941=ORIENTED_EDGE('',*,*,#5100,.F.);
#6942=ORIENTED_EDGE('',*,*,#5101,.T.);
#6943=ORIENTED_EDGE('',*,*,#5097,.T.);
#6944=ORIENTED_EDGE('',*,*,#5102,.F.);
#6945=ORIENTED_EDGE('',*,*,#5077,.F.);
#6946=ORIENTED_EDGE('',*,*,#5103,.T.);
#6947=ORIENTED_EDGE('',*,*,#5100,.T.);
#6948=ORIENTED_EDGE('',*,*,#5092,.F.);
#6949=ORIENTED_EDGE('',*,*,#5095,.F.);
#6950=ORIENTED_EDGE('',*,*,#5098,.F.);
#6951=ORIENTED_EDGE('',*,*,#5101,.F.);
#6952=ORIENTED_EDGE('',*,*,#5103,.F.);
#6953=ORIENTED_EDGE('',*,*,#5076,.F.);
#6954=ORIENTED_EDGE('',*,*,#5080,.F.);
#6955=ORIENTED_EDGE('',*,*,#5083,.F.);
#6956=ORIENTED_EDGE('',*,*,#5086,.F.);
#6957=ORIENTED_EDGE('',*,*,#5089,.F.);
#6958=ORIENTED_EDGE('',*,*,#5104,.F.);
#6959=ORIENTED_EDGE('',*,*,#5105,.F.);
#6960=ORIENTED_EDGE('',*,*,#5106,.F.);
#6961=ORIENTED_EDGE('',*,*,#5107,.F.);
#6962=ORIENTED_EDGE('',*,*,#5108,.F.);
#6963=ORIENTED_EDGE('',*,*,#5109,.F.);
#6964=ORIENTED_EDGE('',*,*,#5110,.F.);
#6965=ORIENTED_EDGE('',*,*,#5111,.F.);
#6966=ORIENTED_EDGE('',*,*,#5112,.F.);
#6967=ORIENTED_EDGE('',*,*,#5113,.F.);
#6968=ORIENTED_EDGE('',*,*,#5114,.F.);
#6969=ORIENTED_EDGE('',*,*,#5115,.F.);
#6970=ORIENTED_EDGE('',*,*,#5116,.F.);
#6971=ORIENTED_EDGE('',*,*,#5117,.F.);
#6972=ORIENTED_EDGE('',*,*,#5109,.T.);
#6973=ORIENTED_EDGE('',*,*,#5118,.T.);
#6974=ORIENTED_EDGE('',*,*,#5119,.F.);
#6975=ORIENTED_EDGE('',*,*,#5118,.F.);
#6976=ORIENTED_EDGE('',*,*,#5108,.T.);
#6977=ORIENTED_EDGE('',*,*,#5120,.T.);
#6978=ORIENTED_EDGE('',*,*,#5121,.F.);
#6979=ORIENTED_EDGE('',*,*,#5120,.F.);
#6980=ORIENTED_EDGE('',*,*,#5107,.T.);
#6981=ORIENTED_EDGE('',*,*,#5122,.T.);
#6982=ORIENTED_EDGE('',*,*,#5123,.F.);
#6983=ORIENTED_EDGE('',*,*,#5122,.F.);
#6984=ORIENTED_EDGE('',*,*,#5106,.T.);
#6985=ORIENTED_EDGE('',*,*,#5124,.T.);
#6986=ORIENTED_EDGE('',*,*,#5125,.F.);
#6987=ORIENTED_EDGE('',*,*,#5124,.F.);
#6988=ORIENTED_EDGE('',*,*,#5105,.T.);
#6989=ORIENTED_EDGE('',*,*,#5126,.T.);
#6990=ORIENTED_EDGE('',*,*,#5127,.F.);
#6991=ORIENTED_EDGE('',*,*,#5126,.F.);
#6992=ORIENTED_EDGE('',*,*,#5104,.T.);
#6993=ORIENTED_EDGE('',*,*,#5128,.T.);
#6994=ORIENTED_EDGE('',*,*,#5129,.F.);
#6995=ORIENTED_EDGE('',*,*,#5128,.F.);
#6996=ORIENTED_EDGE('',*,*,#5115,.T.);
#6997=ORIENTED_EDGE('',*,*,#5130,.T.);
#6998=ORIENTED_EDGE('',*,*,#5131,.F.);
#6999=ORIENTED_EDGE('',*,*,#5130,.F.);
#7000=ORIENTED_EDGE('',*,*,#5114,.T.);
#7001=ORIENTED_EDGE('',*,*,#5132,.T.);
#7002=ORIENTED_EDGE('',*,*,#5133,.F.);
#7003=ORIENTED_EDGE('',*,*,#5132,.F.);
#7004=ORIENTED_EDGE('',*,*,#5113,.T.);
#7005=ORIENTED_EDGE('',*,*,#5134,.T.);
#7006=ORIENTED_EDGE('',*,*,#5135,.F.);
#7007=ORIENTED_EDGE('',*,*,#5134,.F.);
#7008=ORIENTED_EDGE('',*,*,#5112,.T.);
#7009=ORIENTED_EDGE('',*,*,#5136,.T.);
#7010=ORIENTED_EDGE('',*,*,#5137,.F.);
#7011=ORIENTED_EDGE('',*,*,#5136,.F.);
#7012=ORIENTED_EDGE('',*,*,#5111,.T.);
#7013=ORIENTED_EDGE('',*,*,#5138,.T.);
#7014=ORIENTED_EDGE('',*,*,#5139,.F.);
#7015=ORIENTED_EDGE('',*,*,#5138,.F.);
#7016=ORIENTED_EDGE('',*,*,#5110,.T.);
#7017=ORIENTED_EDGE('',*,*,#5117,.T.);
#7018=ORIENTED_EDGE('',*,*,#5140,.F.);
#7019=ORIENTED_EDGE('',*,*,#5141,.F.);
#7020=ORIENTED_EDGE('',*,*,#5142,.T.);
#7021=ORIENTED_EDGE('',*,*,#5143,.T.);
#7022=ORIENTED_EDGE('',*,*,#5144,.F.);
#7023=ORIENTED_EDGE('',*,*,#5145,.F.);
#7024=ORIENTED_EDGE('',*,*,#5146,.T.);
#7025=ORIENTED_EDGE('',*,*,#5141,.T.);
#7026=ORIENTED_EDGE('',*,*,#5147,.F.);
#7027=ORIENTED_EDGE('',*,*,#5148,.F.);
#7028=ORIENTED_EDGE('',*,*,#5149,.T.);
#7029=ORIENTED_EDGE('',*,*,#5145,.T.);
#7030=ORIENTED_EDGE('',*,*,#5150,.F.);
#7031=ORIENTED_EDGE('',*,*,#5151,.F.);
#7032=ORIENTED_EDGE('',*,*,#5152,.T.);
#7033=ORIENTED_EDGE('',*,*,#5148,.T.);
#7034=ORIENTED_EDGE('',*,*,#5153,.F.);
#7035=ORIENTED_EDGE('',*,*,#5154,.F.);
#7036=ORIENTED_EDGE('',*,*,#5155,.T.);
#7037=ORIENTED_EDGE('',*,*,#5151,.T.);
#7038=ORIENTED_EDGE('',*,*,#5156,.F.);
#7039=ORIENTED_EDGE('',*,*,#5157,.F.);
#7040=ORIENTED_EDGE('',*,*,#5158,.T.);
#7041=ORIENTED_EDGE('',*,*,#5159,.T.);
#7042=ORIENTED_EDGE('',*,*,#5160,.F.);
#7043=ORIENTED_EDGE('',*,*,#5159,.F.);
#7044=ORIENTED_EDGE('',*,*,#5161,.T.);
#7045=ORIENTED_EDGE('',*,*,#5162,.T.);
#7046=ORIENTED_EDGE('',*,*,#5163,.F.);
#7047=ORIENTED_EDGE('',*,*,#5162,.F.);
#7048=ORIENTED_EDGE('',*,*,#5164,.T.);
#7049=ORIENTED_EDGE('',*,*,#5165,.T.);
#7050=ORIENTED_EDGE('',*,*,#5166,.F.);
#7051=ORIENTED_EDGE('',*,*,#5167,.F.);
#7052=ORIENTED_EDGE('',*,*,#5168,.T.);
#7053=ORIENTED_EDGE('',*,*,#5154,.T.);
#7054=ORIENTED_EDGE('',*,*,#5169,.F.);
#7055=ORIENTED_EDGE('',*,*,#5170,.F.);
#7056=ORIENTED_EDGE('',*,*,#5171,.T.);
#7057=ORIENTED_EDGE('',*,*,#5167,.T.);
#7058=ORIENTED_EDGE('',*,*,#5172,.F.);
#7059=ORIENTED_EDGE('',*,*,#5173,.F.);
#7060=ORIENTED_EDGE('',*,*,#5174,.T.);
#7061=ORIENTED_EDGE('',*,*,#5170,.T.);
#7062=ORIENTED_EDGE('',*,*,#5175,.F.);
#7063=ORIENTED_EDGE('',*,*,#5176,.F.);
#7064=ORIENTED_EDGE('',*,*,#5177,.T.);
#7065=ORIENTED_EDGE('',*,*,#5173,.T.);
#7066=ORIENTED_EDGE('',*,*,#5178,.F.);
#7067=ORIENTED_EDGE('',*,*,#5179,.F.);
#7068=ORIENTED_EDGE('',*,*,#5180,.T.);
#7069=ORIENTED_EDGE('',*,*,#5176,.T.);
#7070=ORIENTED_EDGE('',*,*,#5181,.F.);
#7071=ORIENTED_EDGE('',*,*,#5143,.F.);
#7072=ORIENTED_EDGE('',*,*,#5182,.T.);
#7073=ORIENTED_EDGE('',*,*,#5179,.T.);
#7074=ORIENTED_EDGE('',*,*,#5183,.F.);
#7075=ORIENTED_EDGE('',*,*,#5184,.F.);
#7076=ORIENTED_EDGE('',*,*,#5185,.T.);
#7077=ORIENTED_EDGE('',*,*,#5157,.T.);
#7078=ORIENTED_EDGE('',*,*,#5186,.F.);
#7079=ORIENTED_EDGE('',*,*,#5187,.F.);
#7080=ORIENTED_EDGE('',*,*,#5188,.T.);
#7081=ORIENTED_EDGE('',*,*,#5184,.T.);
#7082=ORIENTED_EDGE('',*,*,#5189,.F.);
#7083=ORIENTED_EDGE('',*,*,#5190,.F.);
#7084=ORIENTED_EDGE('',*,*,#5191,.T.);
#7085=ORIENTED_EDGE('',*,*,#5187,.T.);
#7086=ORIENTED_EDGE('',*,*,#5192,.F.);
#7087=ORIENTED_EDGE('',*,*,#5165,.F.);
#7088=ORIENTED_EDGE('',*,*,#5193,.T.);
#7089=ORIENTED_EDGE('',*,*,#5190,.T.);
#7090=ORIENTED_EDGE('',*,*,#5168,.F.);
#7091=ORIENTED_EDGE('',*,*,#5171,.F.);
#7092=ORIENTED_EDGE('',*,*,#5174,.F.);
#7093=ORIENTED_EDGE('',*,*,#5177,.F.);
#7094=ORIENTED_EDGE('',*,*,#5180,.F.);
#7095=ORIENTED_EDGE('',*,*,#5182,.F.);
#7096=ORIENTED_EDGE('',*,*,#5142,.F.);
#7097=ORIENTED_EDGE('',*,*,#5146,.F.);
#7098=ORIENTED_EDGE('',*,*,#5149,.F.);
#7099=ORIENTED_EDGE('',*,*,#5152,.F.);
#7100=ORIENTED_EDGE('',*,*,#5155,.F.);
#7101=ORIENTED_EDGE('',*,*,#5185,.F.);
#7102=ORIENTED_EDGE('',*,*,#5188,.F.);
#7103=ORIENTED_EDGE('',*,*,#5191,.F.);
#7104=ORIENTED_EDGE('',*,*,#5193,.F.);
#7105=ORIENTED_EDGE('',*,*,#5164,.F.);
#7106=ORIENTED_EDGE('',*,*,#5161,.F.);
#7107=ORIENTED_EDGE('',*,*,#5158,.F.);
#7108=ORIENTED_EDGE('',*,*,#5194,.F.);
#7109=ORIENTED_EDGE('',*,*,#5195,.F.);
#7110=ORIENTED_EDGE('',*,*,#5196,.F.);
#7111=ORIENTED_EDGE('',*,*,#5197,.F.);
#7112=ORIENTED_EDGE('',*,*,#5198,.F.);
#7113=ORIENTED_EDGE('',*,*,#5199,.F.);
#7114=ORIENTED_EDGE('',*,*,#5195,.T.);
#7115=ORIENTED_EDGE('',*,*,#5200,.T.);
#7116=ORIENTED_EDGE('',*,*,#5201,.F.);
#7117=ORIENTED_EDGE('',*,*,#5200,.F.);
#7118=ORIENTED_EDGE('',*,*,#5194,.T.);
#7119=ORIENTED_EDGE('',*,*,#5202,.T.);
#7120=ORIENTED_EDGE('',*,*,#5203,.F.);
#7121=ORIENTED_EDGE('',*,*,#5202,.F.);
#7122=ORIENTED_EDGE('',*,*,#5197,.T.);
#7123=ORIENTED_EDGE('',*,*,#5204,.T.);
#7124=ORIENTED_EDGE('',*,*,#5205,.F.);
#7125=ORIENTED_EDGE('',*,*,#5204,.F.);
#7126=ORIENTED_EDGE('',*,*,#5196,.T.);
#7127=ORIENTED_EDGE('',*,*,#5199,.T.);
#7128=ORIENTED_EDGE('',*,*,#5206,.F.);
#7129=ORIENTED_EDGE('',*,*,#5207,.F.);
#7130=ORIENTED_EDGE('',*,*,#5208,.T.);
#7131=ORIENTED_EDGE('',*,*,#5209,.T.);
#7132=ORIENTED_EDGE('',*,*,#5210,.F.);
#7133=ORIENTED_EDGE('',*,*,#5211,.F.);
#7134=ORIENTED_EDGE('',*,*,#5212,.T.);
#7135=ORIENTED_EDGE('',*,*,#5207,.T.);
#7136=ORIENTED_EDGE('',*,*,#5213,.F.);
#7137=ORIENTED_EDGE('',*,*,#5214,.F.);
#7138=ORIENTED_EDGE('',*,*,#5215,.T.);
#7139=ORIENTED_EDGE('',*,*,#5211,.T.);
#7140=ORIENTED_EDGE('',*,*,#5216,.F.);
#7141=ORIENTED_EDGE('',*,*,#5217,.F.);
#7142=ORIENTED_EDGE('',*,*,#5218,.T.);
#7143=ORIENTED_EDGE('',*,*,#5214,.T.);
#7144=ORIENTED_EDGE('',*,*,#5219,.F.);
#7145=ORIENTED_EDGE('',*,*,#5220,.F.);
#7146=ORIENTED_EDGE('',*,*,#5221,.T.);
#7147=ORIENTED_EDGE('',*,*,#5217,.T.);
#7148=ORIENTED_EDGE('',*,*,#5222,.F.);
#7149=ORIENTED_EDGE('',*,*,#5223,.F.);
#7150=ORIENTED_EDGE('',*,*,#5224,.T.);
#7151=ORIENTED_EDGE('',*,*,#5220,.T.);
#7152=ORIENTED_EDGE('',*,*,#5225,.F.);
#7153=ORIENTED_EDGE('',*,*,#5209,.F.);
#7154=ORIENTED_EDGE('',*,*,#5226,.T.);
#7155=ORIENTED_EDGE('',*,*,#5223,.T.);
#7156=ORIENTED_EDGE('',*,*,#5218,.F.);
#7157=ORIENTED_EDGE('',*,*,#5221,.F.);
#7158=ORIENTED_EDGE('',*,*,#5224,.F.);
#7159=ORIENTED_EDGE('',*,*,#5226,.F.);
#7160=ORIENTED_EDGE('',*,*,#5208,.F.);
#7161=ORIENTED_EDGE('',*,*,#5212,.F.);
#7162=ORIENTED_EDGE('',*,*,#5215,.F.);
#7163=ORIENTED_EDGE('',*,*,#5227,.F.);
#7164=ORIENTED_EDGE('',*,*,#5228,.F.);
#7165=ORIENTED_EDGE('',*,*,#5229,.F.);
#7166=ORIENTED_EDGE('',*,*,#5230,.F.);
#7167=ORIENTED_EDGE('',*,*,#5231,.F.);
#7168=ORIENTED_EDGE('',*,*,#5232,.F.);
#7169=ORIENTED_EDGE('',*,*,#5233,.F.);
#7170=ORIENTED_EDGE('',*,*,#5234,.F.);
#7171=ORIENTED_EDGE('',*,*,#5235,.F.);
#7172=ORIENTED_EDGE('',*,*,#5236,.F.);
#7173=ORIENTED_EDGE('',*,*,#5237,.F.);
#7174=ORIENTED_EDGE('',*,*,#5238,.F.);
#7175=ORIENTED_EDGE('',*,*,#5239,.F.);
#7176=ORIENTED_EDGE('',*,*,#5240,.F.);
#7177=ORIENTED_EDGE('',*,*,#5234,.T.);
#7178=ORIENTED_EDGE('',*,*,#5241,.T.);
#7179=ORIENTED_EDGE('',*,*,#5242,.F.);
#7180=ORIENTED_EDGE('',*,*,#5241,.F.);
#7181=ORIENTED_EDGE('',*,*,#5233,.T.);
#7182=ORIENTED_EDGE('',*,*,#5243,.T.);
#7183=ORIENTED_EDGE('',*,*,#5244,.F.);
#7184=ORIENTED_EDGE('',*,*,#5243,.F.);
#7185=ORIENTED_EDGE('',*,*,#5232,.T.);
#7186=ORIENTED_EDGE('',*,*,#5245,.T.);
#7187=ORIENTED_EDGE('',*,*,#5246,.F.);
#7188=ORIENTED_EDGE('',*,*,#5245,.F.);
#7189=ORIENTED_EDGE('',*,*,#5231,.T.);
#7190=ORIENTED_EDGE('',*,*,#5247,.T.);
#7191=ORIENTED_EDGE('',*,*,#5248,.F.);
#7192=ORIENTED_EDGE('',*,*,#5249,.F.);
#7193=ORIENTED_EDGE('',*,*,#5228,.T.);
#7194=ORIENTED_EDGE('',*,*,#5250,.T.);
#7195=ORIENTED_EDGE('',*,*,#5251,.F.);
#7196=ORIENTED_EDGE('',*,*,#5250,.F.);
#7197=ORIENTED_EDGE('',*,*,#5227,.T.);
#7198=ORIENTED_EDGE('',*,*,#5252,.T.);
#7199=ORIENTED_EDGE('',*,*,#5253,.F.);
#7200=ORIENTED_EDGE('',*,*,#5254,.F.);
#7201=ORIENTED_EDGE('',*,*,#5235,.T.);
#7202=ORIENTED_EDGE('',*,*,#5240,.T.);
#7203=ORIENTED_EDGE('',*,*,#5255,.F.);
#7204=ORIENTED_EDGE('',*,*,#5256,.F.);
#7205=ORIENTED_EDGE('',*,*,#5236,.T.);
#7206=ORIENTED_EDGE('',*,*,#5254,.T.);
#7207=ORIENTED_EDGE('',*,*,#5257,.F.);
#7208=ORIENTED_EDGE('',*,*,#5258,.F.);
#7209=ORIENTED_EDGE('',*,*,#5237,.T.);
#7210=ORIENTED_EDGE('',*,*,#5256,.T.);
#7211=ORIENTED_EDGE('',*,*,#5259,.F.);
#7212=ORIENTED_EDGE('',*,*,#5247,.F.);
#7213=ORIENTED_EDGE('',*,*,#5238,.T.);
#7214=ORIENTED_EDGE('',*,*,#5258,.T.);
#7215=ORIENTED_EDGE('',*,*,#5260,.F.);
#7216=ORIENTED_EDGE('',*,*,#5252,.F.);
#7217=ORIENTED_EDGE('',*,*,#5230,.T.);
#7218=ORIENTED_EDGE('',*,*,#5261,.T.);
#7219=ORIENTED_EDGE('',*,*,#5262,.F.);
#7220=ORIENTED_EDGE('',*,*,#5261,.F.);
#7221=ORIENTED_EDGE('',*,*,#5229,.T.);
#7222=ORIENTED_EDGE('',*,*,#5249,.T.);
#7223=ORIENTED_EDGE('',*,*,#5263,.F.);
#7224=ORIENTED_EDGE('',*,*,#5264,.F.);
#7225=ORIENTED_EDGE('',*,*,#5265,.T.);
#7226=ORIENTED_EDGE('',*,*,#5266,.T.);
#7227=ORIENTED_EDGE('',*,*,#5267,.F.);
#7228=ORIENTED_EDGE('',*,*,#5268,.F.);
#7229=ORIENTED_EDGE('',*,*,#5269,.T.);
#7230=ORIENTED_EDGE('',*,*,#5264,.T.);
#7231=ORIENTED_EDGE('',*,*,#5270,.F.);
#7232=ORIENTED_EDGE('',*,*,#5271,.F.);
#7233=ORIENTED_EDGE('',*,*,#5272,.T.);
#7234=ORIENTED_EDGE('',*,*,#5268,.T.);
#7235=ORIENTED_EDGE('',*,*,#5273,.F.);
#7236=ORIENTED_EDGE('',*,*,#5274,.F.);
#7237=ORIENTED_EDGE('',*,*,#5275,.T.);
#7238=ORIENTED_EDGE('',*,*,#5271,.T.);
#7239=ORIENTED_EDGE('',*,*,#5276,.F.);
#7240=ORIENTED_EDGE('',*,*,#5277,.F.);
#7241=ORIENTED_EDGE('',*,*,#5278,.T.);
#7242=ORIENTED_EDGE('',*,*,#5274,.T.);
#7243=ORIENTED_EDGE('',*,*,#5279,.F.);
#7244=ORIENTED_EDGE('',*,*,#5280,.F.);
#7245=ORIENTED_EDGE('',*,*,#5281,.T.);
#7246=ORIENTED_EDGE('',*,*,#5277,.T.);
#7247=ORIENTED_EDGE('',*,*,#5282,.F.);
#7248=ORIENTED_EDGE('',*,*,#5283,.F.);
#7249=ORIENTED_EDGE('',*,*,#5284,.T.);
#7250=ORIENTED_EDGE('',*,*,#5280,.T.);
#7251=ORIENTED_EDGE('',*,*,#5285,.F.);
#7252=ORIENTED_EDGE('',*,*,#5286,.F.);
#7253=ORIENTED_EDGE('',*,*,#5287,.T.);
#7254=ORIENTED_EDGE('',*,*,#5283,.T.);
#7255=ORIENTED_EDGE('',*,*,#5288,.F.);
#7256=ORIENTED_EDGE('',*,*,#5289,.F.);
#7257=ORIENTED_EDGE('',*,*,#5290,.T.);
#7258=ORIENTED_EDGE('',*,*,#5286,.T.);
#7259=ORIENTED_EDGE('',*,*,#5291,.F.);
#7260=ORIENTED_EDGE('',*,*,#5292,.F.);
#7261=ORIENTED_EDGE('',*,*,#5293,.T.);
#7262=ORIENTED_EDGE('',*,*,#5289,.T.);
#7263=ORIENTED_EDGE('',*,*,#5294,.F.);
#7264=ORIENTED_EDGE('',*,*,#5295,.F.);
#7265=ORIENTED_EDGE('',*,*,#5296,.T.);
#7266=ORIENTED_EDGE('',*,*,#5292,.T.);
#7267=ORIENTED_EDGE('',*,*,#5297,.F.);
#7268=ORIENTED_EDGE('',*,*,#5298,.F.);
#7269=ORIENTED_EDGE('',*,*,#5299,.T.);
#7270=ORIENTED_EDGE('',*,*,#5295,.T.);
#7271=ORIENTED_EDGE('',*,*,#5300,.F.);
#7272=ORIENTED_EDGE('',*,*,#5301,.F.);
#7273=ORIENTED_EDGE('',*,*,#5302,.T.);
#7274=ORIENTED_EDGE('',*,*,#5298,.T.);
#7275=ORIENTED_EDGE('',*,*,#5303,.F.);
#7276=ORIENTED_EDGE('',*,*,#5304,.F.);
#7277=ORIENTED_EDGE('',*,*,#5305,.T.);
#7278=ORIENTED_EDGE('',*,*,#5301,.T.);
#7279=ORIENTED_EDGE('',*,*,#5306,.F.);
#7280=ORIENTED_EDGE('',*,*,#5307,.F.);
#7281=ORIENTED_EDGE('',*,*,#5308,.T.);
#7282=ORIENTED_EDGE('',*,*,#5304,.T.);
#7283=ORIENTED_EDGE('',*,*,#5309,.F.);
#7284=ORIENTED_EDGE('',*,*,#5310,.F.);
#7285=ORIENTED_EDGE('',*,*,#5311,.T.);
#7286=ORIENTED_EDGE('',*,*,#5307,.T.);
#7287=ORIENTED_EDGE('',*,*,#5312,.F.);
#7288=ORIENTED_EDGE('',*,*,#5266,.F.);
#7289=ORIENTED_EDGE('',*,*,#5313,.T.);
#7290=ORIENTED_EDGE('',*,*,#5310,.T.);
#7291=ORIENTED_EDGE('',*,*,#5290,.F.);
#7292=ORIENTED_EDGE('',*,*,#5293,.F.);
#7293=ORIENTED_EDGE('',*,*,#5296,.F.);
#7294=ORIENTED_EDGE('',*,*,#5299,.F.);
#7295=ORIENTED_EDGE('',*,*,#5302,.F.);
#7296=ORIENTED_EDGE('',*,*,#5305,.F.);
#7297=ORIENTED_EDGE('',*,*,#5308,.F.);
#7298=ORIENTED_EDGE('',*,*,#5311,.F.);
#7299=ORIENTED_EDGE('',*,*,#5313,.F.);
#7300=ORIENTED_EDGE('',*,*,#5265,.F.);
#7301=ORIENTED_EDGE('',*,*,#5269,.F.);
#7302=ORIENTED_EDGE('',*,*,#5272,.F.);
#7303=ORIENTED_EDGE('',*,*,#5275,.F.);
#7304=ORIENTED_EDGE('',*,*,#5278,.F.);
#7305=ORIENTED_EDGE('',*,*,#5281,.F.);
#7306=ORIENTED_EDGE('',*,*,#5284,.F.);
#7307=ORIENTED_EDGE('',*,*,#5287,.F.);
#7308=ORIENTED_EDGE('',*,*,#5314,.F.);
#7309=ORIENTED_EDGE('',*,*,#5315,.F.);
#7310=ORIENTED_EDGE('',*,*,#5316,.F.);
#7311=ORIENTED_EDGE('',*,*,#5317,.F.);
#7312=ORIENTED_EDGE('',*,*,#5318,.F.);
#7313=ORIENTED_EDGE('',*,*,#5319,.F.);
#7314=ORIENTED_EDGE('',*,*,#5315,.T.);
#7315=ORIENTED_EDGE('',*,*,#5320,.T.);
#7316=ORIENTED_EDGE('',*,*,#5321,.F.);
#7317=ORIENTED_EDGE('',*,*,#5320,.F.);
#7318=ORIENTED_EDGE('',*,*,#5314,.T.);
#7319=ORIENTED_EDGE('',*,*,#5322,.T.);
#7320=ORIENTED_EDGE('',*,*,#5323,.F.);
#7321=ORIENTED_EDGE('',*,*,#5322,.F.);
#7322=ORIENTED_EDGE('',*,*,#5317,.T.);
#7323=ORIENTED_EDGE('',*,*,#5324,.T.);
#7324=ORIENTED_EDGE('',*,*,#5325,.F.);
#7325=ORIENTED_EDGE('',*,*,#5324,.F.);
#7326=ORIENTED_EDGE('',*,*,#5316,.T.);
#7327=ORIENTED_EDGE('',*,*,#5319,.T.);
#7328=ORIENTED_EDGE('',*,*,#5326,.F.);
#7329=ORIENTED_EDGE('',*,*,#5327,.F.);
#7330=ORIENTED_EDGE('',*,*,#5328,.T.);
#7331=ORIENTED_EDGE('',*,*,#5329,.T.);
#7332=ORIENTED_EDGE('',*,*,#5330,.F.);
#7333=ORIENTED_EDGE('',*,*,#5331,.F.);
#7334=ORIENTED_EDGE('',*,*,#5332,.T.);
#7335=ORIENTED_EDGE('',*,*,#5327,.T.);
#7336=ORIENTED_EDGE('',*,*,#5333,.F.);
#7337=ORIENTED_EDGE('',*,*,#5334,.F.);
#7338=ORIENTED_EDGE('',*,*,#5335,.T.);
#7339=ORIENTED_EDGE('',*,*,#5331,.T.);
#7340=ORIENTED_EDGE('',*,*,#5336,.F.);
#7341=ORIENTED_EDGE('',*,*,#5337,.F.);
#7342=ORIENTED_EDGE('',*,*,#5338,.T.);
#7343=ORIENTED_EDGE('',*,*,#5334,.T.);
#7344=ORIENTED_EDGE('',*,*,#5339,.F.);
#7345=ORIENTED_EDGE('',*,*,#5340,.F.);
#7346=ORIENTED_EDGE('',*,*,#5341,.T.);
#7347=ORIENTED_EDGE('',*,*,#5337,.T.);
#7348=ORIENTED_EDGE('',*,*,#5342,.F.);
#7349=ORIENTED_EDGE('',*,*,#5343,.F.);
#7350=ORIENTED_EDGE('',*,*,#5344,.T.);
#7351=ORIENTED_EDGE('',*,*,#5340,.T.);
#7352=ORIENTED_EDGE('',*,*,#5345,.F.);
#7353=ORIENTED_EDGE('',*,*,#5346,.F.);
#7354=ORIENTED_EDGE('',*,*,#5347,.T.);
#7355=ORIENTED_EDGE('',*,*,#5343,.T.);
#7356=ORIENTED_EDGE('',*,*,#5348,.F.);
#7357=ORIENTED_EDGE('',*,*,#5349,.F.);
#7358=ORIENTED_EDGE('',*,*,#5350,.T.);
#7359=ORIENTED_EDGE('',*,*,#5346,.T.);
#7360=ORIENTED_EDGE('',*,*,#5351,.F.);
#7361=ORIENTED_EDGE('',*,*,#5352,.F.);
#7362=ORIENTED_EDGE('',*,*,#5353,.T.);
#7363=ORIENTED_EDGE('',*,*,#5349,.T.);
#7364=ORIENTED_EDGE('',*,*,#5354,.F.);
#7365=ORIENTED_EDGE('',*,*,#5355,.F.);
#7366=ORIENTED_EDGE('',*,*,#5356,.T.);
#7367=ORIENTED_EDGE('',*,*,#5352,.T.);
#7368=ORIENTED_EDGE('',*,*,#5357,.F.);
#7369=ORIENTED_EDGE('',*,*,#5358,.F.);
#7370=ORIENTED_EDGE('',*,*,#5359,.T.);
#7371=ORIENTED_EDGE('',*,*,#5355,.T.);
#7372=ORIENTED_EDGE('',*,*,#5360,.F.);
#7373=ORIENTED_EDGE('',*,*,#5361,.F.);
#7374=ORIENTED_EDGE('',*,*,#5362,.T.);
#7375=ORIENTED_EDGE('',*,*,#5358,.T.);
#7376=ORIENTED_EDGE('',*,*,#5363,.F.);
#7377=ORIENTED_EDGE('',*,*,#5364,.F.);
#7378=ORIENTED_EDGE('',*,*,#5365,.T.);
#7379=ORIENTED_EDGE('',*,*,#5361,.T.);
#7380=ORIENTED_EDGE('',*,*,#5366,.F.);
#7381=ORIENTED_EDGE('',*,*,#5367,.F.);
#7382=ORIENTED_EDGE('',*,*,#5368,.T.);
#7383=ORIENTED_EDGE('',*,*,#5364,.T.);
#7384=ORIENTED_EDGE('',*,*,#5369,.F.);
#7385=ORIENTED_EDGE('',*,*,#5370,.F.);
#7386=ORIENTED_EDGE('',*,*,#5371,.T.);
#7387=ORIENTED_EDGE('',*,*,#5367,.T.);
#7388=ORIENTED_EDGE('',*,*,#5372,.F.);
#7389=ORIENTED_EDGE('',*,*,#5373,.F.);
#7390=ORIENTED_EDGE('',*,*,#5374,.T.);
#7391=ORIENTED_EDGE('',*,*,#5370,.T.);
#7392=ORIENTED_EDGE('',*,*,#5375,.F.);
#7393=ORIENTED_EDGE('',*,*,#5329,.F.);
#7394=ORIENTED_EDGE('',*,*,#5376,.T.);
#7395=ORIENTED_EDGE('',*,*,#5373,.T.);
#7396=ORIENTED_EDGE('',*,*,#5353,.F.);
#7397=ORIENTED_EDGE('',*,*,#5356,.F.);
#7398=ORIENTED_EDGE('',*,*,#5359,.F.);
#7399=ORIENTED_EDGE('',*,*,#5362,.F.);
#7400=ORIENTED_EDGE('',*,*,#5365,.F.);
#7401=ORIENTED_EDGE('',*,*,#5368,.F.);
#7402=ORIENTED_EDGE('',*,*,#5371,.F.);
#7403=ORIENTED_EDGE('',*,*,#5374,.F.);
#7404=ORIENTED_EDGE('',*,*,#5376,.F.);
#7405=ORIENTED_EDGE('',*,*,#5328,.F.);
#7406=ORIENTED_EDGE('',*,*,#5332,.F.);
#7407=ORIENTED_EDGE('',*,*,#5335,.F.);
#7408=ORIENTED_EDGE('',*,*,#5338,.F.);
#7409=ORIENTED_EDGE('',*,*,#5341,.F.);
#7410=ORIENTED_EDGE('',*,*,#5344,.F.);
#7411=ORIENTED_EDGE('',*,*,#5347,.F.);
#7412=ORIENTED_EDGE('',*,*,#5350,.F.);
#7413=ORIENTED_EDGE('',*,*,#5377,.F.);
#7414=ORIENTED_EDGE('',*,*,#5378,.F.);
#7415=ORIENTED_EDGE('',*,*,#5379,.F.);
#7416=ORIENTED_EDGE('',*,*,#5380,.F.);
#7417=ORIENTED_EDGE('',*,*,#5381,.F.);
#7418=ORIENTED_EDGE('',*,*,#5382,.F.);
#7419=ORIENTED_EDGE('',*,*,#5383,.F.);
#7420=ORIENTED_EDGE('',*,*,#5384,.F.);
#7421=ORIENTED_EDGE('',*,*,#5385,.F.);
#7422=ORIENTED_EDGE('',*,*,#5386,.F.);
#7423=ORIENTED_EDGE('',*,*,#5387,.F.);
#7424=ORIENTED_EDGE('',*,*,#5388,.F.);
#7425=ORIENTED_EDGE('',*,*,#5389,.F.);
#7426=ORIENTED_EDGE('',*,*,#5390,.F.);
#7427=ORIENTED_EDGE('',*,*,#5384,.T.);
#7428=ORIENTED_EDGE('',*,*,#5391,.T.);
#7429=ORIENTED_EDGE('',*,*,#5392,.F.);
#7430=ORIENTED_EDGE('',*,*,#5391,.F.);
#7431=ORIENTED_EDGE('',*,*,#5383,.T.);
#7432=ORIENTED_EDGE('',*,*,#5393,.T.);
#7433=ORIENTED_EDGE('',*,*,#5394,.F.);
#7434=ORIENTED_EDGE('',*,*,#5393,.F.);
#7435=ORIENTED_EDGE('',*,*,#5382,.T.);
#7436=ORIENTED_EDGE('',*,*,#5395,.T.);
#7437=ORIENTED_EDGE('',*,*,#5396,.F.);
#7438=ORIENTED_EDGE('',*,*,#5395,.F.);
#7439=ORIENTED_EDGE('',*,*,#5381,.T.);
#7440=ORIENTED_EDGE('',*,*,#5397,.T.);
#7441=ORIENTED_EDGE('',*,*,#5398,.F.);
#7442=ORIENTED_EDGE('',*,*,#5399,.F.);
#7443=ORIENTED_EDGE('',*,*,#5378,.T.);
#7444=ORIENTED_EDGE('',*,*,#5400,.T.);
#7445=ORIENTED_EDGE('',*,*,#5401,.F.);
#7446=ORIENTED_EDGE('',*,*,#5400,.F.);
#7447=ORIENTED_EDGE('',*,*,#5377,.T.);
#7448=ORIENTED_EDGE('',*,*,#5402,.T.);
#7449=ORIENTED_EDGE('',*,*,#5403,.F.);
#7450=ORIENTED_EDGE('',*,*,#5404,.F.);
#7451=ORIENTED_EDGE('',*,*,#5385,.T.);
#7452=ORIENTED_EDGE('',*,*,#5390,.T.);
#7453=ORIENTED_EDGE('',*,*,#5405,.F.);
#7454=ORIENTED_EDGE('',*,*,#5406,.F.);
#7455=ORIENTED_EDGE('',*,*,#5386,.T.);
#7456=ORIENTED_EDGE('',*,*,#5404,.T.);
#7457=ORIENTED_EDGE('',*,*,#5407,.F.);
#7458=ORIENTED_EDGE('',*,*,#5408,.F.);
#7459=ORIENTED_EDGE('',*,*,#5387,.T.);
#7460=ORIENTED_EDGE('',*,*,#5406,.T.);
#7461=ORIENTED_EDGE('',*,*,#5409,.F.);
#7462=ORIENTED_EDGE('',*,*,#5397,.F.);
#7463=ORIENTED_EDGE('',*,*,#5388,.T.);
#7464=ORIENTED_EDGE('',*,*,#5408,.T.);
#7465=ORIENTED_EDGE('',*,*,#5410,.F.);
#7466=ORIENTED_EDGE('',*,*,#5402,.F.);
#7467=ORIENTED_EDGE('',*,*,#5380,.T.);
#7468=ORIENTED_EDGE('',*,*,#5411,.T.);
#7469=ORIENTED_EDGE('',*,*,#5412,.F.);
#7470=ORIENTED_EDGE('',*,*,#5411,.F.);
#7471=ORIENTED_EDGE('',*,*,#5379,.T.);
#7472=ORIENTED_EDGE('',*,*,#5399,.T.);
#7473=ORIENTED_EDGE('',*,*,#5413,.F.);
#7474=ORIENTED_EDGE('',*,*,#5414,.F.);
#7475=ORIENTED_EDGE('',*,*,#5415,.T.);
#7476=ORIENTED_EDGE('',*,*,#5416,.T.);
#7477=ORIENTED_EDGE('',*,*,#5417,.F.);
#7478=ORIENTED_EDGE('',*,*,#5418,.F.);
#7479=ORIENTED_EDGE('',*,*,#5419,.T.);
#7480=ORIENTED_EDGE('',*,*,#5414,.T.);
#7481=ORIENTED_EDGE('',*,*,#5420,.F.);
#7482=ORIENTED_EDGE('',*,*,#5421,.F.);
#7483=ORIENTED_EDGE('',*,*,#5422,.T.);
#7484=ORIENTED_EDGE('',*,*,#5418,.T.);
#7485=ORIENTED_EDGE('',*,*,#5423,.F.);
#7486=ORIENTED_EDGE('',*,*,#5424,.F.);
#7487=ORIENTED_EDGE('',*,*,#5425,.T.);
#7488=ORIENTED_EDGE('',*,*,#5421,.T.);
#7489=ORIENTED_EDGE('',*,*,#5426,.F.);
#7490=ORIENTED_EDGE('',*,*,#5427,.F.);
#7491=ORIENTED_EDGE('',*,*,#5428,.T.);
#7492=ORIENTED_EDGE('',*,*,#5424,.T.);
#7493=ORIENTED_EDGE('',*,*,#5429,.F.);
#7494=ORIENTED_EDGE('',*,*,#5430,.F.);
#7495=ORIENTED_EDGE('',*,*,#5431,.T.);
#7496=ORIENTED_EDGE('',*,*,#5427,.T.);
#7497=ORIENTED_EDGE('',*,*,#5432,.F.);
#7498=ORIENTED_EDGE('',*,*,#5433,.F.);
#7499=ORIENTED_EDGE('',*,*,#5434,.T.);
#7500=ORIENTED_EDGE('',*,*,#5430,.T.);
#7501=ORIENTED_EDGE('',*,*,#5435,.F.);
#7502=ORIENTED_EDGE('',*,*,#5436,.F.);
#7503=ORIENTED_EDGE('',*,*,#5437,.T.);
#7504=ORIENTED_EDGE('',*,*,#5438,.T.);
#7505=ORIENTED_EDGE('',*,*,#5439,.F.);
#7506=ORIENTED_EDGE('',*,*,#5438,.F.);
#7507=ORIENTED_EDGE('',*,*,#5440,.T.);
#7508=ORIENTED_EDGE('',*,*,#5441,.T.);
#7509=ORIENTED_EDGE('',*,*,#5442,.F.);
#7510=ORIENTED_EDGE('',*,*,#5441,.F.);
#7511=ORIENTED_EDGE('',*,*,#5443,.T.);
#7512=ORIENTED_EDGE('',*,*,#5444,.T.);
#7513=ORIENTED_EDGE('',*,*,#5445,.F.);
#7514=ORIENTED_EDGE('',*,*,#5446,.F.);
#7515=ORIENTED_EDGE('',*,*,#5447,.T.);
#7516=ORIENTED_EDGE('',*,*,#5433,.T.);
#7517=ORIENTED_EDGE('',*,*,#5448,.F.);
#7518=ORIENTED_EDGE('',*,*,#5449,.F.);
#7519=ORIENTED_EDGE('',*,*,#5450,.T.);
#7520=ORIENTED_EDGE('',*,*,#5446,.T.);
#7521=ORIENTED_EDGE('',*,*,#5451,.F.);
#7522=ORIENTED_EDGE('',*,*,#5452,.F.);
#7523=ORIENTED_EDGE('',*,*,#5453,.T.);
#7524=ORIENTED_EDGE('',*,*,#5449,.T.);
#7525=ORIENTED_EDGE('',*,*,#5454,.F.);
#7526=ORIENTED_EDGE('',*,*,#5455,.F.);
#7527=ORIENTED_EDGE('',*,*,#5456,.T.);
#7528=ORIENTED_EDGE('',*,*,#5452,.T.);
#7529=ORIENTED_EDGE('',*,*,#5457,.F.);
#7530=ORIENTED_EDGE('',*,*,#5458,.F.);
#7531=ORIENTED_EDGE('',*,*,#5459,.T.);
#7532=ORIENTED_EDGE('',*,*,#5455,.T.);
#7533=ORIENTED_EDGE('',*,*,#5460,.F.);
#7534=ORIENTED_EDGE('',*,*,#5461,.F.);
#7535=ORIENTED_EDGE('',*,*,#5462,.T.);
#7536=ORIENTED_EDGE('',*,*,#5458,.T.);
#7537=ORIENTED_EDGE('',*,*,#5463,.F.);
#7538=ORIENTED_EDGE('',*,*,#5416,.F.);
#7539=ORIENTED_EDGE('',*,*,#5464,.T.);
#7540=ORIENTED_EDGE('',*,*,#5461,.T.);
#7541=ORIENTED_EDGE('',*,*,#5465,.F.);
#7542=ORIENTED_EDGE('',*,*,#5466,.F.);
#7543=ORIENTED_EDGE('',*,*,#5467,.T.);
#7544=ORIENTED_EDGE('',*,*,#5436,.T.);
#7545=ORIENTED_EDGE('',*,*,#5468,.F.);
#7546=ORIENTED_EDGE('',*,*,#5469,.F.);
#7547=ORIENTED_EDGE('',*,*,#5470,.T.);
#7548=ORIENTED_EDGE('',*,*,#5466,.T.);
#7549=ORIENTED_EDGE('',*,*,#5471,.F.);
#7550=ORIENTED_EDGE('',*,*,#5472,.F.);
#7551=ORIENTED_EDGE('',*,*,#5473,.T.);
#7552=ORIENTED_EDGE('',*,*,#5469,.T.);
#7553=ORIENTED_EDGE('',*,*,#5474,.F.);
#7554=ORIENTED_EDGE('',*,*,#5444,.F.);
#7555=ORIENTED_EDGE('',*,*,#5475,.T.);
#7556=ORIENTED_EDGE('',*,*,#5472,.T.);
#7557=ORIENTED_EDGE('',*,*,#5447,.F.);
#7558=ORIENTED_EDGE('',*,*,#5450,.F.);
#7559=ORIENTED_EDGE('',*,*,#5453,.F.);
#7560=ORIENTED_EDGE('',*,*,#5456,.F.);
#7561=ORIENTED_EDGE('',*,*,#5459,.F.);
#7562=ORIENTED_EDGE('',*,*,#5462,.F.);
#7563=ORIENTED_EDGE('',*,*,#5464,.F.);
#7564=ORIENTED_EDGE('',*,*,#5415,.F.);
#7565=ORIENTED_EDGE('',*,*,#5419,.F.);
#7566=ORIENTED_EDGE('',*,*,#5422,.F.);
#7567=ORIENTED_EDGE('',*,*,#5425,.F.);
#7568=ORIENTED_EDGE('',*,*,#5428,.F.);
#7569=ORIENTED_EDGE('',*,*,#5431,.F.);
#7570=ORIENTED_EDGE('',*,*,#5434,.F.);
#7571=ORIENTED_EDGE('',*,*,#5467,.F.);
#7572=ORIENTED_EDGE('',*,*,#5470,.F.);
#7573=ORIENTED_EDGE('',*,*,#5473,.F.);
#7574=ORIENTED_EDGE('',*,*,#5475,.F.);
#7575=ORIENTED_EDGE('',*,*,#5443,.F.);
#7576=ORIENTED_EDGE('',*,*,#5440,.F.);
#7577=ORIENTED_EDGE('',*,*,#5437,.F.);
#7578=ORIENTED_EDGE('',*,*,#5435,.T.);
#7579=ORIENTED_EDGE('',*,*,#5439,.T.);
#7580=ORIENTED_EDGE('',*,*,#5442,.T.);
#7581=ORIENTED_EDGE('',*,*,#5474,.T.);
#7582=ORIENTED_EDGE('',*,*,#5471,.T.);
#7583=ORIENTED_EDGE('',*,*,#5468,.T.);
#7584=ORIENTED_EDGE('',*,*,#5465,.T.);
#7585=ORIENTED_EDGE('',*,*,#5476,.T.);
#7586=ORIENTED_EDGE('',*,*,#5477,.F.);
#7587=ORIENTED_EDGE('',*,*,#5478,.T.);
#7588=ORIENTED_EDGE('',*,*,#5479,.T.);
#7589=ORIENTED_EDGE('',*,*,#5480,.T.);
#7590=ORIENTED_EDGE('',*,*,#5413,.T.);
#7591=ORIENTED_EDGE('',*,*,#5463,.T.);
#7592=ORIENTED_EDGE('',*,*,#5460,.T.);
#7593=ORIENTED_EDGE('',*,*,#5457,.T.);
#7594=ORIENTED_EDGE('',*,*,#5454,.T.);
#7595=ORIENTED_EDGE('',*,*,#5451,.T.);
#7596=ORIENTED_EDGE('',*,*,#5448,.T.);
#7597=ORIENTED_EDGE('',*,*,#5445,.T.);
#7598=ORIENTED_EDGE('',*,*,#5432,.T.);
#7599=ORIENTED_EDGE('',*,*,#5429,.T.);
#7600=ORIENTED_EDGE('',*,*,#5426,.T.);
#7601=ORIENTED_EDGE('',*,*,#5423,.T.);
#7602=ORIENTED_EDGE('',*,*,#5420,.T.);
#7603=ORIENTED_EDGE('',*,*,#5417,.T.);
#7604=ORIENTED_EDGE('',*,*,#5398,.T.);
#7605=ORIENTED_EDGE('',*,*,#5401,.T.);
#7606=ORIENTED_EDGE('',*,*,#5410,.T.);
#7607=ORIENTED_EDGE('',*,*,#5412,.T.);
#7608=ORIENTED_EDGE('',*,*,#5326,.T.);
#7609=ORIENTED_EDGE('',*,*,#5375,.T.);
#7610=ORIENTED_EDGE('',*,*,#5372,.T.);
#7611=ORIENTED_EDGE('',*,*,#5369,.T.);
#7612=ORIENTED_EDGE('',*,*,#5366,.T.);
#7613=ORIENTED_EDGE('',*,*,#5363,.T.);
#7614=ORIENTED_EDGE('',*,*,#5360,.T.);
#7615=ORIENTED_EDGE('',*,*,#5357,.T.);
#7616=ORIENTED_EDGE('',*,*,#5354,.T.);
#7617=ORIENTED_EDGE('',*,*,#5351,.T.);
#7618=ORIENTED_EDGE('',*,*,#5348,.T.);
#7619=ORIENTED_EDGE('',*,*,#5345,.T.);
#7620=ORIENTED_EDGE('',*,*,#5342,.T.);
#7621=ORIENTED_EDGE('',*,*,#5339,.T.);
#7622=ORIENTED_EDGE('',*,*,#5336,.T.);
#7623=ORIENTED_EDGE('',*,*,#5333,.T.);
#7624=ORIENTED_EDGE('',*,*,#5330,.T.);
#7625=ORIENTED_EDGE('',*,*,#5318,.T.);
#7626=ORIENTED_EDGE('',*,*,#5321,.T.);
#7627=ORIENTED_EDGE('',*,*,#5323,.T.);
#7628=ORIENTED_EDGE('',*,*,#5325,.T.);
#7629=ORIENTED_EDGE('',*,*,#5263,.T.);
#7630=ORIENTED_EDGE('',*,*,#5312,.T.);
#7631=ORIENTED_EDGE('',*,*,#5309,.T.);
#7632=ORIENTED_EDGE('',*,*,#5306,.T.);
#7633=ORIENTED_EDGE('',*,*,#5303,.T.);
#7634=ORIENTED_EDGE('',*,*,#5300,.T.);
#7635=ORIENTED_EDGE('',*,*,#5297,.T.);
#7636=ORIENTED_EDGE('',*,*,#5294,.T.);
#7637=ORIENTED_EDGE('',*,*,#5291,.T.);
#7638=ORIENTED_EDGE('',*,*,#5288,.T.);
#7639=ORIENTED_EDGE('',*,*,#5285,.T.);
#7640=ORIENTED_EDGE('',*,*,#5282,.T.);
#7641=ORIENTED_EDGE('',*,*,#5279,.T.);
#7642=ORIENTED_EDGE('',*,*,#5276,.T.);
#7643=ORIENTED_EDGE('',*,*,#5273,.T.);
#7644=ORIENTED_EDGE('',*,*,#5270,.T.);
#7645=ORIENTED_EDGE('',*,*,#5267,.T.);
#7646=ORIENTED_EDGE('',*,*,#5248,.T.);
#7647=ORIENTED_EDGE('',*,*,#5251,.T.);
#7648=ORIENTED_EDGE('',*,*,#5260,.T.);
#7649=ORIENTED_EDGE('',*,*,#5262,.T.);
#7650=ORIENTED_EDGE('',*,*,#5206,.T.);
#7651=ORIENTED_EDGE('',*,*,#5225,.T.);
#7652=ORIENTED_EDGE('',*,*,#5222,.T.);
#7653=ORIENTED_EDGE('',*,*,#5219,.T.);
#7654=ORIENTED_EDGE('',*,*,#5216,.T.);
#7655=ORIENTED_EDGE('',*,*,#5213,.T.);
#7656=ORIENTED_EDGE('',*,*,#5210,.T.);
#7657=ORIENTED_EDGE('',*,*,#5198,.T.);
#7658=ORIENTED_EDGE('',*,*,#5201,.T.);
#7659=ORIENTED_EDGE('',*,*,#5203,.T.);
#7660=ORIENTED_EDGE('',*,*,#5205,.T.);
#7661=ORIENTED_EDGE('',*,*,#5140,.T.);
#7662=ORIENTED_EDGE('',*,*,#5181,.T.);
#7663=ORIENTED_EDGE('',*,*,#5178,.T.);
#7664=ORIENTED_EDGE('',*,*,#5175,.T.);
#7665=ORIENTED_EDGE('',*,*,#5172,.T.);
#7666=ORIENTED_EDGE('',*,*,#5169,.T.);
#7667=ORIENTED_EDGE('',*,*,#5166,.T.);
#7668=ORIENTED_EDGE('',*,*,#5153,.T.);
#7669=ORIENTED_EDGE('',*,*,#5150,.T.);
#7670=ORIENTED_EDGE('',*,*,#5147,.T.);
#7671=ORIENTED_EDGE('',*,*,#5144,.T.);
#7672=ORIENTED_EDGE('',*,*,#5116,.T.);
#7673=ORIENTED_EDGE('',*,*,#5119,.T.);
#7674=ORIENTED_EDGE('',*,*,#5121,.T.);
#7675=ORIENTED_EDGE('',*,*,#5123,.T.);
#7676=ORIENTED_EDGE('',*,*,#5125,.T.);
#7677=ORIENTED_EDGE('',*,*,#5127,.T.);
#7678=ORIENTED_EDGE('',*,*,#5129,.T.);
#7679=ORIENTED_EDGE('',*,*,#5131,.T.);
#7680=ORIENTED_EDGE('',*,*,#5133,.T.);
#7681=ORIENTED_EDGE('',*,*,#5135,.T.);
#7682=ORIENTED_EDGE('',*,*,#5137,.T.);
#7683=ORIENTED_EDGE('',*,*,#5139,.T.);
#7684=ORIENTED_EDGE('',*,*,#5074,.T.);
#7685=ORIENTED_EDGE('',*,*,#5102,.T.);
#7686=ORIENTED_EDGE('',*,*,#5099,.T.);
#7687=ORIENTED_EDGE('',*,*,#5096,.T.);
#7688=ORIENTED_EDGE('',*,*,#5093,.T.);
#7689=ORIENTED_EDGE('',*,*,#5090,.T.);
#7690=ORIENTED_EDGE('',*,*,#5087,.T.);
#7691=ORIENTED_EDGE('',*,*,#5084,.T.);
#7692=ORIENTED_EDGE('',*,*,#5081,.T.);
#7693=ORIENTED_EDGE('',*,*,#5078,.T.);
#7694=ORIENTED_EDGE('',*,*,#5055,.T.);
#7695=ORIENTED_EDGE('',*,*,#5058,.T.);
#7696=ORIENTED_EDGE('',*,*,#5060,.T.);
#7697=ORIENTED_EDGE('',*,*,#5062,.T.);
#7698=ORIENTED_EDGE('',*,*,#5069,.T.);
#7699=ORIENTED_EDGE('',*,*,#5071,.T.);
#7700=ORIENTED_EDGE('',*,*,#5073,.T.);
#7701=ORIENTED_EDGE('',*,*,#5014,.T.);
#7702=ORIENTED_EDGE('',*,*,#5030,.T.);
#7703=ORIENTED_EDGE('',*,*,#5027,.T.);
#7704=ORIENTED_EDGE('',*,*,#5024,.T.);
#7705=ORIENTED_EDGE('',*,*,#5021,.T.);
#7706=ORIENTED_EDGE('',*,*,#5018,.T.);
#7707=ORIENTED_EDGE('',*,*,#4990,.T.);
#7708=ORIENTED_EDGE('',*,*,#4993,.T.);
#7709=ORIENTED_EDGE('',*,*,#4995,.T.);
#7710=ORIENTED_EDGE('',*,*,#4997,.T.);
#7711=ORIENTED_EDGE('',*,*,#4999,.T.);
#7712=ORIENTED_EDGE('',*,*,#5001,.T.);
#7713=ORIENTED_EDGE('',*,*,#5003,.T.);
#7714=ORIENTED_EDGE('',*,*,#5005,.T.);
#7715=ORIENTED_EDGE('',*,*,#5007,.T.);
#7716=ORIENTED_EDGE('',*,*,#5009,.T.);
#7717=ORIENTED_EDGE('',*,*,#5011,.T.);
#7718=ORIENTED_EDGE('',*,*,#5013,.T.);
#7719=ORIENTED_EDGE('',*,*,#4923,.T.);
#7720=ORIENTED_EDGE('',*,*,#4932,.T.);
#7721=ORIENTED_EDGE('',*,*,#4888,.T.);
#7722=ORIENTED_EDGE('',*,*,#4976,.T.);
#7723=ORIENTED_EDGE('',*,*,#4973,.T.);
#7724=ORIENTED_EDGE('',*,*,#4970,.T.);
#7725=ORIENTED_EDGE('',*,*,#4967,.T.);
#7726=ORIENTED_EDGE('',*,*,#4964,.T.);
#7727=ORIENTED_EDGE('',*,*,#4961,.T.);
#7728=ORIENTED_EDGE('',*,*,#4958,.T.);
#7729=ORIENTED_EDGE('',*,*,#4955,.T.);
#7730=ORIENTED_EDGE('',*,*,#4952,.T.);
#7731=ORIENTED_EDGE('',*,*,#4949,.T.);
#7732=ORIENTED_EDGE('',*,*,#4946,.T.);
#7733=ORIENTED_EDGE('',*,*,#4943,.T.);
#7734=ORIENTED_EDGE('',*,*,#4940,.T.);
#7735=ORIENTED_EDGE('',*,*,#4937,.T.);
#7736=ORIENTED_EDGE('',*,*,#4934,.T.);
#7737=ORIENTED_EDGE('',*,*,#4899,.T.);
#7738=ORIENTED_EDGE('',*,*,#4896,.T.);
#7739=ORIENTED_EDGE('',*,*,#4892,.T.);
#7740=ORIENTED_EDGE('',*,*,#4902,.T.);
#7741=ORIENTED_EDGE('',*,*,#4921,.T.);
#7742=ORIENTED_EDGE('',*,*,#4918,.T.);
#7743=ORIENTED_EDGE('',*,*,#4915,.T.);
#7744=ORIENTED_EDGE('',*,*,#4912,.T.);
#7745=ORIENTED_EDGE('',*,*,#4909,.T.);
#7746=ORIENTED_EDGE('',*,*,#4905,.T.);
#7747=ORIENTED_EDGE('',*,*,#4930,.T.);
#7748=ORIENTED_EDGE('',*,*,#4927,.T.);
#7749=ORIENTED_EDGE('',*,*,#4864,.T.);
#7750=ORIENTED_EDGE('',*,*,#4867,.T.);
#7751=ORIENTED_EDGE('',*,*,#4869,.T.);
#7752=ORIENTED_EDGE('',*,*,#4871,.T.);
#7753=ORIENTED_EDGE('',*,*,#4873,.T.);
#7754=ORIENTED_EDGE('',*,*,#4875,.T.);
#7755=ORIENTED_EDGE('',*,*,#4877,.T.);
#7756=ORIENTED_EDGE('',*,*,#4879,.T.);
#7757=ORIENTED_EDGE('',*,*,#4881,.T.);
#7758=ORIENTED_EDGE('',*,*,#4883,.T.);
#7759=ORIENTED_EDGE('',*,*,#4885,.T.);
#7760=ORIENTED_EDGE('',*,*,#4887,.T.);
#7761=ORIENTED_EDGE('',*,*,#4798,.T.);
#7762=ORIENTED_EDGE('',*,*,#4839,.T.);
#7763=ORIENTED_EDGE('',*,*,#4836,.T.);
#7764=ORIENTED_EDGE('',*,*,#4833,.T.);
#7765=ORIENTED_EDGE('',*,*,#4830,.T.);
#7766=ORIENTED_EDGE('',*,*,#4827,.T.);
#7767=ORIENTED_EDGE('',*,*,#4824,.T.);
#7768=ORIENTED_EDGE('',*,*,#4811,.T.);
#7769=ORIENTED_EDGE('',*,*,#4808,.T.);
#7770=ORIENTED_EDGE('',*,*,#4805,.T.);
#7771=ORIENTED_EDGE('',*,*,#4802,.T.);
#7772=ORIENTED_EDGE('',*,*,#4778,.T.);
#7773=ORIENTED_EDGE('',*,*,#4781,.T.);
#7774=ORIENTED_EDGE('',*,*,#4783,.T.);
#7775=ORIENTED_EDGE('',*,*,#4785,.T.);
#7776=ORIENTED_EDGE('',*,*,#4787,.T.);
#7777=ORIENTED_EDGE('',*,*,#4789,.T.);
#7778=ORIENTED_EDGE('',*,*,#4791,.T.);
#7779=ORIENTED_EDGE('',*,*,#4793,.T.);
#7780=ORIENTED_EDGE('',*,*,#4795,.T.);
#7781=ORIENTED_EDGE('',*,*,#4797,.T.);
#7782=ORIENTED_EDGE('',*,*,#4744,.T.);
#7783=ORIENTED_EDGE('',*,*,#4766,.T.);
#7784=ORIENTED_EDGE('',*,*,#4763,.T.);
#7785=ORIENTED_EDGE('',*,*,#4760,.T.);
#7786=ORIENTED_EDGE('',*,*,#4757,.T.);
#7787=ORIENTED_EDGE('',*,*,#4754,.T.);
#7788=ORIENTED_EDGE('',*,*,#4751,.T.);
#7789=ORIENTED_EDGE('',*,*,#4748,.T.);
#7790=ORIENTED_EDGE('',*,*,#4704,.T.);
#7791=ORIENTED_EDGE('',*,*,#4707,.T.);
#7792=ORIENTED_EDGE('',*,*,#4709,.T.);
#7793=ORIENTED_EDGE('',*,*,#4711,.T.);
#7794=ORIENTED_EDGE('',*,*,#4713,.T.);
#7795=ORIENTED_EDGE('',*,*,#4715,.T.);
#7796=ORIENTED_EDGE('',*,*,#4717,.T.);
#7797=ORIENTED_EDGE('',*,*,#4719,.T.);
#7798=ORIENTED_EDGE('',*,*,#4721,.T.);
#7799=ORIENTED_EDGE('',*,*,#4723,.T.);
#7800=ORIENTED_EDGE('',*,*,#4725,.T.);
#7801=ORIENTED_EDGE('',*,*,#4727,.T.);
#7802=ORIENTED_EDGE('',*,*,#4729,.T.);
#7803=ORIENTED_EDGE('',*,*,#4731,.T.);
#7804=ORIENTED_EDGE('',*,*,#4733,.T.);
#7805=ORIENTED_EDGE('',*,*,#4735,.T.);
#7806=ORIENTED_EDGE('',*,*,#4737,.T.);
#7807=ORIENTED_EDGE('',*,*,#4739,.T.);
#7808=ORIENTED_EDGE('',*,*,#4741,.T.);
#7809=ORIENTED_EDGE('',*,*,#4743,.T.);
#7810=ORIENTED_EDGE('',*,*,#4648,.T.);
#7811=ORIENTED_EDGE('',*,*,#4682,.T.);
#7812=ORIENTED_EDGE('',*,*,#4679,.T.);
#7813=ORIENTED_EDGE('',*,*,#4676,.T.);
#7814=ORIENTED_EDGE('',*,*,#4673,.T.);
#7815=ORIENTED_EDGE('',*,*,#4670,.T.);
#7816=ORIENTED_EDGE('',*,*,#4667,.T.);
#7817=ORIENTED_EDGE('',*,*,#4664,.T.);
#7818=ORIENTED_EDGE('',*,*,#4661,.T.);
#7819=ORIENTED_EDGE('',*,*,#4658,.T.);
#7820=ORIENTED_EDGE('',*,*,#4655,.T.);
#7821=ORIENTED_EDGE('',*,*,#4652,.T.);
#7822=ORIENTED_EDGE('',*,*,#4620,.T.);
#7823=ORIENTED_EDGE('',*,*,#4623,.T.);
#7824=ORIENTED_EDGE('',*,*,#4625,.T.);
#7825=ORIENTED_EDGE('',*,*,#4627,.T.);
#7826=ORIENTED_EDGE('',*,*,#4629,.T.);
#7827=ORIENTED_EDGE('',*,*,#4631,.T.);
#7828=ORIENTED_EDGE('',*,*,#4633,.T.);
#7829=ORIENTED_EDGE('',*,*,#4635,.T.);
#7830=ORIENTED_EDGE('',*,*,#4637,.T.);
#7831=ORIENTED_EDGE('',*,*,#4639,.T.);
#7832=ORIENTED_EDGE('',*,*,#4641,.T.);
#7833=ORIENTED_EDGE('',*,*,#4643,.T.);
#7834=ORIENTED_EDGE('',*,*,#4645,.T.);
#7835=ORIENTED_EDGE('',*,*,#4647,.T.);
#7836=ORIENTED_EDGE('',*,*,#4546,.T.);
#7837=ORIENTED_EDGE('',*,*,#4604,.T.);
#7838=ORIENTED_EDGE('',*,*,#4601,.T.);
#7839=ORIENTED_EDGE('',*,*,#4598,.T.);
#7840=ORIENTED_EDGE('',*,*,#4595,.T.);
#7841=ORIENTED_EDGE('',*,*,#4592,.T.);
#7842=ORIENTED_EDGE('',*,*,#4589,.T.);
#7843=ORIENTED_EDGE('',*,*,#4586,.T.);
#7844=ORIENTED_EDGE('',*,*,#4583,.T.);
#7845=ORIENTED_EDGE('',*,*,#4580,.T.);
#7846=ORIENTED_EDGE('',*,*,#4577,.T.);
#7847=ORIENTED_EDGE('',*,*,#4574,.T.);
#7848=ORIENTED_EDGE('',*,*,#4571,.T.);
#7849=ORIENTED_EDGE('',*,*,#4568,.T.);
#7850=ORIENTED_EDGE('',*,*,#4565,.T.);
#7851=ORIENTED_EDGE('',*,*,#4562,.T.);
#7852=ORIENTED_EDGE('',*,*,#4559,.T.);
#7853=ORIENTED_EDGE('',*,*,#4556,.T.);
#7854=ORIENTED_EDGE('',*,*,#4553,.T.);
#7855=ORIENTED_EDGE('',*,*,#4550,.T.);
#7856=ORIENTED_EDGE('',*,*,#4506,.T.);
#7857=ORIENTED_EDGE('',*,*,#4509,.T.);
#7858=ORIENTED_EDGE('',*,*,#4511,.T.);
#7859=ORIENTED_EDGE('',*,*,#4513,.T.);
#7860=ORIENTED_EDGE('',*,*,#4515,.T.);
#7861=ORIENTED_EDGE('',*,*,#4517,.T.);
#7862=ORIENTED_EDGE('',*,*,#4519,.T.);
#7863=ORIENTED_EDGE('',*,*,#4521,.T.);
#7864=ORIENTED_EDGE('',*,*,#4523,.T.);
#7865=ORIENTED_EDGE('',*,*,#4525,.T.);
#7866=ORIENTED_EDGE('',*,*,#4527,.T.);
#7867=ORIENTED_EDGE('',*,*,#4529,.T.);
#7868=ORIENTED_EDGE('',*,*,#4531,.T.);
#7869=ORIENTED_EDGE('',*,*,#4533,.T.);
#7870=ORIENTED_EDGE('',*,*,#4535,.T.);
#7871=ORIENTED_EDGE('',*,*,#4537,.T.);
#7872=ORIENTED_EDGE('',*,*,#4539,.T.);
#7873=ORIENTED_EDGE('',*,*,#4541,.T.);
#7874=ORIENTED_EDGE('',*,*,#4543,.T.);
#7875=ORIENTED_EDGE('',*,*,#4545,.T.);
#7876=ORIENTED_EDGE('',*,*,#4426,.T.);
#7877=ORIENTED_EDGE('',*,*,#4484,.T.);
#7878=ORIENTED_EDGE('',*,*,#4481,.T.);
#7879=ORIENTED_EDGE('',*,*,#4478,.T.);
#7880=ORIENTED_EDGE('',*,*,#4475,.T.);
#7881=ORIENTED_EDGE('',*,*,#4472,.T.);
#7882=ORIENTED_EDGE('',*,*,#4469,.T.);
#7883=ORIENTED_EDGE('',*,*,#4466,.T.);
#7884=ORIENTED_EDGE('',*,*,#4463,.T.);
#7885=ORIENTED_EDGE('',*,*,#4460,.T.);
#7886=ORIENTED_EDGE('',*,*,#4457,.T.);
#7887=ORIENTED_EDGE('',*,*,#4454,.T.);
#7888=ORIENTED_EDGE('',*,*,#4451,.T.);
#7889=ORIENTED_EDGE('',*,*,#4448,.T.);
#7890=ORIENTED_EDGE('',*,*,#4445,.T.);
#7891=ORIENTED_EDGE('',*,*,#4442,.T.);
#7892=ORIENTED_EDGE('',*,*,#4439,.T.);
#7893=ORIENTED_EDGE('',*,*,#4436,.T.);
#7894=ORIENTED_EDGE('',*,*,#4433,.T.);
#7895=ORIENTED_EDGE('',*,*,#4430,.T.);
#7896=ORIENTED_EDGE('',*,*,#4409,.T.);
#7897=ORIENTED_EDGE('',*,*,#4412,.T.);
#7898=ORIENTED_EDGE('',*,*,#4414,.T.);
#7899=ORIENTED_EDGE('',*,*,#4416,.T.);
#7900=ORIENTED_EDGE('',*,*,#4419,.T.);
#7901=ORIENTED_EDGE('',*,*,#4421,.T.);
#7902=ORIENTED_EDGE('',*,*,#4423,.T.);
#7903=ORIENTED_EDGE('',*,*,#4425,.T.);
#7904=ORIENTED_EDGE('',*,*,#4354,.T.);
#7905=ORIENTED_EDGE('',*,*,#4391,.T.);
#7906=ORIENTED_EDGE('',*,*,#4388,.T.);
#7907=ORIENTED_EDGE('',*,*,#4385,.T.);
#7908=ORIENTED_EDGE('',*,*,#4382,.T.);
#7909=ORIENTED_EDGE('',*,*,#4379,.T.);
#7910=ORIENTED_EDGE('',*,*,#4376,.T.);
#7911=ORIENTED_EDGE('',*,*,#4373,.T.);
#7912=ORIENTED_EDGE('',*,*,#4370,.T.);
#7913=ORIENTED_EDGE('',*,*,#4367,.T.);
#7914=ORIENTED_EDGE('',*,*,#4364,.T.);
#7915=ORIENTED_EDGE('',*,*,#4361,.T.);
#7916=ORIENTED_EDGE('',*,*,#4358,.T.);
#7917=ORIENTED_EDGE('',*,*,#4335,.T.);
#7918=ORIENTED_EDGE('',*,*,#4338,.T.);
#7919=ORIENTED_EDGE('',*,*,#4340,.T.);
#7920=ORIENTED_EDGE('',*,*,#4342,.T.);
#7921=ORIENTED_EDGE('',*,*,#4349,.T.);
#7922=ORIENTED_EDGE('',*,*,#4351,.T.);
#7923=ORIENTED_EDGE('',*,*,#4353,.T.);
#7924=ORIENTED_EDGE('',*,*,#4279,.T.);
#7925=ORIENTED_EDGE('',*,*,#4305,.T.);
#7926=ORIENTED_EDGE('',*,*,#4302,.T.);
#7927=ORIENTED_EDGE('',*,*,#4299,.T.);
#7928=ORIENTED_EDGE('',*,*,#4296,.T.);
#7929=ORIENTED_EDGE('',*,*,#4289,.T.);
#7930=ORIENTED_EDGE('',*,*,#4286,.T.);
#7931=ORIENTED_EDGE('',*,*,#4283,.T.);
#7932=ORIENTED_EDGE('',*,*,#4245,.T.);
#7933=ORIENTED_EDGE('',*,*,#4248,.T.);
#7934=ORIENTED_EDGE('',*,*,#4250,.T.);
#7935=ORIENTED_EDGE('',*,*,#4252,.T.);
#7936=ORIENTED_EDGE('',*,*,#4254,.T.);
#7937=ORIENTED_EDGE('',*,*,#4256,.T.);
#7938=ORIENTED_EDGE('',*,*,#4258,.T.);
#7939=ORIENTED_EDGE('',*,*,#4260,.T.);
#7940=ORIENTED_EDGE('',*,*,#4262,.T.);
#7941=ORIENTED_EDGE('',*,*,#4264,.T.);
#7942=ORIENTED_EDGE('',*,*,#4266,.T.);
#7943=ORIENTED_EDGE('',*,*,#4268,.T.);
#7944=ORIENTED_EDGE('',*,*,#4270,.T.);
#7945=ORIENTED_EDGE('',*,*,#4272,.T.);
#7946=ORIENTED_EDGE('',*,*,#4274,.T.);
#7947=ORIENTED_EDGE('',*,*,#4276,.T.);
#7948=ORIENTED_EDGE('',*,*,#4278,.T.);
#7949=ORIENTED_EDGE('',*,*,#5389,.T.);
#7950=ORIENTED_EDGE('',*,*,#5392,.T.);
#7951=ORIENTED_EDGE('',*,*,#5394,.T.);
#7952=ORIENTED_EDGE('',*,*,#5396,.T.);
#7953=ORIENTED_EDGE('',*,*,#5409,.T.);
#7954=ORIENTED_EDGE('',*,*,#5407,.T.);
#7955=ORIENTED_EDGE('',*,*,#5405,.T.);
#7956=ORIENTED_EDGE('',*,*,#5403,.T.);
#7957=ORIENTED_EDGE('',*,*,#5156,.T.);
#7958=ORIENTED_EDGE('',*,*,#5160,.T.);
#7959=ORIENTED_EDGE('',*,*,#5163,.T.);
#7960=ORIENTED_EDGE('',*,*,#5192,.T.);
#7961=ORIENTED_EDGE('',*,*,#5189,.T.);
#7962=ORIENTED_EDGE('',*,*,#5186,.T.);
#7963=ORIENTED_EDGE('',*,*,#5183,.T.);
#7964=ORIENTED_EDGE('',*,*,#5239,.T.);
#7965=ORIENTED_EDGE('',*,*,#5242,.T.);
#7966=ORIENTED_EDGE('',*,*,#5244,.T.);
#7967=ORIENTED_EDGE('',*,*,#5246,.T.);
#7968=ORIENTED_EDGE('',*,*,#5259,.T.);
#7969=ORIENTED_EDGE('',*,*,#5257,.T.);
#7970=ORIENTED_EDGE('',*,*,#5255,.T.);
#7971=ORIENTED_EDGE('',*,*,#5253,.T.);
#7972=ORIENTED_EDGE('',*,*,#4814,.T.);
#7973=ORIENTED_EDGE('',*,*,#4818,.T.);
#7974=ORIENTED_EDGE('',*,*,#4821,.T.);
#7975=ORIENTED_EDGE('',*,*,#4850,.T.);
#7976=ORIENTED_EDGE('',*,*,#4847,.T.);
#7977=ORIENTED_EDGE('',*,*,#4844,.T.);
#7978=ORIENTED_EDGE('',*,*,#4841,.T.);
#7979=ORIENTED_EDGE('',*,*,#5046,.T.);
#7980=ORIENTED_EDGE('',*,*,#5049,.T.);
#7981=ORIENTED_EDGE('',*,*,#5051,.T.);
#7982=ORIENTED_EDGE('',*,*,#5053,.T.);
#7983=ORIENTED_EDGE('',*,*,#5068,.T.);
#7984=ORIENTED_EDGE('',*,*,#5066,.T.);
#7985=ORIENTED_EDGE('',*,*,#5064,.T.);
#7986=ORIENTED_EDGE('',*,*,#4404,.T.);
#7987=ORIENTED_EDGE('',*,*,#4407,.T.);
#7988=ORIENTED_EDGE('',*,*,#4418,.T.);
#7989=ORIENTED_EDGE('',*,*,#4292,.T.);
#7990=ORIENTED_EDGE('',*,*,#4310,.T.);
#7991=ORIENTED_EDGE('',*,*,#4307,.T.);
#7992=ORIENTED_EDGE('',*,*,#5480,.F.);
#7993=ORIENTED_EDGE('',*,*,#5481,.T.);
#7994=ORIENTED_EDGE('',*,*,#5482,.F.);
#7995=ORIENTED_EDGE('',*,*,#5481,.F.);
#7996=ORIENTED_EDGE('',*,*,#5479,.F.);
#7997=ORIENTED_EDGE('',*,*,#5483,.T.);
#7998=ORIENTED_EDGE('',*,*,#5484,.F.);
#7999=ORIENTED_EDGE('',*,*,#5483,.F.);
#8000=ORIENTED_EDGE('',*,*,#5478,.F.);
#8001=ORIENTED_EDGE('',*,*,#5485,.T.);
#8002=ORIENTED_EDGE('',*,*,#5486,.F.);
#8003=ORIENTED_EDGE('',*,*,#5485,.F.);
#8004=ORIENTED_EDGE('',*,*,#5487,.T.);
#8005=ORIENTED_EDGE('',*,*,#5488,.T.);
#8006=ORIENTED_EDGE('',*,*,#5489,.F.);
#8007=ORIENTED_EDGE('',*,*,#5488,.F.);
#8008=ORIENTED_EDGE('',*,*,#5490,.F.);
#8009=ORIENTED_EDGE('',*,*,#5489,.T.);
#8010=ORIENTED_EDGE('',*,*,#5491,.F.);
#8011=ORIENTED_EDGE('',*,*,#5492,.T.);
#8012=ORIENTED_EDGE('',*,*,#5490,.T.);
#8013=ORIENTED_EDGE('',*,*,#5492,.F.);
#8014=ORIENTED_EDGE('',*,*,#5493,.F.);
#8015=ORIENTED_EDGE('',*,*,#5494,.T.);
#8016=ORIENTED_EDGE('',*,*,#5491,.T.);
#8017=ORIENTED_EDGE('',*,*,#5494,.F.);
#8018=ORIENTED_EDGE('',*,*,#5476,.F.);
#8019=ORIENTED_EDGE('',*,*,#5495,.T.);
#8020=ORIENTED_EDGE('',*,*,#5493,.T.);
#8021=ORIENTED_EDGE('',*,*,#5495,.F.);
#8022=ORIENTED_EDGE('',*,*,#4326,.T.);
#8023=ORIENTED_EDGE('',*,*,#4329,.T.);
#8024=ORIENTED_EDGE('',*,*,#4331,.T.);
#8025=ORIENTED_EDGE('',*,*,#4333,.T.);
#8026=ORIENTED_EDGE('',*,*,#4348,.T.);
#8027=ORIENTED_EDGE('',*,*,#4346,.T.);
#8028=ORIENTED_EDGE('',*,*,#4344,.T.);
#8029=ORIENTED_EDGE('',*,*,#5477,.T.);
#8030=ORIENTED_EDGE('',*,*,#5496,.T.);
#8031=ORIENTED_EDGE('',*,*,#5497,.F.);
#8032=ORIENTED_EDGE('',*,*,#5496,.F.);
#8033=ORIENTED_EDGE('',*,*,#5487,.F.);
#8034=ORIENTED_EDGE('',*,*,#5482,.T.);
#8035=ORIENTED_EDGE('',*,*,#5484,.T.);
#8036=ORIENTED_EDGE('',*,*,#5486,.T.);
#8037=ORIENTED_EDGE('',*,*,#5497,.T.);
#8038=PLANE('',#8791);
#8039=PLANE('',#8792);
#8040=PLANE('',#8793);
#8041=PLANE('',#8794);
#8042=PLANE('',#8795);
#8043=PLANE('',#8796);
#8044=PLANE('',#8797);
#8045=PLANE('',#8798);
#8046=PLANE('',#8799);
#8047=PLANE('',#8800);
#8048=PLANE('',#8801);
#8049=PLANE('',#8802);
#8050=PLANE('',#8803);
#8051=PLANE('',#8804);
#8052=PLANE('',#8805);
#8053=PLANE('',#8806);
#8054=PLANE('',#8807);
#8055=PLANE('',#8808);
#8056=PLANE('',#8809);
#8057=PLANE('',#8810);
#8058=PLANE('',#8811);
#8059=PLANE('',#8812);
#8060=PLANE('',#8813);
#8061=PLANE('',#8814);
#8062=PLANE('',#8815);
#8063=PLANE('',#8816);
#8064=PLANE('',#8817);
#8065=PLANE('',#8818);
#8066=PLANE('',#8819);
#8067=PLANE('',#8820);
#8068=PLANE('',#8821);
#8069=PLANE('',#8822);
#8070=PLANE('',#8823);
#8071=PLANE('',#8824);
#8072=PLANE('',#8825);
#8073=PLANE('',#8826);
#8074=PLANE('',#8827);
#8075=PLANE('',#8828);
#8076=PLANE('',#8829);
#8077=PLANE('',#8830);
#8078=PLANE('',#8831);
#8079=PLANE('',#8832);
#8080=PLANE('',#8833);
#8081=PLANE('',#8834);
#8082=PLANE('',#8835);
#8083=PLANE('',#8836);
#8084=PLANE('',#8837);
#8085=PLANE('',#8838);
#8086=PLANE('',#8839);
#8087=PLANE('',#8840);
#8088=PLANE('',#8841);
#8089=PLANE('',#8842);
#8090=PLANE('',#8843);
#8091=PLANE('',#8844);
#8092=PLANE('',#8845);
#8093=PLANE('',#8846);
#8094=PLANE('',#8847);
#8095=PLANE('',#8848);
#8096=PLANE('',#8849);
#8097=PLANE('',#8850);
#8098=PLANE('',#8851);
#8099=PLANE('',#8852);
#8100=PLANE('',#8853);
#8101=PLANE('',#8854);
#8102=PLANE('',#8855);
#8103=PLANE('',#8856);
#8104=PLANE('',#8857);
#8105=PLANE('',#8858);
#8106=PLANE('',#8859);
#8107=PLANE('',#8860);
#8108=PLANE('',#8861);
#8109=PLANE('',#8862);
#8110=PLANE('',#8863);
#8111=PLANE('',#8864);
#8112=PLANE('',#8865);
#8113=PLANE('',#8866);
#8114=PLANE('',#8867);
#8115=PLANE('',#8868);
#8116=PLANE('',#8869);
#8117=PLANE('',#8870);
#8118=PLANE('',#8871);
#8119=PLANE('',#8872);
#8120=PLANE('',#8873);
#8121=PLANE('',#8874);
#8122=PLANE('',#8875);
#8123=PLANE('',#8876);
#8124=PLANE('',#8877);
#8125=PLANE('',#8878);
#8126=PLANE('',#8879);
#8127=PLANE('',#8880);
#8128=PLANE('',#8881);
#8129=PLANE('',#8882);
#8130=PLANE('',#8883);
#8131=PLANE('',#8884);
#8132=PLANE('',#8885);
#8133=PLANE('',#8886);
#8134=PLANE('',#8887);
#8135=PLANE('',#8888);
#8136=PLANE('',#8889);
#8137=PLANE('',#8890);
#8138=PLANE('',#8891);
#8139=PLANE('',#8892);
#8140=PLANE('',#8893);
#8141=PLANE('',#8894);
#8142=PLANE('',#8895);
#8143=PLANE('',#8896);
#8144=PLANE('',#8897);
#8145=PLANE('',#8898);
#8146=PLANE('',#8899);
#8147=PLANE('',#8900);
#8148=PLANE('',#8901);
#8149=PLANE('',#8902);
#8150=PLANE('',#8903);
#8151=PLANE('',#8904);
#8152=PLANE('',#8905);
#8153=PLANE('',#8906);
#8154=PLANE('',#8907);
#8155=PLANE('',#8908);
#8156=PLANE('',#8909);
#8157=PLANE('',#8910);
#8158=PLANE('',#8911);
#8159=PLANE('',#8912);
#8160=PLANE('',#8913);
#8161=PLANE('',#8914);
#8162=PLANE('',#8915);
#8163=PLANE('',#8916);
#8164=PLANE('',#8917);
#8165=PLANE('',#8918);
#8166=PLANE('',#8919);
#8167=PLANE('',#8920);
#8168=PLANE('',#8921);
#8169=PLANE('',#8922);
#8170=PLANE('',#8923);
#8171=PLANE('',#8924);
#8172=PLANE('',#8925);
#8173=PLANE('',#8926);
#8174=PLANE('',#8927);
#8175=PLANE('',#8928);
#8176=PLANE('',#8929);
#8177=PLANE('',#8930);
#8178=PLANE('',#8931);
#8179=PLANE('',#8932);
#8180=PLANE('',#8933);
#8181=PLANE('',#8934);
#8182=PLANE('',#8935);
#8183=PLANE('',#8936);
#8184=PLANE('',#8937);
#8185=PLANE('',#8938);
#8186=PLANE('',#8939);
#8187=PLANE('',#8940);
#8188=PLANE('',#8941);
#8189=PLANE('',#8942);
#8190=PLANE('',#8943);
#8191=PLANE('',#8944);
#8192=PLANE('',#8945);
#8193=PLANE('',#8946);
#8194=PLANE('',#8947);
#8195=PLANE('',#8948);
#8196=PLANE('',#8949);
#8197=PLANE('',#8950);
#8198=PLANE('',#8951);
#8199=PLANE('',#8952);
#8200=PLANE('',#8953);
#8201=PLANE('',#8954);
#8202=PLANE('',#8955);
#8203=PLANE('',#8956);
#8204=PLANE('',#8957);
#8205=PLANE('',#8958);
#8206=PLANE('',#8959);
#8207=PLANE('',#8960);
#8208=PLANE('',#8961);
#8209=PLANE('',#8962);
#8210=PLANE('',#8963);
#8211=PLANE('',#8964);
#8212=PLANE('',#8965);
#8213=PLANE('',#8966);
#8214=PLANE('',#8967);
#8215=PLANE('',#8968);
#8216=PLANE('',#8969);
#8217=PLANE('',#8970);
#8218=PLANE('',#8971);
#8219=PLANE('',#8972);
#8220=PLANE('',#8973);
#8221=PLANE('',#8974);
#8222=PLANE('',#8975);
#8223=PLANE('',#8976);
#8224=PLANE('',#8977);
#8225=PLANE('',#8978);
#8226=PLANE('',#8979);
#8227=PLANE('',#8980);
#8228=PLANE('',#8981);
#8229=PLANE('',#8982);
#8230=PLANE('',#8983);
#8231=PLANE('',#8984);
#8232=PLANE('',#8985);
#8233=PLANE('',#8986);
#8234=PLANE('',#8987);
#8235=PLANE('',#8988);
#8236=PLANE('',#8989);
#8237=PLANE('',#8990);
#8238=PLANE('',#8991);
#8239=PLANE('',#8992);
#8240=PLANE('',#8993);
#8241=PLANE('',#8994);
#8242=PLANE('',#8995);
#8243=PLANE('',#8996);
#8244=PLANE('',#8997);
#8245=PLANE('',#8998);
#8246=PLANE('',#8999);
#8247=PLANE('',#9000);
#8248=PLANE('',#9001);
#8249=PLANE('',#9002);
#8250=PLANE('',#9003);
#8251=PLANE('',#9004);
#8252=PLANE('',#9005);
#8253=PLANE('',#9006);
#8254=PLANE('',#9007);
#8255=PLANE('',#9008);
#8256=PLANE('',#9009);
#8257=PLANE('',#9010);
#8258=PLANE('',#9011);
#8259=PLANE('',#9012);
#8260=PLANE('',#9013);
#8261=PLANE('',#9014);
#8262=PLANE('',#9015);
#8263=PLANE('',#9016);
#8264=PLANE('',#9017);
#8265=PLANE('',#9018);
#8266=PLANE('',#9019);
#8267=PLANE('',#9020);
#8268=PLANE('',#9021);
#8269=PLANE('',#9022);
#8270=PLANE('',#9023);
#8271=PLANE('',#9024);
#8272=PLANE('',#9025);
#8273=PLANE('',#9026);
#8274=PLANE('',#9027);
#8275=PLANE('',#9028);
#8276=PLANE('',#9029);
#8277=PLANE('',#9030);
#8278=PLANE('',#9031);
#8279=PLANE('',#9032);
#8280=PLANE('',#9033);
#8281=PLANE('',#9034);
#8282=PLANE('',#9035);
#8283=PLANE('',#9036);
#8284=PLANE('',#9037);
#8285=PLANE('',#9038);
#8286=PLANE('',#9039);
#8287=PLANE('',#9040);
#8288=PLANE('',#9041);
#8289=PLANE('',#9042);
#8290=PLANE('',#9043);
#8291=PLANE('',#9044);
#8292=PLANE('',#9050);
#8293=PLANE('',#9051);
#8294=PLANE('',#9052);
#8295=PLANE('',#9053);
#8296=PLANE('',#9054);
#8297=PLANE('',#9055);
#8298=PLANE('',#9056);
#8299=PLANE('',#9066);
#8300=PLANE('',#9073);
#8301=PLANE('',#9076);
#8302=ADVANCED_FACE('',(#279),#8038,.T.);
#8303=ADVANCED_FACE('',(#280),#85,.F.);
#8304=ADVANCED_FACE('',(#281),#86,.F.);
#8305=ADVANCED_FACE('',(#282),#87,.F.);
#8306=ADVANCED_FACE('',(#283),#88,.F.);
#8307=ADVANCED_FACE('',(#284),#89,.F.);
#8308=ADVANCED_FACE('',(#285),#8039,.F.);
#8309=ADVANCED_FACE('',(#286),#8040,.F.);
#8310=ADVANCED_FACE('',(#287),#8041,.F.);
#8311=ADVANCED_FACE('',(#288),#8042,.F.);
#8312=ADVANCED_FACE('',(#289),#90,.F.);
#8313=ADVANCED_FACE('',(#290),#91,.F.);
#8314=ADVANCED_FACE('',(#291),#92,.F.);
#8315=ADVANCED_FACE('',(#292),#93,.F.);
#8316=ADVANCED_FACE('',(#293),#94,.F.);
#8317=ADVANCED_FACE('',(#294),#95,.F.);
#8318=ADVANCED_FACE('',(#295),#8043,.F.);
#8319=ADVANCED_FACE('',(#296),#8044,.F.);
#8320=ADVANCED_FACE('',(#297),#8045,.F.);
#8321=ADVANCED_FACE('',(#298),#8046,.F.);
#8322=ADVANCED_FACE('',(#299),#8047,.F.);
#8323=ADVANCED_FACE('',(#300),#8048,.F.);
#8324=ADVANCED_FACE('',(#301),#8049,.T.);
#8325=ADVANCED_FACE('',(#302),#8050,.F.);
#8326=ADVANCED_FACE('',(#303),#8051,.F.);
#8327=ADVANCED_FACE('',(#304),#8052,.F.);
#8328=ADVANCED_FACE('',(#305),#8053,.F.);
#8329=ADVANCED_FACE('',(#306),#8054,.T.);
#8330=ADVANCED_FACE('',(#307),#8055,.T.);
#8331=ADVANCED_FACE('',(#308,#37),#8056,.T.);
#8332=ADVANCED_FACE('',(#309,#38),#8057,.T.);
#8333=ADVANCED_FACE('',(#310),#8058,.T.);
#8334=ADVANCED_FACE('',(#311),#8059,.T.);
#8335=ADVANCED_FACE('',(#312),#96,.T.);
#8336=ADVANCED_FACE('',(#313),#97,.T.);
#8337=ADVANCED_FACE('',(#314),#98,.F.);
#8338=ADVANCED_FACE('',(#315),#99,.F.);
#8339=ADVANCED_FACE('',(#316),#100,.F.);
#8340=ADVANCED_FACE('',(#317),#101,.F.);
#8341=ADVANCED_FACE('',(#318),#8060,.T.);
#8342=ADVANCED_FACE('',(#319),#102,.T.);
#8343=ADVANCED_FACE('',(#320),#103,.T.);
#8344=ADVANCED_FACE('',(#321),#8061,.F.);
#8345=ADVANCED_FACE('',(#322),#8062,.F.);
#8346=ADVANCED_FACE('',(#323),#8063,.F.);
#8347=ADVANCED_FACE('',(#324),#8064,.F.);
#8348=ADVANCED_FACE('',(#325),#8065,.F.);
#8349=ADVANCED_FACE('',(#326),#8066,.F.);
#8350=ADVANCED_FACE('',(#327),#8067,.F.);
#8351=ADVANCED_FACE('',(#328),#8068,.F.);
#8352=ADVANCED_FACE('',(#329),#8069,.F.);
#8353=ADVANCED_FACE('',(#330),#8070,.F.);
#8354=ADVANCED_FACE('',(#331),#8071,.F.);
#8355=ADVANCED_FACE('',(#332),#8072,.F.);
#8356=ADVANCED_FACE('',(#333),#8073,.F.);
#8357=ADVANCED_FACE('',(#334),#8074,.F.);
#8358=ADVANCED_FACE('',(#335),#8075,.F.);
#8359=ADVANCED_FACE('',(#336),#8076,.F.);
#8360=ADVANCED_FACE('',(#337),#8077,.T.);
#8361=ADVANCED_FACE('',(#338,#39),#8078,.T.);
#8362=ADVANCED_FACE('',(#339),#8079,.T.);
#8363=ADVANCED_FACE('',(#340),#8080,.T.);
#8364=ADVANCED_FACE('',(#341),#8081,.F.);
#8365=ADVANCED_FACE('',(#342),#8082,.F.);
#8366=ADVANCED_FACE('',(#343),#8083,.F.);
#8367=ADVANCED_FACE('',(#344),#8084,.F.);
#8368=ADVANCED_FACE('',(#345),#8085,.T.);
#8369=ADVANCED_FACE('',(#346),#8086,.F.);
#8370=ADVANCED_FACE('',(#347),#8087,.F.);
#8371=ADVANCED_FACE('',(#348),#8088,.F.);
#8372=ADVANCED_FACE('',(#349),#8089,.F.);
#8373=ADVANCED_FACE('',(#350),#104,.F.);
#8374=ADVANCED_FACE('',(#351),#105,.F.);
#8375=ADVANCED_FACE('',(#352),#106,.F.);
#8376=ADVANCED_FACE('',(#353),#107,.F.);
#8377=ADVANCED_FACE('',(#354),#8090,.F.);
#8378=ADVANCED_FACE('',(#355),#8091,.F.);
#8379=ADVANCED_FACE('',(#356),#108,.F.);
#8380=ADVANCED_FACE('',(#357),#109,.F.);
#8381=ADVANCED_FACE('',(#358),#110,.F.);
#8382=ADVANCED_FACE('',(#359),#111,.F.);
#8383=ADVANCED_FACE('',(#360),#112,.F.);
#8384=ADVANCED_FACE('',(#361),#113,.F.);
#8385=ADVANCED_FACE('',(#362),#114,.F.);
#8386=ADVANCED_FACE('',(#363),#115,.F.);
#8387=ADVANCED_FACE('',(#364),#8092,.F.);
#8388=ADVANCED_FACE('',(#365),#8093,.F.);
#8389=ADVANCED_FACE('',(#366),#116,.F.);
#8390=ADVANCED_FACE('',(#367),#117,.F.);
#8391=ADVANCED_FACE('',(#368),#118,.F.);
#8392=ADVANCED_FACE('',(#369),#119,.F.);
#8393=ADVANCED_FACE('',(#370),#8094,.T.);
#8394=ADVANCED_FACE('',(#371),#8095,.T.);
#8395=ADVANCED_FACE('',(#372),#8096,.F.);
#8396=ADVANCED_FACE('',(#373),#120,.F.);
#8397=ADVANCED_FACE('',(#374),#121,.F.);
#8398=ADVANCED_FACE('',(#375),#122,.F.);
#8399=ADVANCED_FACE('',(#376),#123,.F.);
#8400=ADVANCED_FACE('',(#377),#124,.F.);
#8401=ADVANCED_FACE('',(#378),#125,.F.);
#8402=ADVANCED_FACE('',(#379),#126,.F.);
#8403=ADVANCED_FACE('',(#380),#127,.F.);
#8404=ADVANCED_FACE('',(#381),#8097,.F.);
#8405=ADVANCED_FACE('',(#382),#8098,.F.);
#8406=ADVANCED_FACE('',(#383),#128,.F.);
#8407=ADVANCED_FACE('',(#384),#129,.F.);
#8408=ADVANCED_FACE('',(#385),#130,.F.);
#8409=ADVANCED_FACE('',(#386),#131,.F.);
#8410=ADVANCED_FACE('',(#387),#132,.F.);
#8411=ADVANCED_FACE('',(#388),#133,.F.);
#8412=ADVANCED_FACE('',(#389),#134,.F.);
#8413=ADVANCED_FACE('',(#390),#135,.F.);
#8414=ADVANCED_FACE('',(#391),#8099,.F.);
#8415=ADVANCED_FACE('',(#392),#8100,.F.);
#8416=ADVANCED_FACE('',(#393),#136,.F.);
#8417=ADVANCED_FACE('',(#394),#137,.F.);
#8418=ADVANCED_FACE('',(#395),#138,.F.);
#8419=ADVANCED_FACE('',(#396),#139,.F.);
#8420=ADVANCED_FACE('',(#397),#140,.F.);
#8421=ADVANCED_FACE('',(#398),#141,.F.);
#8422=ADVANCED_FACE('',(#399),#142,.F.);
#8423=ADVANCED_FACE('',(#400),#143,.F.);
#8424=ADVANCED_FACE('',(#401),#8101,.F.);
#8425=ADVANCED_FACE('',(#402),#8102,.F.);
#8426=ADVANCED_FACE('',(#403),#144,.F.);
#8427=ADVANCED_FACE('',(#404),#145,.F.);
#8428=ADVANCED_FACE('',(#405),#146,.F.);
#8429=ADVANCED_FACE('',(#406),#147,.F.);
#8430=ADVANCED_FACE('',(#407),#148,.F.);
#8431=ADVANCED_FACE('',(#408),#149,.F.);
#8432=ADVANCED_FACE('',(#409),#150,.F.);
#8433=ADVANCED_FACE('',(#410),#151,.F.);
#8434=ADVANCED_FACE('',(#411),#8103,.F.);
#8435=ADVANCED_FACE('',(#412),#8104,.T.);
#8436=ADVANCED_FACE('',(#413),#8105,.T.);
#8437=ADVANCED_FACE('',(#414),#8106,.F.);
#8438=ADVANCED_FACE('',(#415),#8107,.F.);
#8439=ADVANCED_FACE('',(#416),#8108,.F.);
#8440=ADVANCED_FACE('',(#417),#152,.F.);
#8441=ADVANCED_FACE('',(#418),#153,.F.);
#8442=ADVANCED_FACE('',(#419),#154,.F.);
#8443=ADVANCED_FACE('',(#420),#155,.F.);
#8444=ADVANCED_FACE('',(#421),#8109,.F.);
#8445=ADVANCED_FACE('',(#422),#8110,.F.);
#8446=ADVANCED_FACE('',(#423),#8111,.F.);
#8447=ADVANCED_FACE('',(#424),#156,.F.);
#8448=ADVANCED_FACE('',(#425),#157,.F.);
#8449=ADVANCED_FACE('',(#426),#158,.F.);
#8450=ADVANCED_FACE('',(#427),#159,.F.);
#8451=ADVANCED_FACE('',(#428),#8112,.F.);
#8452=ADVANCED_FACE('',(#429),#8113,.F.);
#8453=ADVANCED_FACE('',(#430),#8114,.F.);
#8454=ADVANCED_FACE('',(#431),#8115,.F.);
#8455=ADVANCED_FACE('',(#432),#8116,.F.);
#8456=ADVANCED_FACE('',(#433),#8117,.F.);
#8457=ADVANCED_FACE('',(#434),#8118,.F.);
#8458=ADVANCED_FACE('',(#435),#8119,.F.);
#8459=ADVANCED_FACE('',(#436),#8120,.F.);
#8460=ADVANCED_FACE('',(#437),#8121,.F.);
#8461=ADVANCED_FACE('',(#438),#8122,.F.);
#8462=ADVANCED_FACE('',(#439),#8123,.F.);
#8463=ADVANCED_FACE('',(#440),#8124,.T.);
#8464=ADVANCED_FACE('',(#441),#8125,.T.);
#8465=ADVANCED_FACE('',(#442),#160,.F.);
#8466=ADVANCED_FACE('',(#443),#161,.F.);
#8467=ADVANCED_FACE('',(#444),#162,.F.);
#8468=ADVANCED_FACE('',(#445),#163,.F.);
#8469=ADVANCED_FACE('',(#446),#8126,.F.);
#8470=ADVANCED_FACE('',(#447),#8127,.F.);
#8471=ADVANCED_FACE('',(#448),#164,.F.);
#8472=ADVANCED_FACE('',(#449),#165,.F.);
#8473=ADVANCED_FACE('',(#450),#166,.F.);
#8474=ADVANCED_FACE('',(#451),#167,.F.);
#8475=ADVANCED_FACE('',(#452),#168,.F.);
#8476=ADVANCED_FACE('',(#453),#169,.F.);
#8477=ADVANCED_FACE('',(#454),#170,.F.);
#8478=ADVANCED_FACE('',(#455),#171,.F.);
#8479=ADVANCED_FACE('',(#456),#8128,.F.);
#8480=ADVANCED_FACE('',(#457),#8129,.F.);
#8481=ADVANCED_FACE('',(#458),#172,.F.);
#8482=ADVANCED_FACE('',(#459),#173,.F.);
#8483=ADVANCED_FACE('',(#460),#174,.F.);
#8484=ADVANCED_FACE('',(#461),#175,.F.);
#8485=ADVANCED_FACE('',(#462),#8130,.F.);
#8486=ADVANCED_FACE('',(#463),#8131,.F.);
#8487=ADVANCED_FACE('',(#464),#8132,.F.);
#8488=ADVANCED_FACE('',(#465),#8133,.F.);
#8489=ADVANCED_FACE('',(#466),#8134,.F.);
#8490=ADVANCED_FACE('',(#467),#8135,.F.);
#8491=ADVANCED_FACE('',(#468),#8136,.F.);
#8492=ADVANCED_FACE('',(#469),#8137,.F.);
#8493=ADVANCED_FACE('',(#470),#8138,.T.);
#8494=ADVANCED_FACE('',(#471),#8139,.T.);
#8495=ADVANCED_FACE('',(#472),#8140,.F.);
#8496=ADVANCED_FACE('',(#473),#8141,.F.);
#8497=ADVANCED_FACE('',(#474),#8142,.F.);
#8498=ADVANCED_FACE('',(#475),#8143,.F.);
#8499=ADVANCED_FACE('',(#476),#8144,.F.);
#8500=ADVANCED_FACE('',(#477),#8145,.F.);
#8501=ADVANCED_FACE('',(#478),#8146,.F.);
#8502=ADVANCED_FACE('',(#479),#8147,.F.);
#8503=ADVANCED_FACE('',(#480),#8148,.F.);
#8504=ADVANCED_FACE('',(#481),#8149,.F.);
#8505=ADVANCED_FACE('',(#482),#8150,.F.);
#8506=ADVANCED_FACE('',(#483),#8151,.F.);
#8507=ADVANCED_FACE('',(#484),#8152,.F.);
#8508=ADVANCED_FACE('',(#485),#8153,.F.);
#8509=ADVANCED_FACE('',(#486),#8154,.F.);
#8510=ADVANCED_FACE('',(#487),#176,.T.);
#8511=ADVANCED_FACE('',(#488),#177,.T.);
#8512=ADVANCED_FACE('',(#489),#8155,.T.);
#8513=ADVANCED_FACE('',(#490),#8156,.F.);
#8514=ADVANCED_FACE('',(#491),#8157,.F.);
#8515=ADVANCED_FACE('',(#492),#8158,.F.);
#8516=ADVANCED_FACE('',(#493),#178,.F.);
#8517=ADVANCED_FACE('',(#494),#179,.F.);
#8518=ADVANCED_FACE('',(#495),#180,.F.);
#8519=ADVANCED_FACE('',(#496),#181,.T.);
#8520=ADVANCED_FACE('',(#497),#182,.T.);
#8521=ADVANCED_FACE('',(#498),#8159,.T.);
#8522=ADVANCED_FACE('',(#499),#8160,.T.);
#8523=ADVANCED_FACE('',(#500,#40),#8161,.T.);
#8524=ADVANCED_FACE('',(#501),#8162,.T.);
#8525=ADVANCED_FACE('',(#502),#8163,.F.);
#8526=ADVANCED_FACE('',(#503),#8164,.F.);
#8527=ADVANCED_FACE('',(#504),#8165,.F.);
#8528=ADVANCED_FACE('',(#505),#8166,.F.);
#8529=ADVANCED_FACE('',(#506),#8167,.F.);
#8530=ADVANCED_FACE('',(#507),#8168,.F.);
#8531=ADVANCED_FACE('',(#508),#8169,.F.);
#8532=ADVANCED_FACE('',(#509),#8170,.F.);
#8533=ADVANCED_FACE('',(#510),#8171,.F.);
#8534=ADVANCED_FACE('',(#511),#8172,.F.);
#8535=ADVANCED_FACE('',(#512),#8173,.F.);
#8536=ADVANCED_FACE('',(#513),#8174,.F.);
#8537=ADVANCED_FACE('',(#514),#8175,.F.);
#8538=ADVANCED_FACE('',(#515),#183,.F.);
#8539=ADVANCED_FACE('',(#516),#184,.F.);
#8540=ADVANCED_FACE('',(#517),#185,.F.);
#8541=ADVANCED_FACE('',(#518),#186,.F.);
#8542=ADVANCED_FACE('',(#519),#8176,.F.);
#8543=ADVANCED_FACE('',(#520),#8177,.F.);
#8544=ADVANCED_FACE('',(#521),#8178,.F.);
#8545=ADVANCED_FACE('',(#522),#8179,.F.);
#8546=ADVANCED_FACE('',(#523),#8180,.F.);
#8547=ADVANCED_FACE('',(#524),#8181,.F.);
#8548=ADVANCED_FACE('',(#525),#8182,.F.);
#8549=ADVANCED_FACE('',(#526),#8183,.F.);
#8550=ADVANCED_FACE('',(#527),#8184,.F.);
#8551=ADVANCED_FACE('',(#528),#8185,.F.);
#8552=ADVANCED_FACE('',(#529),#187,.F.);
#8553=ADVANCED_FACE('',(#530),#188,.F.);
#8554=ADVANCED_FACE('',(#531),#189,.F.);
#8555=ADVANCED_FACE('',(#532),#190,.F.);
#8556=ADVANCED_FACE('',(#533),#8186,.F.);
#8557=ADVANCED_FACE('',(#534),#8187,.F.);
#8558=ADVANCED_FACE('',(#535),#191,.F.);
#8559=ADVANCED_FACE('',(#536),#192,.F.);
#8560=ADVANCED_FACE('',(#537),#193,.F.);
#8561=ADVANCED_FACE('',(#538),#194,.F.);
#8562=ADVANCED_FACE('',(#539),#195,.F.);
#8563=ADVANCED_FACE('',(#540),#196,.F.);
#8564=ADVANCED_FACE('',(#541),#197,.F.);
#8565=ADVANCED_FACE('',(#542),#198,.F.);
#8566=ADVANCED_FACE('',(#543),#8188,.F.);
#8567=ADVANCED_FACE('',(#544),#8189,.T.);
#8568=ADVANCED_FACE('',(#545),#8190,.T.);
#8569=ADVANCED_FACE('',(#546),#8191,.F.);
#8570=ADVANCED_FACE('',(#547),#8192,.F.);
#8571=ADVANCED_FACE('',(#548),#8193,.F.);
#8572=ADVANCED_FACE('',(#549),#8194,.F.);
#8573=ADVANCED_FACE('',(#550),#8195,.F.);
#8574=ADVANCED_FACE('',(#551),#8196,.F.);
#8575=ADVANCED_FACE('',(#552),#8197,.F.);
#8576=ADVANCED_FACE('',(#553),#8198,.F.);
#8577=ADVANCED_FACE('',(#554),#8199,.F.);
#8578=ADVANCED_FACE('',(#555),#8200,.F.);
#8579=ADVANCED_FACE('',(#556),#8201,.F.);
#8580=ADVANCED_FACE('',(#557),#8202,.F.);
#8581=ADVANCED_FACE('',(#558),#8203,.F.);
#8582=ADVANCED_FACE('',(#559),#8204,.F.);
#8583=ADVANCED_FACE('',(#560),#8205,.F.);
#8584=ADVANCED_FACE('',(#561),#8206,.F.);
#8585=ADVANCED_FACE('',(#562),#8207,.F.);
#8586=ADVANCED_FACE('',(#563),#8208,.F.);
#8587=ADVANCED_FACE('',(#564),#8209,.T.);
#8588=ADVANCED_FACE('',(#565,#41),#8210,.T.);
#8589=ADVANCED_FACE('',(#566),#8211,.T.);
#8590=ADVANCED_FACE('',(#567),#8212,.T.);
#8591=ADVANCED_FACE('',(#568),#199,.T.);
#8592=ADVANCED_FACE('',(#569),#200,.T.);
#8593=ADVANCED_FACE('',(#570),#201,.F.);
#8594=ADVANCED_FACE('',(#571),#202,.F.);
#8595=ADVANCED_FACE('',(#572),#203,.F.);
#8596=ADVANCED_FACE('',(#573),#204,.F.);
#8597=ADVANCED_FACE('',(#574),#8213,.T.);
#8598=ADVANCED_FACE('',(#575),#205,.T.);
#8599=ADVANCED_FACE('',(#576),#206,.T.);
#8600=ADVANCED_FACE('',(#577),#8214,.F.);
#8601=ADVANCED_FACE('',(#578),#8215,.F.);
#8602=ADVANCED_FACE('',(#579),#8216,.F.);
#8603=ADVANCED_FACE('',(#580),#8217,.F.);
#8604=ADVANCED_FACE('',(#581),#8218,.F.);
#8605=ADVANCED_FACE('',(#582),#8219,.F.);
#8606=ADVANCED_FACE('',(#583),#8220,.F.);
#8607=ADVANCED_FACE('',(#584),#8221,.F.);
#8608=ADVANCED_FACE('',(#585),#8222,.F.);
#8609=ADVANCED_FACE('',(#586),#8223,.F.);
#8610=ADVANCED_FACE('',(#587),#8224,.F.);
#8611=ADVANCED_FACE('',(#588),#8225,.F.);
#8612=ADVANCED_FACE('',(#589),#8226,.F.);
#8613=ADVANCED_FACE('',(#590),#8227,.T.);
#8614=ADVANCED_FACE('',(#591),#8228,.T.);
#8615=ADVANCED_FACE('',(#592),#8229,.F.);
#8616=ADVANCED_FACE('',(#593),#8230,.F.);
#8617=ADVANCED_FACE('',(#594),#8231,.F.);
#8618=ADVANCED_FACE('',(#595),#8232,.F.);
#8619=ADVANCED_FACE('',(#596),#8233,.F.);
#8620=ADVANCED_FACE('',(#597),#8234,.F.);
#8621=ADVANCED_FACE('',(#598),#8235,.F.);
#8622=ADVANCED_FACE('',(#599),#8236,.F.);
#8623=ADVANCED_FACE('',(#600),#8237,.F.);
#8624=ADVANCED_FACE('',(#601),#8238,.F.);
#8625=ADVANCED_FACE('',(#602),#8239,.F.);
#8626=ADVANCED_FACE('',(#603),#8240,.F.);
#8627=ADVANCED_FACE('',(#604),#8241,.F.);
#8628=ADVANCED_FACE('',(#605),#8242,.F.);
#8629=ADVANCED_FACE('',(#606),#8243,.F.);
#8630=ADVANCED_FACE('',(#607),#8244,.F.);
#8631=ADVANCED_FACE('',(#608),#8245,.F.);
#8632=ADVANCED_FACE('',(#609),#207,.T.);
#8633=ADVANCED_FACE('',(#610),#208,.T.);
#8634=ADVANCED_FACE('',(#611),#8246,.T.);
#8635=ADVANCED_FACE('',(#612),#8247,.F.);
#8636=ADVANCED_FACE('',(#613),#8248,.F.);
#8637=ADVANCED_FACE('',(#614),#8249,.F.);
#8638=ADVANCED_FACE('',(#615),#209,.F.);
#8639=ADVANCED_FACE('',(#616),#210,.F.);
#8640=ADVANCED_FACE('',(#617),#211,.F.);
#8641=ADVANCED_FACE('',(#618),#212,.T.);
#8642=ADVANCED_FACE('',(#619),#213,.T.);
#8643=ADVANCED_FACE('',(#620),#8250,.T.);
#8644=ADVANCED_FACE('',(#621),#8251,.T.);
#8645=ADVANCED_FACE('',(#622,#42),#8252,.T.);
#8646=ADVANCED_FACE('',(#623),#8253,.T.);
#8647=ADVANCED_FACE('',(#624),#8254,.F.);
#8648=ADVANCED_FACE('',(#625),#8255,.F.);
#8649=ADVANCED_FACE('',(#626),#8256,.F.);
#8650=ADVANCED_FACE('',(#627),#8257,.F.);
#8651=ADVANCED_FACE('',(#628),#8258,.F.);
#8652=ADVANCED_FACE('',(#629),#8259,.F.);
#8653=ADVANCED_FACE('',(#630),#8260,.F.);
#8654=ADVANCED_FACE('',(#631),#8261,.F.);
#8655=ADVANCED_FACE('',(#632),#8262,.F.);
#8656=ADVANCED_FACE('',(#633),#8263,.F.);
#8657=ADVANCED_FACE('',(#634),#8264,.F.);
#8658=ADVANCED_FACE('',(#635),#8265,.T.);
#8659=ADVANCED_FACE('',(#636,#43),#8266,.T.);
#8660=ADVANCED_FACE('',(#637),#214,.T.);
#8661=ADVANCED_FACE('',(#638),#215,.T.);
#8662=ADVANCED_FACE('',(#639),#216,.T.);
#8663=ADVANCED_FACE('',(#640),#217,.T.);
#8664=ADVANCED_FACE('',(#641),#218,.F.);
#8665=ADVANCED_FACE('',(#642),#219,.F.);
#8666=ADVANCED_FACE('',(#643),#220,.T.);
#8667=ADVANCED_FACE('',(#644),#221,.T.);
#8668=ADVANCED_FACE('',(#645),#222,.T.);
#8669=ADVANCED_FACE('',(#646),#223,.T.);
#8670=ADVANCED_FACE('',(#647),#224,.F.);
#8671=ADVANCED_FACE('',(#648),#225,.F.);
#8672=ADVANCED_FACE('',(#649),#8267,.F.);
#8673=ADVANCED_FACE('',(#650),#8268,.F.);
#8674=ADVANCED_FACE('',(#651),#226,.F.);
#8675=ADVANCED_FACE('',(#652),#227,.F.);
#8676=ADVANCED_FACE('',(#653),#228,.F.);
#8677=ADVANCED_FACE('',(#654),#229,.F.);
#8678=ADVANCED_FACE('',(#655),#230,.F.);
#8679=ADVANCED_FACE('',(#656),#231,.F.);
#8680=ADVANCED_FACE('',(#657),#8269,.F.);
#8681=ADVANCED_FACE('',(#658),#8270,.F.);
#8682=ADVANCED_FACE('',(#659),#8271,.F.);
#8683=ADVANCED_FACE('',(#660),#8272,.F.);
#8684=ADVANCED_FACE('',(#661),#232,.F.);
#8685=ADVANCED_FACE('',(#662),#233,.F.);
#8686=ADVANCED_FACE('',(#663),#234,.F.);
#8687=ADVANCED_FACE('',(#664),#235,.F.);
#8688=ADVANCED_FACE('',(#665),#236,.F.);
#8689=ADVANCED_FACE('',(#666),#8273,.T.);
#8690=ADVANCED_FACE('',(#667),#8274,.T.);
#8691=ADVANCED_FACE('',(#668),#8275,.F.);
#8692=ADVANCED_FACE('',(#669),#8276,.F.);
#8693=ADVANCED_FACE('',(#670),#8277,.F.);
#8694=ADVANCED_FACE('',(#671),#8278,.F.);
#8695=ADVANCED_FACE('',(#672),#8279,.F.);
#8696=ADVANCED_FACE('',(#673),#8280,.F.);
#8697=ADVANCED_FACE('',(#674),#237,.F.);
#8698=ADVANCED_FACE('',(#675),#238,.F.);
#8699=ADVANCED_FACE('',(#676),#239,.F.);
#8700=ADVANCED_FACE('',(#677),#240,.F.);
#8701=ADVANCED_FACE('',(#678),#241,.F.);
#8702=ADVANCED_FACE('',(#679),#242,.F.);
#8703=ADVANCED_FACE('',(#680),#8281,.F.);
#8704=ADVANCED_FACE('',(#681),#8282,.F.);
#8705=ADVANCED_FACE('',(#682),#8283,.F.);
#8706=ADVANCED_FACE('',(#683),#8284,.F.);
#8707=ADVANCED_FACE('',(#684),#243,.F.);
#8708=ADVANCED_FACE('',(#685),#244,.F.);
#8709=ADVANCED_FACE('',(#686),#245,.F.);
#8710=ADVANCED_FACE('',(#687),#246,.F.);
#8711=ADVANCED_FACE('',(#688),#247,.F.);
#8712=ADVANCED_FACE('',(#689),#8285,.T.);
#8713=ADVANCED_FACE('',(#690,#44),#8286,.T.);
#8714=ADVANCED_FACE('',(#691),#248,.T.);
#8715=ADVANCED_FACE('',(#692),#249,.T.);
#8716=ADVANCED_FACE('',(#693),#250,.T.);
#8717=ADVANCED_FACE('',(#694),#251,.T.);
#8718=ADVANCED_FACE('',(#695),#252,.F.);
#8719=ADVANCED_FACE('',(#696),#253,.F.);
#8720=ADVANCED_FACE('',(#697),#254,.T.);
#8721=ADVANCED_FACE('',(#698),#255,.T.);
#8722=ADVANCED_FACE('',(#699),#256,.T.);
#8723=ADVANCED_FACE('',(#700),#257,.T.);
#8724=ADVANCED_FACE('',(#701),#258,.F.);
#8725=ADVANCED_FACE('',(#702),#259,.F.);
#8726=ADVANCED_FACE('',(#703),#8287,.F.);
#8727=ADVANCED_FACE('',(#704),#8288,.F.);
#8728=ADVANCED_FACE('',(#705),#260,.F.);
#8729=ADVANCED_FACE('',(#706),#261,.F.);
#8730=ADVANCED_FACE('',(#707),#262,.F.);
#8731=ADVANCED_FACE('',(#708),#263,.F.);
#8732=ADVANCED_FACE('',(#709),#264,.F.);
#8733=ADVANCED_FACE('',(#710),#265,.T.);
#8734=ADVANCED_FACE('',(#711),#266,.T.);
#8735=ADVANCED_FACE('',(#712),#267,.T.);
#8736=ADVANCED_FACE('',(#713),#268,.F.);
#8737=ADVANCED_FACE('',(#714),#269,.F.);
#8738=ADVANCED_FACE('',(#715),#270,.F.);
#8739=ADVANCED_FACE('',(#716),#271,.F.);
#8740=ADVANCED_FACE('',(#717),#272,.F.);
#8741=ADVANCED_FACE('',(#718),#273,.F.);
#8742=ADVANCED_FACE('',(#719),#274,.F.);
#8743=ADVANCED_FACE('',(#720),#275,.T.);
#8744=ADVANCED_FACE('',(#721),#276,.T.);
#8745=ADVANCED_FACE('',(#722),#277,.T.);
#8746=ADVANCED_FACE('',(#723),#278,.T.);
#8747=ADVANCED_FACE('',(#724,#45),#8289,.T.);
#8748=ADVANCED_FACE('',(#725),#8290,.T.);
#8749=ADVANCED_FACE('',(#726,#46,#47,#48,#49,#50,#51,#52,#53,#54,#55,#56,
#57,#58,#59,#60,#61,#62,#63,#64,#65,#66,#67,#68,#69,#70,#71,#72,#73,#74,
#75,#76,#77,#78,#79),#8291,.T.);
#8750=ADVANCED_FACE('',(#727),#8292,.T.);
#8751=ADVANCED_FACE('',(#728),#8293,.T.);
#8752=ADVANCED_FACE('',(#729),#8294,.T.);
#8753=ADVANCED_FACE('',(#730),#8295,.T.);
#8754=ADVANCED_FACE('',(#731),#8296,.T.);
#8755=ADVANCED_FACE('',(#732),#8297,.T.);
#8756=ADVANCED_FACE('',(#733),#8298,.T.);
#8757=ADVANCED_FACE('',(#734),#16,.F.);
#8758=ADVANCED_FACE('',(#735),#17,.F.);
#8759=ADVANCED_FACE('',(#736),#18,.F.);
#8760=ADVANCED_FACE('',(#737),#19,.F.);
#8761=ADVANCED_FACE('',(#738,#80),#8299,.T.);
#8762=ADVANCED_FACE('',(#739),#20,.T.);
#8763=ADVANCED_FACE('',(#740),#15,.T.);
#8764=ADVANCED_FACE('',(#741),#21,.T.);
#8765=ADVANCED_FACE('',(#742),#8300,.T.);
#8766=ADVANCED_FACE('',(#743),#22,.F.);
#8767=ADVANCED_FACE('',(#744,#81,#82,#83,#84),#8301,.T.);
#8768=CLOSED_SHELL('',(#8302,#8303,#8304,#8305,#8306,#8307,#8308,#8309,
#8310,#8311,#8312,#8313,#8314,#8315,#8316,#8317,#8318,#8319,#8320,#8321,
#8322,#8323,#8324,#8325,#8326,#8327,#8328,#8329,#8330,#8331,#8332,#8333,
#8334,#8335,#8336,#8337,#8338,#8339,#8340,#8341,#8342,#8343,#8344,#8345,
#8346,#8347,#8348,#8349,#8350,#8351,#8352,#8353,#8354,#8355,#8356,#8357,
#8358,#8359,#8360,#8361,#8362,#8363,#8364,#8365,#8366,#8367,#8368,#8369,
#8370,#8371,#8372,#8373,#8374,#8375,#8376,#8377,#8378,#8379,#8380,#8381,
#8382,#8383,#8384,#8385,#8386,#8387,#8388,#8389,#8390,#8391,#8392,#8393,
#8394,#8395,#8396,#8397,#8398,#8399,#8400,#8401,#8402,#8403,#8404,#8405,
#8406,#8407,#8408,#8409,#8410,#8411,#8412,#8413,#8414,#8415,#8416,#8417,
#8418,#8419,#8420,#8421,#8422,#8423,#8424,#8425,#8426,#8427,#8428,#8429,
#8430,#8431,#8432,#8433,#8434,#8435,#8436,#8437,#8438,#8439,#8440,#8441,
#8442,#8443,#8444,#8445,#8446,#8447,#8448,#8449,#8450,#8451,#8452,#8453,
#8454,#8455,#8456,#8457,#8458,#8459,#8460,#8461,#8462,#8463,#8464,#8465,
#8466,#8467,#8468,#8469,#8470,#8471,#8472,#8473,#8474,#8475,#8476,#8477,
#8478,#8479,#8480,#8481,#8482,#8483,#8484,#8485,#8486,#8487,#8488,#8489,
#8490,#8491,#8492,#8493,#8494,#8495,#8496,#8497,#8498,#8499,#8500,#8501,
#8502,#8503,#8504,#8505,#8506,#8507,#8508,#8509,#8510,#8511,#8512,#8513,
#8514,#8515,#8516,#8517,#8518,#8519,#8520,#8521,#8522,#8523,#8524,#8525,
#8526,#8527,#8528,#8529,#8530,#8531,#8532,#8533,#8534,#8535,#8536,#8537,
#8538,#8539,#8540,#8541,#8542,#8543,#8544,#8545,#8546,#8547,#8548,#8549,
#8550,#8551,#8552,#8553,#8554,#8555,#8556,#8557,#8558,#8559,#8560,#8561,
#8562,#8563,#8564,#8565,#8566,#8567,#8568,#8569,#8570,#8571,#8572,#8573,
#8574,#8575,#8576,#8577,#8578,#8579,#8580,#8581,#8582,#8583,#8584,#8585,
#8586,#8587,#8588,#8589,#8590,#8591,#8592,#8593,#8594,#8595,#8596,#8597,
#8598,#8599,#8600,#8601,#8602,#8603,#8604,#8605,#8606,#8607,#8608,#8609,
#8610,#8611,#8612,#8613,#8614,#8615,#8616,#8617,#8618,#8619,#8620,#8621,
#8622,#8623,#8624,#8625,#8626,#8627,#8628,#8629,#8630,#8631,#8632,#8633,
#8634,#8635,#8636,#8637,#8638,#8639,#8640,#8641,#8642,#8643,#8644,#8645,
#8646,#8647,#8648,#8649,#8650,#8651,#8652,#8653,#8654,#8655,#8656,#8657,
#8658,#8659,#8660,#8661,#8662,#8663,#8664,#8665,#8666,#8667,#8668,#8669,
#8670,#8671,#8672,#8673,#8674,#8675,#8676,#8677,#8678,#8679,#8680,#8681,
#8682,#8683,#8684,#8685,#8686,#8687,#8688,#8689,#8690,#8691,#8692,#8693,
#8694,#8695,#8696,#8697,#8698,#8699,#8700,#8701,#8702,#8703,#8704,#8705,
#8706,#8707,#8708,#8709,#8710,#8711,#8712,#8713,#8714,#8715,#8716,#8717,
#8718,#8719,#8720,#8721,#8722,#8723,#8724,#8725,#8726,#8727,#8728,#8729,
#8730,#8731,#8732,#8733,#8734,#8735,#8736,#8737,#8738,#8739,#8740,#8741,
#8742,#8743,#8744,#8745,#8746,#8747,#8748,#8749,#8750,#8751,#8752,#8753,
#8754,#8755,#8756,#8757,#8758,#8759,#8760,#8761,#8762,#8763,#8764,#8765,
#8766,#8767));
#8769=DERIVED_UNIT_ELEMENT(#8772,1.);
#8770=DERIVED_UNIT_ELEMENT(#16205,-3.);
#8771=DIMENSIONAL_EXPONENTS(0.,1.,0.,0.,0.,0.,0.);
#8772=(
CONVERSION_BASED_UNIT('gram',#8774)
MASS_UNIT()
NAMED_UNIT(#8771)
);
#8773=(
MASS_UNIT()
NAMED_UNIT(*)
SI_UNIT(.KILO.,.GRAM.)
);
#8774=MASS_MEASURE_WITH_UNIT(MASS_MEASURE(0.001),#8773);
#8775=DERIVED_UNIT((#8769,#8770));
#8776=MEASURE_REPRESENTATION_ITEM('density measure',
POSITIVE_RATIO_MEASURE(1.),#8775);
#8777=PROPERTY_DEFINITION_REPRESENTATION(#8782,#8779);
#8778=PROPERTY_DEFINITION_REPRESENTATION(#8783,#8780);
#8779=REPRESENTATION('material name',(#8781),#16202);
#8780=REPRESENTATION('density',(#8776),#16202);
#8781=DESCRIPTIVE_REPRESENTATION_ITEM('Generic','Generic');
#8782=PROPERTY_DEFINITION('material property','material name',#16212);
#8783=PROPERTY_DEFINITION('material property','density of part',#16212);
#8784=DATE_TIME_ROLE('creation_date');
#8785=APPLIED_DATE_AND_TIME_ASSIGNMENT(#8786,#8784,(#16212));
#8786=DATE_AND_TIME(#8787,#8788);
#8787=CALENDAR_DATE(2026,6,3);
#8788=LOCAL_TIME(0,0,0.,#8789);
#8789=COORDINATED_UNIVERSAL_TIME_OFFSET(0,0,.BEHIND.);
#8790=AXIS2_PLACEMENT_3D('',#10518,#9077,#9078);
#8791=AXIS2_PLACEMENT_3D('',#10519,#9079,#9080);
#8792=AXIS2_PLACEMENT_3D('',#10691,#9093,#9094);
#8793=AXIS2_PLACEMENT_3D('',#10695,#9097,#9098);
#8794=AXIS2_PLACEMENT_3D('',#10699,#9101,#9102);
#8795=AXIS2_PLACEMENT_3D('',#10703,#9105,#9106);
#8796=AXIS2_PLACEMENT_3D('',#10791,#9115,#9116);
#8797=AXIS2_PLACEMENT_3D('',#10795,#9119,#9120);
#8798=AXIS2_PLACEMENT_3D('',#10797,#9122,#9123);
#8799=AXIS2_PLACEMENT_3D('',#10806,#9128,#9129);
#8800=AXIS2_PLACEMENT_3D('',#10812,#9133,#9134);
#8801=AXIS2_PLACEMENT_3D('',#10818,#9138,#9139);
#8802=AXIS2_PLACEMENT_3D('',#10824,#9143,#9144);
#8803=AXIS2_PLACEMENT_3D('',#10833,#9149,#9150);
#8804=AXIS2_PLACEMENT_3D('',#10839,#9154,#9155);
#8805=AXIS2_PLACEMENT_3D('',#10845,#9159,#9160);
#8806=AXIS2_PLACEMENT_3D('',#10851,#9164,#9165);
#8807=AXIS2_PLACEMENT_3D('',#10854,#9168,#9169);
#8808=AXIS2_PLACEMENT_3D('',#10860,#9173,#9174);
#8809=AXIS2_PLACEMENT_3D('',#10863,#9177,#9178);
#8810=AXIS2_PLACEMENT_3D('',#10864,#9179,#9180);
#8811=AXIS2_PLACEMENT_3D('',#10941,#9187,#9188);
#8812=AXIS2_PLACEMENT_3D('',#10947,#9192,#9193);
#8813=AXIS2_PLACEMENT_3D('',#11037,#9203,#9204);
#8814=AXIS2_PLACEMENT_3D('',#11067,#9208,#9209);
#8815=AXIS2_PLACEMENT_3D('',#11071,#9212,#9213);
#8816=AXIS2_PLACEMENT_3D('',#11075,#9216,#9217);
#8817=AXIS2_PLACEMENT_3D('',#11077,#9219,#9220);
#8818=AXIS2_PLACEMENT_3D('',#11086,#9225,#9226);
#8819=AXIS2_PLACEMENT_3D('',#11092,#9230,#9231);
#8820=AXIS2_PLACEMENT_3D('',#11098,#9235,#9236);
#8821=AXIS2_PLACEMENT_3D('',#11104,#9240,#9241);
#8822=AXIS2_PLACEMENT_3D('',#11110,#9245,#9246);
#8823=AXIS2_PLACEMENT_3D('',#11116,#9250,#9251);
#8824=AXIS2_PLACEMENT_3D('',#11122,#9255,#9256);
#8825=AXIS2_PLACEMENT_3D('',#11128,#9260,#9261);
#8826=AXIS2_PLACEMENT_3D('',#11134,#9265,#9266);
#8827=AXIS2_PLACEMENT_3D('',#11140,#9270,#9271);
#8828=AXIS2_PLACEMENT_3D('',#11146,#9275,#9276);
#8829=AXIS2_PLACEMENT_3D('',#11152,#9280,#9281);
#8830=AXIS2_PLACEMENT_3D('',#11155,#9284,#9285);
#8831=AXIS2_PLACEMENT_3D('',#11156,#9286,#9287);
#8832=AXIS2_PLACEMENT_3D('',#11179,#9299,#9300);
#8833=AXIS2_PLACEMENT_3D('',#11185,#9304,#9305);
#8834=AXIS2_PLACEMENT_3D('',#11189,#9308,#9309);
#8835=AXIS2_PLACEMENT_3D('',#11195,#9313,#9314);
#8836=AXIS2_PLACEMENT_3D('',#11199,#9317,#9318);
#8837=AXIS2_PLACEMENT_3D('',#11203,#9321,#9322);
#8838=AXIS2_PLACEMENT_3D('',#11207,#9325,#9326);
#8839=AXIS2_PLACEMENT_3D('',#11209,#9328,#9329);
#8840=AXIS2_PLACEMENT_3D('',#11213,#9332,#9333);
#8841=AXIS2_PLACEMENT_3D('',#11217,#9336,#9337);
#8842=AXIS2_PLACEMENT_3D('',#11221,#9340,#9341);
#8843=AXIS2_PLACEMENT_3D('',#11314,#9348,#9349);
#8844=AXIS2_PLACEMENT_3D('',#11320,#9353,#9354);
#8845=AXIS2_PLACEMENT_3D('',#11501,#9366,#9367);
#8846=AXIS2_PLACEMENT_3D('',#11507,#9371,#9372);
#8847=AXIS2_PLACEMENT_3D('',#11598,#9379,#9380);
#8848=AXIS2_PLACEMENT_3D('',#11599,#9381,#9382);
#8849=AXIS2_PLACEMENT_3D('',#11735,#9387,#9388);
#8850=AXIS2_PLACEMENT_3D('',#11853,#9400,#9401);
#8851=AXIS2_PLACEMENT_3D('',#11857,#9404,#9405);
#8852=AXIS2_PLACEMENT_3D('',#11973,#9416,#9417);
#8853=AXIS2_PLACEMENT_3D('',#11975,#9419,#9420);
#8854=AXIS2_PLACEMENT_3D('',#12159,#9433,#9434);
#8855=AXIS2_PLACEMENT_3D('',#12165,#9438,#9439);
#8856=AXIS2_PLACEMENT_3D('',#12345,#9451,#9452);
#8857=AXIS2_PLACEMENT_3D('',#12348,#9455,#9456);
#8858=AXIS2_PLACEMENT_3D('',#12349,#9457,#9458);
#8859=AXIS2_PLACEMENT_3D('',#12426,#9465,#9466);
#8860=AXIS2_PLACEMENT_3D('',#12432,#9470,#9471);
#8861=AXIS2_PLACEMENT_3D('',#12436,#9474,#9475);
#8862=AXIS2_PLACEMENT_3D('',#12496,#9482,#9483);
#8863=AXIS2_PLACEMENT_3D('',#12500,#9486,#9487);
#8864=AXIS2_PLACEMENT_3D('',#12504,#9490,#9491);
#8865=AXIS2_PLACEMENT_3D('',#12562,#9497,#9498);
#8866=AXIS2_PLACEMENT_3D('',#12571,#9503,#9504);
#8867=AXIS2_PLACEMENT_3D('',#12577,#9508,#9509);
#8868=AXIS2_PLACEMENT_3D('',#12583,#9513,#9514);
#8869=AXIS2_PLACEMENT_3D('',#12589,#9518,#9519);
#8870=AXIS2_PLACEMENT_3D('',#12595,#9523,#9524);
#8871=AXIS2_PLACEMENT_3D('',#12601,#9528,#9529);
#8872=AXIS2_PLACEMENT_3D('',#12607,#9533,#9534);
#8873=AXIS2_PLACEMENT_3D('',#12613,#9538,#9539);
#8874=AXIS2_PLACEMENT_3D('',#12619,#9543,#9544);
#8875=AXIS2_PLACEMENT_3D('',#12625,#9548,#9549);
#8876=AXIS2_PLACEMENT_3D('',#12631,#9553,#9554);
#8877=AXIS2_PLACEMENT_3D('',#12634,#9557,#9558);
#8878=AXIS2_PLACEMENT_3D('',#12635,#9559,#9560);
#8879=AXIS2_PLACEMENT_3D('',#12828,#9570,#9571);
#8880=AXIS2_PLACEMENT_3D('',#12832,#9574,#9575);
#8881=AXIS2_PLACEMENT_3D('',#12948,#9586,#9587);
#8882=AXIS2_PLACEMENT_3D('',#12952,#9590,#9591);
#8883=AXIS2_PLACEMENT_3D('',#13010,#9597,#9598);
#8884=AXIS2_PLACEMENT_3D('',#13019,#9603,#9604);
#8885=AXIS2_PLACEMENT_3D('',#13025,#9608,#9609);
#8886=AXIS2_PLACEMENT_3D('',#13031,#9613,#9614);
#8887=AXIS2_PLACEMENT_3D('',#13037,#9618,#9619);
#8888=AXIS2_PLACEMENT_3D('',#13043,#9623,#9624);
#8889=AXIS2_PLACEMENT_3D('',#13049,#9628,#9629);
#8890=AXIS2_PLACEMENT_3D('',#13055,#9633,#9634);
#8891=AXIS2_PLACEMENT_3D('',#13058,#9637,#9638);
#8892=AXIS2_PLACEMENT_3D('',#13059,#9639,#9640);
#8893=AXIS2_PLACEMENT_3D('',#13080,#9651,#9652);
#8894=AXIS2_PLACEMENT_3D('',#13086,#9656,#9657);
#8895=AXIS2_PLACEMENT_3D('',#13090,#9660,#9661);
#8896=AXIS2_PLACEMENT_3D('',#13094,#9664,#9665);
#8897=AXIS2_PLACEMENT_3D('',#13098,#9668,#9669);
#8898=AXIS2_PLACEMENT_3D('',#13102,#9672,#9673);
#8899=AXIS2_PLACEMENT_3D('',#13106,#9676,#9677);
#8900=AXIS2_PLACEMENT_3D('',#13110,#9680,#9681);
#8901=AXIS2_PLACEMENT_3D('',#13114,#9684,#9685);
#8902=AXIS2_PLACEMENT_3D('',#13118,#9688,#9689);
#8903=AXIS2_PLACEMENT_3D('',#13120,#9691,#9692);
#8904=AXIS2_PLACEMENT_3D('',#13129,#9697,#9698);
#8905=AXIS2_PLACEMENT_3D('',#13135,#9702,#9703);
#8906=AXIS2_PLACEMENT_3D('',#13141,#9707,#9708);
#8907=AXIS2_PLACEMENT_3D('',#13147,#9712,#9713);
#8908=AXIS2_PLACEMENT_3D('',#13200,#9720,#9721);
#8909=AXIS2_PLACEMENT_3D('',#13206,#9725,#9726);
#8910=AXIS2_PLACEMENT_3D('',#13212,#9730,#9731);
#8911=AXIS2_PLACEMENT_3D('',#13218,#9735,#9736);
#8912=AXIS2_PLACEMENT_3D('',#13331,#9744,#9745);
#8913=AXIS2_PLACEMENT_3D('',#13337,#9749,#9750);
#8914=AXIS2_PLACEMENT_3D('',#13340,#9753,#9754);
#8915=AXIS2_PLACEMENT_3D('',#13341,#9755,#9756);
#8916=AXIS2_PLACEMENT_3D('',#13366,#9769,#9770);
#8917=AXIS2_PLACEMENT_3D('',#13372,#9774,#9775);
#8918=AXIS2_PLACEMENT_3D('',#13376,#9778,#9779);
#8919=AXIS2_PLACEMENT_3D('',#13380,#9782,#9783);
#8920=AXIS2_PLACEMENT_3D('',#13384,#9786,#9787);
#8921=AXIS2_PLACEMENT_3D('',#13388,#9790,#9791);
#8922=AXIS2_PLACEMENT_3D('',#13392,#9794,#9795);
#8923=AXIS2_PLACEMENT_3D('',#13396,#9798,#9799);
#8924=AXIS2_PLACEMENT_3D('',#13400,#9802,#9803);
#8925=AXIS2_PLACEMENT_3D('',#13404,#9806,#9807);
#8926=AXIS2_PLACEMENT_3D('',#13408,#9810,#9811);
#8927=AXIS2_PLACEMENT_3D('',#13412,#9814,#9815);
#8928=AXIS2_PLACEMENT_3D('',#13414,#9817,#9818);
#8929=AXIS2_PLACEMENT_3D('',#13517,#9827,#9828);
#8930=AXIS2_PLACEMENT_3D('',#13526,#9833,#9834);
#8931=AXIS2_PLACEMENT_3D('',#13532,#9838,#9839);
#8932=AXIS2_PLACEMENT_3D('',#13538,#9843,#9844);
#8933=AXIS2_PLACEMENT_3D('',#13544,#9848,#9849);
#8934=AXIS2_PLACEMENT_3D('',#13550,#9853,#9854);
#8935=AXIS2_PLACEMENT_3D('',#13553,#9857,#9858);
#8936=AXIS2_PLACEMENT_3D('',#13562,#9863,#9864);
#8937=AXIS2_PLACEMENT_3D('',#13568,#9868,#9869);
#8938=AXIS2_PLACEMENT_3D('',#13571,#9872,#9873);
#8939=AXIS2_PLACEMENT_3D('',#13661,#9880,#9881);
#8940=AXIS2_PLACEMENT_3D('',#13667,#9885,#9886);
#8941=AXIS2_PLACEMENT_3D('',#13849,#9898,#9899);
#8942=AXIS2_PLACEMENT_3D('',#13852,#9902,#9903);
#8943=AXIS2_PLACEMENT_3D('',#13853,#9904,#9905);
#8944=AXIS2_PLACEMENT_3D('',#13878,#9918,#9919);
#8945=AXIS2_PLACEMENT_3D('',#13884,#9923,#9924);
#8946=AXIS2_PLACEMENT_3D('',#13888,#9927,#9928);
#8947=AXIS2_PLACEMENT_3D('',#13892,#9931,#9932);
#8948=AXIS2_PLACEMENT_3D('',#13896,#9935,#9936);
#8949=AXIS2_PLACEMENT_3D('',#13900,#9939,#9940);
#8950=AXIS2_PLACEMENT_3D('',#13904,#9943,#9944);
#8951=AXIS2_PLACEMENT_3D('',#13908,#9947,#9948);
#8952=AXIS2_PLACEMENT_3D('',#13912,#9951,#9952);
#8953=AXIS2_PLACEMENT_3D('',#13916,#9955,#9956);
#8954=AXIS2_PLACEMENT_3D('',#13920,#9959,#9960);
#8955=AXIS2_PLACEMENT_3D('',#13924,#9963,#9964);
#8956=AXIS2_PLACEMENT_3D('',#13926,#9966,#9967);
#8957=AXIS2_PLACEMENT_3D('',#13935,#9972,#9973);
#8958=AXIS2_PLACEMENT_3D('',#13941,#9977,#9978);
#8959=AXIS2_PLACEMENT_3D('',#13947,#9982,#9983);
#8960=AXIS2_PLACEMENT_3D('',#13953,#9987,#9988);
#8961=AXIS2_PLACEMENT_3D('',#13959,#9992,#9993);
#8962=AXIS2_PLACEMENT_3D('',#13962,#9996,#9997);
#8963=AXIS2_PLACEMENT_3D('',#13963,#9998,#9999);
#8964=AXIS2_PLACEMENT_3D('',#14040,#10006,#10007);
#8965=AXIS2_PLACEMENT_3D('',#14046,#10011,#10012);
#8966=AXIS2_PLACEMENT_3D('',#14136,#10022,#10023);
#8967=AXIS2_PLACEMENT_3D('',#14166,#10027,#10028);
#8968=AXIS2_PLACEMENT_3D('',#14170,#10031,#10032);
#8969=AXIS2_PLACEMENT_3D('',#14174,#10035,#10036);
#8970=AXIS2_PLACEMENT_3D('',#14176,#10038,#10039);
#8971=AXIS2_PLACEMENT_3D('',#14185,#10044,#10045);
#8972=AXIS2_PLACEMENT_3D('',#14191,#10049,#10050);
#8973=AXIS2_PLACEMENT_3D('',#14197,#10054,#10055);
#8974=AXIS2_PLACEMENT_3D('',#14203,#10059,#10060);
#8975=AXIS2_PLACEMENT_3D('',#14209,#10064,#10065);
#8976=AXIS2_PLACEMENT_3D('',#14215,#10069,#10070);
#8977=AXIS2_PLACEMENT_3D('',#14221,#10074,#10075);
#8978=AXIS2_PLACEMENT_3D('',#14227,#10079,#10080);
#8979=AXIS2_PLACEMENT_3D('',#14233,#10084,#10085);
#8980=AXIS2_PLACEMENT_3D('',#14236,#10088,#10089);
#8981=AXIS2_PLACEMENT_3D('',#14237,#10090,#10091);
#8982=AXIS2_PLACEMENT_3D('',#14262,#10104,#10105);
#8983=AXIS2_PLACEMENT_3D('',#14268,#10109,#10110);
#8984=AXIS2_PLACEMENT_3D('',#14272,#10113,#10114);
#8985=AXIS2_PLACEMENT_3D('',#14276,#10117,#10118);
#8986=AXIS2_PLACEMENT_3D('',#14280,#10121,#10122);
#8987=AXIS2_PLACEMENT_3D('',#14284,#10125,#10126);
#8988=AXIS2_PLACEMENT_3D('',#14288,#10129,#10130);
#8989=AXIS2_PLACEMENT_3D('',#14292,#10133,#10134);
#8990=AXIS2_PLACEMENT_3D('',#14296,#10137,#10138);
#8991=AXIS2_PLACEMENT_3D('',#14300,#10141,#10142);
#8992=AXIS2_PLACEMENT_3D('',#14304,#10145,#10146);
#8993=AXIS2_PLACEMENT_3D('',#14308,#10149,#10150);
#8994=AXIS2_PLACEMENT_3D('',#14310,#10152,#10153);
#8995=AXIS2_PLACEMENT_3D('',#14319,#10158,#10159);
#8996=AXIS2_PLACEMENT_3D('',#14325,#10163,#10164);
#8997=AXIS2_PLACEMENT_3D('',#14331,#10168,#10169);
#8998=AXIS2_PLACEMENT_3D('',#14337,#10173,#10174);
#8999=AXIS2_PLACEMENT_3D('',#14390,#10181,#10182);
#9000=AXIS2_PLACEMENT_3D('',#14396,#10186,#10187);
#9001=AXIS2_PLACEMENT_3D('',#14402,#10191,#10192);
#9002=AXIS2_PLACEMENT_3D('',#14408,#10196,#10197);
#9003=AXIS2_PLACEMENT_3D('',#14521,#10205,#10206);
#9004=AXIS2_PLACEMENT_3D('',#14527,#10210,#10211);
#9005=AXIS2_PLACEMENT_3D('',#14530,#10214,#10215);
#9006=AXIS2_PLACEMENT_3D('',#14531,#10216,#10217);
#9007=AXIS2_PLACEMENT_3D('',#14540,#10222,#10223);
#9008=AXIS2_PLACEMENT_3D('',#14546,#10227,#10228);
#9009=AXIS2_PLACEMENT_3D('',#14550,#10231,#10232);
#9010=AXIS2_PLACEMENT_3D('',#14554,#10235,#10236);
#9011=AXIS2_PLACEMENT_3D('',#14556,#10238,#10239);
#9012=AXIS2_PLACEMENT_3D('',#14565,#10244,#10245);
#9013=AXIS2_PLACEMENT_3D('',#14571,#10249,#10250);
#9014=AXIS2_PLACEMENT_3D('',#14577,#10254,#10255);
#9015=AXIS2_PLACEMENT_3D('',#14583,#10259,#10260);
#9016=AXIS2_PLACEMENT_3D('',#14589,#10264,#10265);
#9017=AXIS2_PLACEMENT_3D('',#14595,#10269,#10270);
#9018=AXIS2_PLACEMENT_3D('',#14598,#10273,#10274);
#9019=AXIS2_PLACEMENT_3D('',#14599,#10275,#10276);
#9020=AXIS2_PLACEMENT_3D('',#14864,#10289,#10290);
#9021=AXIS2_PLACEMENT_3D('',#14873,#10295,#10296);
#9022=AXIS2_PLACEMENT_3D('',#15011,#10306,#10307);
#9023=AXIS2_PLACEMENT_3D('',#15017,#10311,#10312);
#9024=AXIS2_PLACEMENT_3D('',#15023,#10316,#10317);
#9025=AXIS2_PLACEMENT_3D('',#15029,#10321,#10322);
#9026=AXIS2_PLACEMENT_3D('',#15142,#10330,#10331);
#9027=AXIS2_PLACEMENT_3D('',#15143,#10332,#10333);
#9028=AXIS2_PLACEMENT_3D('',#15152,#10338,#10339);
#9029=AXIS2_PLACEMENT_3D('',#15158,#10343,#10344);
#9030=AXIS2_PLACEMENT_3D('',#15162,#10347,#10348);
#9031=AXIS2_PLACEMENT_3D('',#15166,#10351,#10352);
#9032=AXIS2_PLACEMENT_3D('',#15168,#10354,#10355);
#9033=AXIS2_PLACEMENT_3D('',#15177,#10360,#10361);
#9034=AXIS2_PLACEMENT_3D('',#15315,#10371,#10372);
#9035=AXIS2_PLACEMENT_3D('',#15321,#10376,#10377);
#9036=AXIS2_PLACEMENT_3D('',#15327,#10381,#10382);
#9037=AXIS2_PLACEMENT_3D('',#15333,#10386,#10387);
#9038=AXIS2_PLACEMENT_3D('',#15446,#10395,#10396);
#9039=AXIS2_PLACEMENT_3D('',#15447,#10397,#10398);
#9040=AXIS2_PLACEMENT_3D('',#15712,#10411,#10412);
#9041=AXIS2_PLACEMENT_3D('',#15721,#10417,#10418);
#9042=AXIS2_PLACEMENT_3D('',#16143,#10440,#10441);
#9043=AXIS2_PLACEMENT_3D('',#16144,#10442,#10443);
#9044=AXIS2_PLACEMENT_3D('',#16145,#10444,#10445);
#9045=AXIS2_PLACEMENT_3D('',#16147,#10446,#10447);
#9046=AXIS2_PLACEMENT_3D('',#16149,#10448,#10449);
#9047=AXIS2_PLACEMENT_3D('',#16151,#10450,#10451);
#9048=AXIS2_PLACEMENT_3D('',#16153,#10452,#10453);
#9049=AXIS2_PLACEMENT_3D('',#16155,#10454,#10455);
#9050=AXIS2_PLACEMENT_3D('',#16156,#10456,#10457);
#9051=AXIS2_PLACEMENT_3D('',#16157,#10458,#10459);
#9052=AXIS2_PLACEMENT_3D('',#16158,#10460,#10461);
#9053=AXIS2_PLACEMENT_3D('',#16159,#10462,#10463);
#9054=AXIS2_PLACEMENT_3D('',#16160,#10464,#10465);
#9055=AXIS2_PLACEMENT_3D('',#16161,#10466,#10467);
#9056=AXIS2_PLACEMENT_3D('',#16162,#10468,#10469);
#9057=AXIS2_PLACEMENT_3D('',#16163,#10470,#10471);
#9058=AXIS2_PLACEMENT_3D('',#16166,#10473,#10474);
#9059=AXIS2_PLACEMENT_3D('',#16167,#10475,#10476);
#9060=AXIS2_PLACEMENT_3D('',#16170,#10478,#10479);
#9061=AXIS2_PLACEMENT_3D('',#16171,#10480,#10481);
#9062=AXIS2_PLACEMENT_3D('',#16174,#10483,#10484);
#9063=AXIS2_PLACEMENT_3D('',#16175,#10485,#10486);
#9064=AXIS2_PLACEMENT_3D('',#16177,#10487,#10488);
#9065=AXIS2_PLACEMENT_3D('',#16180,#10490,#10491);
#9066=AXIS2_PLACEMENT_3D('',#16181,#10492,#10493);
#9067=AXIS2_PLACEMENT_3D('',#16183,#10494,#10495);
#9068=AXIS2_PLACEMENT_3D('',#16184,#10496,#10497);
#9069=AXIS2_PLACEMENT_3D('',#16186,#10498,#10499);
#9070=AXIS2_PLACEMENT_3D('',#16188,#10501,#10502);
#9071=AXIS2_PLACEMENT_3D('',#16190,#10503,#10504);
#9072=AXIS2_PLACEMENT_3D('',#16192,#10506,#10507);
#9073=AXIS2_PLACEMENT_3D('',#16194,#10509,#10510);
#9074=AXIS2_PLACEMENT_3D('',#16195,#10511,#10512);
#9075=AXIS2_PLACEMENT_3D('',#16198,#10514,#10515);
#9076=AXIS2_PLACEMENT_3D('',#16199,#10516,#10517);
#9077=DIRECTION('axis',(0.,0.,1.));
#9078=DIRECTION('refdir',(1.,0.,0.));
#9079=DIRECTION('center_axis',(0.,1.,0.));
#9080=DIRECTION('ref_axis',(0.,0.,1.));
#9081=DIRECTION('',(-0.7087302891376,0.,0.705479537094404));
#9082=DIRECTION('',(0.705479537094405,0.,0.708730289137599));
#9083=DIRECTION('',(0.708730289137605,0.,-0.705479537094398));
#9084=DIRECTION('',(-0.705479537094405,0.,-0.708730289137599));
#9085=DIRECTION('',(-0.708730289137594,0.,0.70547953709441));
#9086=DIRECTION('',(0.70547953709441,0.,0.708730289137593));
#9087=DIRECTION('',(0.,1.,0.));
#9088=DIRECTION('',(0.,1.,0.));
#9089=DIRECTION('',(0.,1.,0.));
#9090=DIRECTION('',(0.,1.,0.));
#9091=DIRECTION('',(0.,1.,0.));
#9092=DIRECTION('',(0.,1.,0.));
#9093=DIRECTION('center_axis',(-0.708730289137599,0.,0.705479537094405));
#9094=DIRECTION('ref_axis',(0.705479537094405,0.,0.708730289137599));
#9095=DIRECTION('',(-0.705479537094405,0.,-0.708730289137599));
#9096=DIRECTION('',(0.,1.,0.));
#9097=DIRECTION('center_axis',(-0.705479537094398,0.,-0.708730289137605));
#9098=DIRECTION('ref_axis',(-0.708730289137605,0.,0.705479537094398));
#9099=DIRECTION('',(0.708730289137605,0.,-0.705479537094398));
#9100=DIRECTION('',(0.,1.,0.));
#9101=DIRECTION('center_axis',(0.708730289137599,0.,-0.705479537094405));
#9102=DIRECTION('ref_axis',(-0.705479537094405,0.,-0.708730289137599));
#9103=DIRECTION('',(0.705479537094405,0.,0.708730289137599));
#9104=DIRECTION('',(0.,1.,0.));
#9105=DIRECTION('center_axis',(0.705479537094404,0.,0.7087302891376));
#9106=DIRECTION('ref_axis',(0.7087302891376,0.,-0.705479537094404));
#9107=DIRECTION('',(-0.7087302891376,0.,0.705479537094404));
#9108=DIRECTION('',(0.,1.,0.));
#9109=DIRECTION('',(0.,1.,0.));
#9110=DIRECTION('',(0.,1.,0.));
#9111=DIRECTION('',(0.,1.,0.));
#9112=DIRECTION('',(0.,1.,0.));
#9113=DIRECTION('',(0.,1.,0.));
#9114=DIRECTION('',(0.,1.,0.));
#9115=DIRECTION('center_axis',(0.708730289137593,0.,-0.70547953709441));
#9116=DIRECTION('ref_axis',(-0.70547953709441,0.,-0.708730289137593));
#9117=DIRECTION('',(0.70547953709441,0.,0.708730289137593));
#9118=DIRECTION('',(0.,1.,0.));
#9119=DIRECTION('center_axis',(0.70547953709441,0.,0.708730289137594));
#9120=DIRECTION('ref_axis',(0.708730289137594,0.,-0.70547953709441));
#9121=DIRECTION('',(-0.708730289137594,0.,0.70547953709441));
#9122=DIRECTION('center_axis',(0.731130311771854,0.,0.682237837713794));
#9123=DIRECTION('ref_axis',(0.682237837713793,0.,-0.731130311771853));
#9124=DIRECTION('',(-0.682237837713793,0.,0.731130311771853));
#9125=DIRECTION('',(0.,1.,0.));
#9126=DIRECTION('',(-0.682237837713793,0.,0.731130311771853));
#9127=DIRECTION('',(0.,1.,0.));
#9128=DIRECTION('center_axis',(-0.423146205403335,0.,0.906061415607551));
#9129=DIRECTION('ref_axis',(0.906061415607551,0.,0.423146205403335));
#9130=DIRECTION('',(-0.906061415607551,0.,-0.423146205403335));
#9131=DIRECTION('',(0.,1.,0.));
#9132=DIRECTION('',(-0.906061415607551,0.,-0.423146205403335));
#9133=DIRECTION('center_axis',(0.731130311771847,0.,0.6822378377138));
#9134=DIRECTION('ref_axis',(0.6822378377138,0.,-0.731130311771847));
#9135=DIRECTION('',(-0.6822378377138,0.,0.731130311771847));
#9136=DIRECTION('',(0.,1.,0.));
#9137=DIRECTION('',(-0.6822378377138,0.,0.731130311771847));
#9138=DIRECTION('center_axis',(0.412930012994331,0.,-0.910762759651767));
#9139=DIRECTION('ref_axis',(-0.910762759651766,0.,-0.412930012994331));
#9140=DIRECTION('',(0.910762759651766,0.,0.412930012994331));
#9141=DIRECTION('',(0.,1.,0.));
#9142=DIRECTION('',(0.910762759651766,0.,0.412930012994331));
#9143=DIRECTION('center_axis',(0.419781891076729,0.,-0.907625012835171));
#9144=DIRECTION('ref_axis',(-0.907625012835171,0.,-0.419781891076729));
#9145=DIRECTION('',(-0.907625012835171,0.,-0.419781891076729));
#9146=DIRECTION('',(0.,1.,0.));
#9147=DIRECTION('',(-0.907625012835171,0.,-0.419781891076729));
#9148=DIRECTION('',(0.,1.,0.));
#9149=DIRECTION('center_axis',(-0.731130311771848,0.,-0.682237837713799));
#9150=DIRECTION('ref_axis',(-0.682237837713799,0.,0.731130311771848));
#9151=DIRECTION('',(0.682237837713799,0.,-0.731130311771848));
#9152=DIRECTION('',(0.,1.,0.));
#9153=DIRECTION('',(0.682237837713799,0.,-0.731130311771848));
#9154=DIRECTION('center_axis',(-0.88005087516765,0.,0.474879413237354));
#9155=DIRECTION('ref_axis',(0.474879413237354,0.,0.88005087516765));
#9156=DIRECTION('',(-0.474879413237354,0.,-0.88005087516765));
#9157=DIRECTION('',(0.,1.,0.));
#9158=DIRECTION('',(-0.474879413237354,0.,-0.88005087516765));
#9159=DIRECTION('center_axis',(0.731130311771852,0.,0.682237837713796));
#9160=DIRECTION('ref_axis',(0.682237837713796,0.,-0.731130311771852));
#9161=DIRECTION('',(-0.682237837713796,0.,0.731130311771852));
#9162=DIRECTION('',(0.,1.,0.));
#9163=DIRECTION('',(-0.682237837713796,0.,0.731130311771852));
#9164=DIRECTION('center_axis',(0.874654799350178,0.,-0.484746306818009));
#9165=DIRECTION('ref_axis',(-0.484746306818009,0.,-0.874654799350178));
#9166=DIRECTION('',(0.484746306818009,0.,0.874654799350178));
#9167=DIRECTION('',(0.484746306818009,0.,0.874654799350178));
#9168=DIRECTION('center_axis',(0.731130311771853,0.,0.682237837713794));
#9169=DIRECTION('ref_axis',(0.682237837713794,0.,-0.731130311771853));
#9170=DIRECTION('',(0.682237837713794,0.,-0.731130311771853));
#9171=DIRECTION('',(0.,1.,0.));
#9172=DIRECTION('',(0.682237837713794,0.,-0.731130311771853));
#9173=DIRECTION('center_axis',(-0.875697791971805,0.,0.482859583249318));
#9174=DIRECTION('ref_axis',(0.482859583249318,0.,0.875697791971805));
#9175=DIRECTION('',(0.482859583249318,0.,0.875697791971805));
#9176=DIRECTION('',(0.482859583249318,0.,0.875697791971805));
#9177=DIRECTION('center_axis',(0.,1.,0.));
#9178=DIRECTION('ref_axis',(0.,0.,1.));
#9179=DIRECTION('center_axis',(0.,1.,0.));
#9180=DIRECTION('ref_axis',(0.,0.,1.));
#9181=DIRECTION('',(0.739333490686719,0.,-0.673339431155632));
#9182=DIRECTION('',(-0.673339431155633,0.,-0.739333490686719));
#9183=DIRECTION('',(-0.739333490686712,0.,0.67333943115564));
#9184=DIRECTION('',(0.739333490686715,0.,-0.673339431155637));
#9185=DIRECTION('',(0.673339431155633,0.,0.739333490686718));
#9186=DIRECTION('',(-0.739333490686715,0.,0.673339431155637));
#9187=DIRECTION('center_axis',(-0.739333490686718,0.,0.673339431155633));
#9188=DIRECTION('ref_axis',(0.673339431155633,0.,0.739333490686718));
#9189=DIRECTION('',(0.673339431155633,0.,0.739333490686718));
#9190=DIRECTION('',(0.,1.,0.));
#9191=DIRECTION('',(0.,1.,0.));
#9192=DIRECTION('center_axis',(0.673339431155637,0.,0.739333490686715));
#9193=DIRECTION('ref_axis',(0.739333490686715,0.,-0.673339431155637));
#9194=DIRECTION('',(0.739333490686715,0.,-0.673339431155637));
#9195=DIRECTION('',(0.,1.,0.));
#9196=DIRECTION('',(0.,1.,0.));
#9197=DIRECTION('',(0.,1.,0.));
#9198=DIRECTION('',(0.,1.,0.));
#9199=DIRECTION('',(0.,1.,0.));
#9200=DIRECTION('',(0.,1.,0.));
#9201=DIRECTION('',(0.,1.,0.));
#9202=DIRECTION('',(0.,1.,0.));
#9203=DIRECTION('center_axis',(-0.673339431155637,0.,-0.739333490686715));
#9204=DIRECTION('ref_axis',(-0.739333490686715,0.,0.673339431155637));
#9205=DIRECTION('',(-0.739333490686715,0.,0.673339431155637));
#9206=DIRECTION('',(0.,1.,0.));
#9207=DIRECTION('',(0.,1.,0.));
#9208=DIRECTION('center_axis',(0.67333943115564,0.,0.739333490686712));
#9209=DIRECTION('ref_axis',(0.739333490686712,0.,-0.67333943115564));
#9210=DIRECTION('',(-0.739333490686712,0.,0.67333943115564));
#9211=DIRECTION('',(0.,1.,0.));
#9212=DIRECTION('center_axis',(-0.739333490686719,0.,0.673339431155633));
#9213=DIRECTION('ref_axis',(0.673339431155633,0.,0.739333490686719));
#9214=DIRECTION('',(-0.673339431155633,0.,-0.739333490686719));
#9215=DIRECTION('',(0.,1.,0.));
#9216=DIRECTION('center_axis',(-0.673339431155632,0.,-0.739333490686719));
#9217=DIRECTION('ref_axis',(-0.739333490686719,0.,0.673339431155632));
#9218=DIRECTION('',(0.739333490686719,0.,-0.673339431155632));
#9219=DIRECTION('center_axis',(-0.616057893467186,0.,0.787700877171514));
#9220=DIRECTION('ref_axis',(0.787700877171514,0.,0.616057893467186));
#9221=DIRECTION('',(-0.787700877171514,0.,-0.616057893467186));
#9222=DIRECTION('',(0.,1.,0.));
#9223=DIRECTION('',(-0.787700877171514,0.,-0.616057893467186));
#9224=DIRECTION('',(0.,1.,0.));
#9225=DIRECTION('center_axis',(0.78770087717151,0.,0.616057893467192));
#9226=DIRECTION('ref_axis',(0.616057893467192,0.,-0.78770087717151));
#9227=DIRECTION('',(-0.616057893467192,0.,0.78770087717151));
#9228=DIRECTION('',(0.,1.,0.));
#9229=DIRECTION('',(-0.616057893467192,0.,0.78770087717151));
#9230=DIRECTION('center_axis',(0.616057893467185,0.,-0.787700877171515));
#9231=DIRECTION('ref_axis',(-0.787700877171515,0.,-0.616057893467185));
#9232=DIRECTION('',(0.787700877171515,0.,0.616057893467185));
#9233=DIRECTION('',(0.,1.,0.));
#9234=DIRECTION('',(0.787700877171515,0.,0.616057893467185));
#9235=DIRECTION('center_axis',(-0.245661580562272,0.,0.969355656008488));
#9236=DIRECTION('ref_axis',(0.969355656008488,0.,0.245661580562272));
#9237=DIRECTION('',(-0.969355656008488,0.,-0.245661580562272));
#9238=DIRECTION('',(0.,1.,0.));
#9239=DIRECTION('',(-0.969355656008488,0.,-0.245661580562272));
#9240=DIRECTION('center_axis',(0.787700877171524,0.,0.616057893467174));
#9241=DIRECTION('ref_axis',(0.616057893467174,0.,-0.787700877171524));
#9242=DIRECTION('',(-0.616057893467174,0.,0.787700877171524));
#9243=DIRECTION('',(0.,1.,0.));
#9244=DIRECTION('',(-0.616057893467174,0.,0.787700877171524));
#9245=DIRECTION('center_axis',(0.883237648578566,0.,-0.468925640302815));
#9246=DIRECTION('ref_axis',(-0.468925640302815,0.,-0.883237648578566));
#9247=DIRECTION('',(0.468925640302815,0.,0.883237648578566));
#9248=DIRECTION('',(0.,1.,0.));
#9249=DIRECTION('',(0.468925640302815,0.,0.883237648578566));
#9250=DIRECTION('center_axis',(-0.616057893467185,0.,0.787700877171515));
#9251=DIRECTION('ref_axis',(0.787700877171515,0.,0.616057893467185));
#9252=DIRECTION('',(-0.787700877171515,0.,-0.616057893467185));
#9253=DIRECTION('',(0.,1.,0.));
#9254=DIRECTION('',(-0.787700877171515,0.,-0.616057893467185));
#9255=DIRECTION('center_axis',(0.787700877171513,0.,0.616057893467188));
#9256=DIRECTION('ref_axis',(0.616057893467188,0.,-0.787700877171513));
#9257=DIRECTION('',(-0.616057893467188,0.,0.787700877171513));
#9258=DIRECTION('',(0.,1.,0.));
#9259=DIRECTION('',(-0.616057893467188,0.,0.787700877171513));
#9260=DIRECTION('center_axis',(0.616057893467186,0.,-0.787700877171515));
#9261=DIRECTION('ref_axis',(-0.787700877171515,0.,-0.616057893467185));
#9262=DIRECTION('',(0.787700877171515,0.,0.616057893467185));
#9263=DIRECTION('',(0.,1.,0.));
#9264=DIRECTION('',(0.787700877171515,0.,0.616057893467185));
#9265=DIRECTION('center_axis',(-0.787700877171516,0.,-0.616057893467184));
#9266=DIRECTION('ref_axis',(-0.616057893467184,0.,0.787700877171516));
#9267=DIRECTION('',(0.616057893467184,0.,-0.787700877171516));
#9268=DIRECTION('',(0.,1.,0.));
#9269=DIRECTION('',(0.616057893467184,0.,-0.787700877171516));
#9270=DIRECTION('center_axis',(-0.878638690505957,0.,0.477487226578866));
#9271=DIRECTION('ref_axis',(0.477487226578865,0.,0.878638690505957));
#9272=DIRECTION('',(-0.477487226578865,0.,-0.878638690505957));
#9273=DIRECTION('',(0.,1.,0.));
#9274=DIRECTION('',(-0.477487226578865,0.,-0.878638690505957));
#9275=DIRECTION('center_axis',(0.239904304706993,0.,-0.97079654129125));
#9276=DIRECTION('ref_axis',(-0.97079654129125,0.,-0.239904304706993));
#9277=DIRECTION('',(0.97079654129125,0.,0.239904304706993));
#9278=DIRECTION('',(0.,1.,0.));
#9279=DIRECTION('',(0.97079654129125,0.,0.239904304706993));
#9280=DIRECTION('center_axis',(-0.787700877171511,0.,-0.61605789346719));
#9281=DIRECTION('ref_axis',(-0.61605789346719,0.,0.787700877171511));
#9282=DIRECTION('',(0.61605789346719,0.,-0.787700877171511));
#9283=DIRECTION('',(0.61605789346719,0.,-0.787700877171511));
#9284=DIRECTION('center_axis',(0.,1.,0.));
#9285=DIRECTION('ref_axis',(0.,0.,1.));
#9286=DIRECTION('center_axis',(0.,1.,0.));
#9287=DIRECTION('ref_axis',(0.,0.,1.));
#9288=DIRECTION('',(0.545208221830983,0.,-0.838300658980952));
#9289=DIRECTION('',(-0.620208598520043,0.,-0.784436928198695));
#9290=DIRECTION('',(-0.545208221830971,0.,0.838300658980959));
#9291=DIRECTION('',(0.628991041521052,0.,0.777412547934661));
#9292=DIRECTION('',(-0.545208221830974,0.,0.838300658980957));
#9293=DIRECTION('',(-0.965683685340725,0.,-0.259721042402721));
#9294=DIRECTION('',(-0.545208221830971,0.,0.838300658980959));
#9295=DIRECTION('',(0.968543403608987,0.,0.248844681127645));
#9296=DIRECTION('',(0.54520822183098,0.,-0.838300658980954));
#9297=DIRECTION('',(0.627313619418136,0.,0.778766732014483));
#9298=DIRECTION('',(-0.966640580331254,0.,-0.256136659728465));
#9299=DIRECTION('center_axis',(-0.778766732014483,0.,0.627313619418136));
#9300=DIRECTION('ref_axis',(0.627313619418136,0.,0.778766732014483));
#9301=DIRECTION('',(0.627313619418136,0.,0.778766732014483));
#9302=DIRECTION('',(0.,1.,0.));
#9303=DIRECTION('',(0.,1.,0.));
#9304=DIRECTION('center_axis',(0.838300658980954,0.,0.54520822183098));
#9305=DIRECTION('ref_axis',(0.54520822183098,0.,-0.838300658980954));
#9306=DIRECTION('',(0.54520822183098,0.,-0.838300658980954));
#9307=DIRECTION('',(0.,1.,0.));
#9308=DIRECTION('center_axis',(0.777412547934661,0.,-0.628991041521052));
#9309=DIRECTION('ref_axis',(-0.628991041521052,0.,-0.777412547934661));
#9310=DIRECTION('',(0.628991041521052,0.,0.777412547934661));
#9311=DIRECTION('',(0.,1.,0.));
#9312=DIRECTION('',(0.,1.,0.));
#9313=DIRECTION('center_axis',(0.838300658980959,0.,0.545208221830971));
#9314=DIRECTION('ref_axis',(0.545208221830971,0.,-0.838300658980959));
#9315=DIRECTION('',(-0.545208221830971,0.,0.838300658980959));
#9316=DIRECTION('',(0.,1.,0.));
#9317=DIRECTION('center_axis',(-0.784436928198695,0.,0.620208598520043));
#9318=DIRECTION('ref_axis',(0.620208598520043,0.,0.784436928198695));
#9319=DIRECTION('',(-0.620208598520043,0.,-0.784436928198695));
#9320=DIRECTION('',(0.,1.,0.));
#9321=DIRECTION('center_axis',(-0.838300658980952,0.,-0.545208221830983));
#9322=DIRECTION('ref_axis',(-0.545208221830983,0.,0.838300658980952));
#9323=DIRECTION('',(0.545208221830983,0.,-0.838300658980952));
#9324=DIRECTION('',(0.,1.,0.));
#9325=DIRECTION('center_axis',(0.256136659728465,0.,-0.966640580331255));
#9326=DIRECTION('ref_axis',(-0.966640580331254,0.,-0.256136659728465));
#9327=DIRECTION('',(-0.966640580331254,0.,-0.256136659728465));
#9328=DIRECTION('center_axis',(0.248844681127645,0.,-0.968543403608987));
#9329=DIRECTION('ref_axis',(-0.968543403608987,0.,-0.248844681127645));
#9330=DIRECTION('',(0.968543403608987,0.,0.248844681127645));
#9331=DIRECTION('',(0.,1.,0.));
#9332=DIRECTION('center_axis',(0.838300658980959,0.,0.545208221830971));
#9333=DIRECTION('ref_axis',(0.545208221830971,0.,-0.838300658980959));
#9334=DIRECTION('',(-0.545208221830971,0.,0.838300658980959));
#9335=DIRECTION('',(0.,1.,0.));
#9336=DIRECTION('center_axis',(-0.259721042402721,0.,0.965683685340725));
#9337=DIRECTION('ref_axis',(0.965683685340725,0.,0.259721042402721));
#9338=DIRECTION('',(-0.965683685340725,0.,-0.259721042402721));
#9339=DIRECTION('',(0.,1.,0.));
#9340=DIRECTION('center_axis',(0.838300658980957,0.,0.545208221830974));
#9341=DIRECTION('ref_axis',(0.545208221830974,0.,-0.838300658980957));
#9342=DIRECTION('',(-0.545208221830974,0.,0.838300658980957));
#9343=DIRECTION('',(0.,1.,0.));
#9344=DIRECTION('',(0.,1.,0.));
#9345=DIRECTION('',(0.,1.,0.));
#9346=DIRECTION('',(0.,1.,0.));
#9347=DIRECTION('',(0.,1.,0.));
#9348=DIRECTION('center_axis',(0.908973826360658,0.,0.41685319117318));
#9349=DIRECTION('ref_axis',(0.41685319117318,0.,-0.908973826360658));
#9350=DIRECTION('',(-0.41685319117318,0.,0.908973826360658));
#9351=DIRECTION('',(0.,1.,0.));
#9352=DIRECTION('',(-0.41685319117318,0.,0.908973826360658));
#9353=DIRECTION('center_axis',(0.416853191173211,0.,-0.908973826360644));
#9354=DIRECTION('ref_axis',(-0.908973826360644,0.,-0.416853191173211));
#9355=DIRECTION('',(0.908973826360644,0.,0.416853191173211));
#9356=DIRECTION('',(0.,1.,0.));
#9357=DIRECTION('',(0.908973826360644,0.,0.416853191173211));
#9358=DIRECTION('',(0.,1.,0.));
#9359=DIRECTION('',(0.,1.,0.));
#9360=DIRECTION('',(0.,1.,0.));
#9361=DIRECTION('',(0.,1.,0.));
#9362=DIRECTION('',(0.,1.,0.));
#9363=DIRECTION('',(0.,1.,0.));
#9364=DIRECTION('',(0.,1.,0.));
#9365=DIRECTION('',(0.,1.,0.));
#9366=DIRECTION('center_axis',(0.416853191173215,0.,-0.908973826360642));
#9367=DIRECTION('ref_axis',(-0.908973826360642,0.,-0.416853191173215));
#9368=DIRECTION('',(0.908973826360642,0.,0.416853191173215));
#9369=DIRECTION('',(0.,1.,0.));
#9370=DIRECTION('',(0.908973826360642,0.,0.416853191173215));
#9371=DIRECTION('center_axis',(-0.908973826360644,0.,-0.416853191173211));
#9372=DIRECTION('ref_axis',(-0.416853191173211,0.,0.908973826360644));
#9373=DIRECTION('',(0.416853191173211,0.,-0.908973826360644));
#9374=DIRECTION('',(0.,1.,0.));
#9375=DIRECTION('',(0.416853191173211,0.,-0.908973826360644));
#9376=DIRECTION('',(0.,1.,0.));
#9377=DIRECTION('',(0.,1.,0.));
#9378=DIRECTION('',(0.,1.,0.));
#9379=DIRECTION('center_axis',(0.,1.,0.));
#9380=DIRECTION('ref_axis',(0.,0.,1.));
#9381=DIRECTION('center_axis',(0.,1.,0.));
#9382=DIRECTION('ref_axis',(0.,0.,1.));
#9383=DIRECTION('',(-0.876125694371893,0.,-0.482082739435221));
#9384=DIRECTION('',(-0.482082739435202,0.,0.876125694371904));
#9385=DIRECTION('',(0.876125694371893,0.,0.482082739435222));
#9386=DIRECTION('',(0.482082739435202,0.,-0.876125694371904));
#9387=DIRECTION('center_axis',(0.876125694371904,0.,0.482082739435202));
#9388=DIRECTION('ref_axis',(0.482082739435202,0.,-0.876125694371904));
#9389=DIRECTION('',(-0.482082739435202,0.,0.876125694371904));
#9390=DIRECTION('',(0.,1.,0.));
#9391=DIRECTION('',(0.,1.,0.));
#9392=DIRECTION('',(0.,1.,0.));
#9393=DIRECTION('',(0.,1.,0.));
#9394=DIRECTION('',(0.,1.,0.));
#9395=DIRECTION('',(0.,1.,0.));
#9396=DIRECTION('',(0.,1.,0.));
#9397=DIRECTION('',(0.,1.,0.));
#9398=DIRECTION('',(0.,1.,0.));
#9399=DIRECTION('',(0.,1.,0.));
#9400=DIRECTION('center_axis',(-0.482082739435222,0.,0.876125694371893));
#9401=DIRECTION('ref_axis',(0.876125694371893,0.,0.482082739435221));
#9402=DIRECTION('',(-0.876125694371893,0.,-0.482082739435221));
#9403=DIRECTION('',(0.,1.,0.));
#9404=DIRECTION('center_axis',(-0.876125694371904,0.,-0.482082739435202));
#9405=DIRECTION('ref_axis',(-0.482082739435202,0.,0.876125694371904));
#9406=DIRECTION('',(0.482082739435202,0.,-0.876125694371904));
#9407=DIRECTION('',(0.,1.,0.));
#9408=DIRECTION('',(0.,1.,0.));
#9409=DIRECTION('',(0.,1.,0.));
#9410=DIRECTION('',(0.,1.,0.));
#9411=DIRECTION('',(0.,1.,0.));
#9412=DIRECTION('',(0.,1.,0.));
#9413=DIRECTION('',(0.,1.,0.));
#9414=DIRECTION('',(0.,1.,0.));
#9415=DIRECTION('',(0.,1.,0.));
#9416=DIRECTION('center_axis',(0.482082739435222,0.,-0.876125694371893));
#9417=DIRECTION('ref_axis',(-0.876125694371893,0.,-0.482082739435222));
#9418=DIRECTION('',(0.876125694371893,0.,0.482082739435222));
#9419=DIRECTION('center_axis',(0.270725422811128,0.,-0.962656608268876));
#9420=DIRECTION('ref_axis',(-0.962656608268876,0.,-0.270725422811128));
#9421=DIRECTION('',(0.962656608268876,0.,0.270725422811128));
#9422=DIRECTION('',(0.,1.,0.));
#9423=DIRECTION('',(0.962656608268876,0.,0.270725422811128));
#9424=DIRECTION('',(0.,1.,0.));
#9425=DIRECTION('',(0.,1.,0.));
#9426=DIRECTION('',(0.,1.,0.));
#9427=DIRECTION('',(0.,1.,0.));
#9428=DIRECTION('',(0.,1.,0.));
#9429=DIRECTION('',(0.,1.,0.));
#9430=DIRECTION('',(0.,1.,0.));
#9431=DIRECTION('',(0.,1.,0.));
#9432=DIRECTION('',(0.,1.,0.));
#9433=DIRECTION('center_axis',(-0.962656608268849,0.,-0.270725422811222));
#9434=DIRECTION('ref_axis',(-0.270725422811222,0.,0.962656608268849));
#9435=DIRECTION('',(0.270725422811222,0.,-0.962656608268849));
#9436=DIRECTION('',(0.,1.,0.));
#9437=DIRECTION('',(0.270725422811222,0.,-0.962656608268849));
#9438=DIRECTION('center_axis',(-0.270725422811137,0.,0.962656608268873));
#9439=DIRECTION('ref_axis',(0.962656608268873,0.,0.270725422811137));
#9440=DIRECTION('',(-0.962656608268873,0.,-0.270725422811137));
#9441=DIRECTION('',(0.,1.,0.));
#9442=DIRECTION('',(-0.962656608268873,0.,-0.270725422811137));
#9443=DIRECTION('',(0.,1.,0.));
#9444=DIRECTION('',(0.,1.,0.));
#9445=DIRECTION('',(0.,1.,0.));
#9446=DIRECTION('',(0.,1.,0.));
#9447=DIRECTION('',(0.,1.,0.));
#9448=DIRECTION('',(0.,1.,0.));
#9449=DIRECTION('',(0.,1.,0.));
#9450=DIRECTION('',(0.,1.,0.));
#9451=DIRECTION('center_axis',(0.962656608268902,0.,0.270725422811034));
#9452=DIRECTION('ref_axis',(0.270725422811034,0.,-0.962656608268902));
#9453=DIRECTION('',(-0.270725422811034,0.,0.962656608268902));
#9454=DIRECTION('',(-0.270725422811034,0.,0.962656608268902));
#9455=DIRECTION('center_axis',(0.,1.,0.));
#9456=DIRECTION('ref_axis',(0.,0.,1.));
#9457=DIRECTION('center_axis',(0.,1.,0.));
#9458=DIRECTION('ref_axis',(0.,0.,1.));
#9459=DIRECTION('',(0.939136370581665,0.,0.34354457854942));
#9460=DIRECTION('',(0.343544578549416,0.,-0.939136370581666));
#9461=DIRECTION('',(-0.939136370581664,0.,-0.343544578549421));
#9462=DIRECTION('',(0.939136370581665,0.,0.34354457854942));
#9463=DIRECTION('',(0.343544578549421,0.,-0.939136370581664));
#9464=DIRECTION('',(-0.939136370581665,0.,-0.34354457854942));
#9465=DIRECTION('center_axis',(-0.343544578549421,0.,0.939136370581664));
#9466=DIRECTION('ref_axis',(0.939136370581664,0.,0.343544578549421));
#9467=DIRECTION('',(-0.939136370581664,0.,-0.343544578549421));
#9468=DIRECTION('',(0.,1.,0.));
#9469=DIRECTION('',(0.,1.,0.));
#9470=DIRECTION('center_axis',(-0.939136370581666,0.,-0.343544578549416));
#9471=DIRECTION('ref_axis',(-0.343544578549416,0.,0.939136370581666));
#9472=DIRECTION('',(0.343544578549416,0.,-0.939136370581666));
#9473=DIRECTION('',(0.,1.,0.));
#9474=DIRECTION('center_axis',(0.34354457854942,0.,-0.939136370581665));
#9475=DIRECTION('ref_axis',(-0.939136370581665,0.,-0.34354457854942));
#9476=DIRECTION('',(0.939136370581665,0.,0.34354457854942));
#9477=DIRECTION('',(0.,1.,0.));
#9478=DIRECTION('',(0.,1.,0.));
#9479=DIRECTION('',(0.,1.,0.));
#9480=DIRECTION('',(0.,1.,0.));
#9481=DIRECTION('',(0.,1.,0.));
#9482=DIRECTION('center_axis',(-0.34354457854942,0.,0.939136370581665));
#9483=DIRECTION('ref_axis',(0.939136370581665,0.,0.34354457854942));
#9484=DIRECTION('',(-0.939136370581665,0.,-0.34354457854942));
#9485=DIRECTION('',(0.,1.,0.));
#9486=DIRECTION('center_axis',(-0.939136370581664,0.,-0.343544578549421));
#9487=DIRECTION('ref_axis',(-0.343544578549421,0.,0.939136370581664));
#9488=DIRECTION('',(0.343544578549421,0.,-0.939136370581664));
#9489=DIRECTION('',(0.,1.,0.));
#9490=DIRECTION('center_axis',(0.34354457854942,0.,-0.939136370581665));
#9491=DIRECTION('ref_axis',(-0.939136370581665,0.,-0.34354457854942));
#9492=DIRECTION('',(0.939136370581665,0.,0.34354457854942));
#9493=DIRECTION('',(0.,1.,0.));
#9494=DIRECTION('',(0.,1.,0.));
#9495=DIRECTION('',(0.,1.,0.));
#9496=DIRECTION('',(0.,1.,0.));
#9497=DIRECTION('center_axis',(0.996099825160855,0.,0.0882334308213982));
#9498=DIRECTION('ref_axis',(0.0882334308213982,0.,-0.996099825160855));
#9499=DIRECTION('',(-0.0882334308213982,0.,0.996099825160855));
#9500=DIRECTION('',(0.,1.,0.));
#9501=DIRECTION('',(-0.0882334308213982,0.,0.996099825160855));
#9502=DIRECTION('',(0.,1.,0.));
#9503=DIRECTION('center_axis',(0.0882334308213895,0.,-0.996099825160856));
#9504=DIRECTION('ref_axis',(-0.996099825160856,0.,-0.0882334308213895));
#9505=DIRECTION('',(0.996099825160856,0.,0.0882334308213895));
#9506=DIRECTION('',(0.,1.,0.));
#9507=DIRECTION('',(0.996099825160856,0.,0.0882334308213895));
#9508=DIRECTION('center_axis',(-0.996099825160855,0.,-0.0882334308213982));
#9509=DIRECTION('ref_axis',(-0.0882334308213982,0.,0.996099825160855));
#9510=DIRECTION('',(0.0882334308213982,0.,-0.996099825160855));
#9511=DIRECTION('',(0.,1.,0.));
#9512=DIRECTION('',(0.0882334308213982,0.,-0.996099825160855));
#9513=DIRECTION('center_axis',(0.0882334308213982,0.,-0.996099825160855));
#9514=DIRECTION('ref_axis',(-0.996099825160855,0.,-0.0882334308213982));
#9515=DIRECTION('',(0.996099825160855,0.,0.0882334308213982));
#9516=DIRECTION('',(0.,1.,0.));
#9517=DIRECTION('',(0.996099825160855,0.,0.0882334308213982));
#9518=DIRECTION('center_axis',(0.996099825160855,0.,0.088233430821401));
#9519=DIRECTION('ref_axis',(0.088233430821401,0.,-0.996099825160855));
#9520=DIRECTION('',(-0.088233430821401,0.,0.996099825160855));
#9521=DIRECTION('',(0.,1.,0.));
#9522=DIRECTION('',(-0.088233430821401,0.,0.996099825160855));
#9523=DIRECTION('center_axis',(0.088233430821388,0.,-0.996099825160856));
#9524=DIRECTION('ref_axis',(-0.996099825160856,0.,-0.088233430821388));
#9525=DIRECTION('',(0.996099825160856,0.,0.088233430821388));
#9526=DIRECTION('',(0.,1.,0.));
#9527=DIRECTION('',(0.996099825160856,0.,0.088233430821388));
#9528=DIRECTION('center_axis',(-0.996099825160855,0.,-0.0882334308213979));
#9529=DIRECTION('ref_axis',(-0.0882334308213979,0.,0.996099825160855));
#9530=DIRECTION('',(0.0882334308213979,0.,-0.996099825160855));
#9531=DIRECTION('',(0.,1.,0.));
#9532=DIRECTION('',(0.0882334308213979,0.,-0.996099825160855));
#9533=DIRECTION('center_axis',(-0.0882334308213967,0.,0.996099825160855));
#9534=DIRECTION('ref_axis',(0.996099825160855,0.,0.0882334308213967));
#9535=DIRECTION('',(-0.996099825160855,0.,-0.0882334308213967));
#9536=DIRECTION('',(0.,1.,0.));
#9537=DIRECTION('',(-0.996099825160855,0.,-0.0882334308213967));
#9538=DIRECTION('center_axis',(0.996099825160855,0.,0.0882334308213979));
#9539=DIRECTION('ref_axis',(0.0882334308213979,0.,-0.996099825160855));
#9540=DIRECTION('',(-0.0882334308213979,0.,0.996099825160855));
#9541=DIRECTION('',(0.,1.,0.));
#9542=DIRECTION('',(-0.0882334308213979,0.,0.996099825160855));
#9543=DIRECTION('center_axis',(0.0882334308213895,0.,-0.996099825160856));
#9544=DIRECTION('ref_axis',(-0.996099825160856,0.,-0.0882334308213895));
#9545=DIRECTION('',(0.996099825160856,0.,0.0882334308213895));
#9546=DIRECTION('',(0.,1.,0.));
#9547=DIRECTION('',(0.996099825160856,0.,0.0882334308213895));
#9548=DIRECTION('center_axis',(-0.996099825160855,0.,-0.088233430821397));
#9549=DIRECTION('ref_axis',(-0.088233430821397,0.,0.996099825160855));
#9550=DIRECTION('',(0.088233430821397,0.,-0.996099825160855));
#9551=DIRECTION('',(0.,1.,0.));
#9552=DIRECTION('',(0.088233430821397,0.,-0.996099825160855));
#9553=DIRECTION('center_axis',(0.0882334308214025,0.,-0.996099825160854));
#9554=DIRECTION('ref_axis',(-0.996099825160855,0.,-0.0882334308214025));
#9555=DIRECTION('',(0.996099825160855,0.,0.0882334308214025));
#9556=DIRECTION('',(0.996099825160855,0.,0.0882334308214025));
#9557=DIRECTION('center_axis',(0.,1.,0.));
#9558=DIRECTION('ref_axis',(0.,0.,1.));
#9559=DIRECTION('center_axis',(0.,1.,0.));
#9560=DIRECTION('ref_axis',(0.,0.,1.));
#9561=DIRECTION('',(0.986961741228234,0.,0.160955028973101));
#9562=DIRECTION('',(0.16095502897311,0.,-0.986961741228233));
#9563=DIRECTION('',(-0.160955028973253,0.,0.98696174122821));
#9564=DIRECTION('',(0.986961741228235,0.,0.1609550289731));
#9565=DIRECTION('',(0.,1.,0.));
#9566=DIRECTION('',(0.,1.,0.));
#9567=DIRECTION('',(0.,1.,0.));
#9568=DIRECTION('',(0.,1.,0.));
#9569=DIRECTION('',(0.,1.,0.));
#9570=DIRECTION('center_axis',(-0.986961741228233,0.,-0.16095502897311));
#9571=DIRECTION('ref_axis',(-0.16095502897311,0.,0.986961741228233));
#9572=DIRECTION('',(0.16095502897311,0.,-0.986961741228233));
#9573=DIRECTION('',(0.,1.,0.));
#9574=DIRECTION('center_axis',(0.160955028973101,0.,-0.986961741228234));
#9575=DIRECTION('ref_axis',(-0.986961741228234,0.,-0.160955028973101));
#9576=DIRECTION('',(0.986961741228234,0.,0.160955028973101));
#9577=DIRECTION('',(0.,1.,0.));
#9578=DIRECTION('',(0.,1.,0.));
#9579=DIRECTION('',(0.,1.,0.));
#9580=DIRECTION('',(0.,1.,0.));
#9581=DIRECTION('',(0.,1.,0.));
#9582=DIRECTION('',(0.,1.,0.));
#9583=DIRECTION('',(0.,1.,0.));
#9584=DIRECTION('',(0.,1.,0.));
#9585=DIRECTION('',(0.,1.,0.));
#9586=DIRECTION('center_axis',(0.1609550289731,0.,-0.986961741228235));
#9587=DIRECTION('ref_axis',(-0.986961741228235,0.,-0.1609550289731));
#9588=DIRECTION('',(0.986961741228235,0.,0.1609550289731));
#9589=DIRECTION('',(0.,1.,0.));
#9590=DIRECTION('center_axis',(0.98696174122821,0.,0.160955028973253));
#9591=DIRECTION('ref_axis',(0.160955028973253,0.,-0.98696174122821));
#9592=DIRECTION('',(-0.160955028973253,0.,0.98696174122821));
#9593=DIRECTION('',(0.,1.,0.));
#9594=DIRECTION('',(0.,1.,0.));
#9595=DIRECTION('',(0.,1.,0.));
#9596=DIRECTION('',(0.,1.,0.));
#9597=DIRECTION('center_axis',(0.997673338758496,0.,-0.0681755757619602));
#9598=DIRECTION('ref_axis',(-0.0681755757619602,0.,-0.997673338758496));
#9599=DIRECTION('',(0.0681755757619602,0.,0.997673338758496));
#9600=DIRECTION('',(0.,1.,0.));
#9601=DIRECTION('',(0.0681755757619602,0.,0.997673338758496));
#9602=DIRECTION('',(0.,1.,0.));
#9603=DIRECTION('center_axis',(-0.0681755757619658,0.,-0.997673338758496));
#9604=DIRECTION('ref_axis',(-0.997673338758496,0.,0.0681755757619658));
#9605=DIRECTION('',(0.997673338758496,0.,-0.0681755757619658));
#9606=DIRECTION('',(0.,1.,0.));
#9607=DIRECTION('',(0.997673338758496,0.,-0.0681755757619658));
#9608=DIRECTION('center_axis',(-0.997673338758496,0.,0.0681755757619585));
#9609=DIRECTION('ref_axis',(0.0681755757619585,0.,0.997673338758496));
#9610=DIRECTION('',(-0.0681755757619585,0.,-0.997673338758496));
#9611=DIRECTION('',(0.,1.,0.));
#9612=DIRECTION('',(-0.0681755757619585,0.,-0.997673338758496));
#9613=DIRECTION('center_axis',(0.0681755757619646,0.,0.997673338758496));
#9614=DIRECTION('ref_axis',(0.997673338758496,0.,-0.0681755757619646));
#9615=DIRECTION('',(-0.997673338758496,0.,0.0681755757619646));
#9616=DIRECTION('',(0.,1.,0.));
#9617=DIRECTION('',(-0.997673338758496,0.,0.0681755757619646));
#9618=DIRECTION('center_axis',(0.997673338758496,0.,-0.0681755757619606));
#9619=DIRECTION('ref_axis',(-0.0681755757619606,0.,-0.997673338758496));
#9620=DIRECTION('',(0.0681755757619606,0.,0.997673338758496));
#9621=DIRECTION('',(0.,1.,0.));
#9622=DIRECTION('',(0.0681755757619606,0.,0.997673338758496));
#9623=DIRECTION('center_axis',(0.06817557576196,0.,0.997673338758496));
#9624=DIRECTION('ref_axis',(0.997673338758496,0.,-0.06817557576196));
#9625=DIRECTION('',(-0.997673338758496,0.,0.06817557576196));
#9626=DIRECTION('',(0.,1.,0.));
#9627=DIRECTION('',(-0.997673338758496,0.,0.06817557576196));
#9628=DIRECTION('center_axis',(0.997673338758497,0.,-0.0681755757619488));
#9629=DIRECTION('ref_axis',(-0.0681755757619488,0.,-0.997673338758497));
#9630=DIRECTION('',(0.0681755757619488,0.,0.997673338758497));
#9631=DIRECTION('',(0.,1.,0.));
#9632=DIRECTION('',(0.0681755757619488,0.,0.997673338758497));
#9633=DIRECTION('center_axis',(-0.0681755757619598,0.,-0.997673338758496));
#9634=DIRECTION('ref_axis',(-0.997673338758496,0.,0.0681755757619598));
#9635=DIRECTION('',(0.997673338758496,0.,-0.0681755757619598));
#9636=DIRECTION('',(0.997673338758496,0.,-0.0681755757619598));
#9637=DIRECTION('center_axis',(0.,1.,0.));
#9638=DIRECTION('ref_axis',(0.,0.,1.));
#9639=DIRECTION('center_axis',(0.,1.,0.));
#9640=DIRECTION('ref_axis',(0.,0.,1.));
#9641=DIRECTION('',(-0.894575766873599,0.,0.446916320268697));
#9642=DIRECTION('',(-0.0108029475765508,0.,0.999941646459261));
#9643=DIRECTION('',(0.999941646459261,0.,0.0108029475765523));
#9644=DIRECTION('',(0.0108029475765604,0.,-0.999941646459261));
#9645=DIRECTION('',(-0.999941646459261,0.,-0.0108029475765517));
#9646=DIRECTION('',(0.896150018140371,0.,-0.443751219702001));
#9647=DIRECTION('',(0.0108029475765489,0.,-0.999941646459261));
#9648=DIRECTION('',(-0.999941646459261,0.,-0.0108029475765523));
#9649=DIRECTION('',(-0.0108029475765604,0.,0.999941646459261));
#9650=DIRECTION('',(0.999941646459261,0.,0.0108029475765541));
#9651=DIRECTION('center_axis',(-0.0108029475765517,0.,0.999941646459261));
#9652=DIRECTION('ref_axis',(0.999941646459261,0.,0.0108029475765517));
#9653=DIRECTION('',(-0.999941646459261,0.,-0.0108029475765517));
#9654=DIRECTION('',(0.,1.,0.));
#9655=DIRECTION('',(0.,1.,0.));
#9656=DIRECTION('center_axis',(-0.999941646459261,0.,-0.0108029475765604));
#9657=DIRECTION('ref_axis',(-0.0108029475765604,0.,0.999941646459261));
#9658=DIRECTION('',(0.0108029475765604,0.,-0.999941646459261));
#9659=DIRECTION('',(0.,1.,0.));
#9660=DIRECTION('center_axis',(0.0108029475765523,0.,-0.999941646459261));
#9661=DIRECTION('ref_axis',(-0.999941646459261,0.,-0.0108029475765523));
#9662=DIRECTION('',(0.999941646459261,0.,0.0108029475765523));
#9663=DIRECTION('',(0.,1.,0.));
#9664=DIRECTION('center_axis',(0.999941646459261,0.,0.0108029475765508));
#9665=DIRECTION('ref_axis',(0.0108029475765508,0.,-0.999941646459261));
#9666=DIRECTION('',(-0.0108029475765508,0.,0.999941646459261));
#9667=DIRECTION('',(0.,1.,0.));
#9668=DIRECTION('center_axis',(0.446916320268697,0.,0.894575766873599));
#9669=DIRECTION('ref_axis',(0.894575766873599,0.,-0.446916320268697));
#9670=DIRECTION('',(-0.894575766873599,0.,0.446916320268697));
#9671=DIRECTION('',(0.,1.,0.));
#9672=DIRECTION('center_axis',(0.0108029475765541,0.,-0.999941646459261));
#9673=DIRECTION('ref_axis',(-0.999941646459261,0.,-0.0108029475765541));
#9674=DIRECTION('',(0.999941646459261,0.,0.0108029475765541));
#9675=DIRECTION('',(0.,1.,0.));
#9676=DIRECTION('center_axis',(0.999941646459261,0.,0.0108029475765604));
#9677=DIRECTION('ref_axis',(0.0108029475765604,0.,-0.999941646459261));
#9678=DIRECTION('',(-0.0108029475765604,0.,0.999941646459261));
#9679=DIRECTION('',(0.,1.,0.));
#9680=DIRECTION('center_axis',(-0.0108029475765523,0.,0.999941646459261));
#9681=DIRECTION('ref_axis',(0.999941646459261,0.,0.0108029475765523));
#9682=DIRECTION('',(-0.999941646459261,0.,-0.0108029475765523));
#9683=DIRECTION('',(0.,1.,0.));
#9684=DIRECTION('center_axis',(-0.999941646459261,0.,-0.0108029475765489));
#9685=DIRECTION('ref_axis',(-0.0108029475765489,0.,0.999941646459261));
#9686=DIRECTION('',(0.0108029475765489,0.,-0.999941646459261));
#9687=DIRECTION('',(0.,1.,0.));
#9688=DIRECTION('center_axis',(-0.443751219702001,0.,-0.896150018140371));
#9689=DIRECTION('ref_axis',(-0.896150018140371,0.,0.443751219702001));
#9690=DIRECTION('',(0.896150018140371,0.,-0.443751219702001));
#9691=DIRECTION('center_axis',(-0.976953281213522,0.,0.213453241545152));
#9692=DIRECTION('ref_axis',(0.213453241545151,0.,0.976953281213522));
#9693=DIRECTION('',(-0.213453241545151,0.,-0.976953281213522));
#9694=DIRECTION('',(0.,1.,0.));
#9695=DIRECTION('',(-0.213453241545151,0.,-0.976953281213522));
#9696=DIRECTION('',(0.,1.,0.));
#9697=DIRECTION('center_axis',(0.213453241545155,0.,0.976953281213521));
#9698=DIRECTION('ref_axis',(0.976953281213521,0.,-0.213453241545155));
#9699=DIRECTION('',(-0.976953281213521,0.,0.213453241545155));
#9700=DIRECTION('',(0.,1.,0.));
#9701=DIRECTION('',(-0.976953281213521,0.,0.213453241545155));
#9702=DIRECTION('center_axis',(0.976953281213522,0.,-0.21345324154515));
#9703=DIRECTION('ref_axis',(-0.21345324154515,0.,-0.976953281213522));
#9704=DIRECTION('',(0.21345324154515,0.,0.976953281213522));
#9705=DIRECTION('',(0.,1.,0.));
#9706=DIRECTION('',(0.21345324154515,0.,0.976953281213522));
#9707=DIRECTION('center_axis',(-0.213453241545156,0.,-0.976953281213521));
#9708=DIRECTION('ref_axis',(-0.976953281213521,0.,0.213453241545156));
#9709=DIRECTION('',(0.976953281213521,0.,-0.213453241545156));
#9710=DIRECTION('',(0.,1.,0.));
#9711=DIRECTION('',(0.976953281213521,0.,-0.213453241545156));
#9712=DIRECTION('center_axis',(0.976953281213522,0.,-0.21345324154515));
#9713=DIRECTION('ref_axis',(-0.21345324154515,0.,-0.976953281213522));
#9714=DIRECTION('',(0.21345324154515,0.,0.976953281213522));
#9715=DIRECTION('',(0.,1.,0.));
#9716=DIRECTION('',(0.21345324154515,0.,0.976953281213522));
#9717=DIRECTION('',(0.,1.,0.));
#9718=DIRECTION('',(0.,1.,0.));
#9719=DIRECTION('',(0.,1.,0.));
#9720=DIRECTION('center_axis',(-0.976953281213522,0.,0.213453241545154));
#9721=DIRECTION('ref_axis',(0.213453241545154,0.,0.976953281213522));
#9722=DIRECTION('',(0.213453241545154,0.,0.976953281213522));
#9723=DIRECTION('',(0.213453241545154,0.,0.976953281213522));
#9724=DIRECTION('',(0.,1.,0.));
#9725=DIRECTION('center_axis',(0.774777024592321,0.,0.632234578431037));
#9726=DIRECTION('ref_axis',(0.632234578431037,0.,-0.774777024592321));
#9727=DIRECTION('',(-0.632234578431037,0.,0.774777024592321));
#9728=DIRECTION('',(0.,1.,0.));
#9729=DIRECTION('',(-0.632234578431037,0.,0.774777024592321));
#9730=DIRECTION('center_axis',(0.97695328121352,0.,-0.213453241545161));
#9731=DIRECTION('ref_axis',(-0.213453241545161,0.,-0.97695328121352));
#9732=DIRECTION('',(0.213453241545161,0.,0.97695328121352));
#9733=DIRECTION('',(0.,1.,0.));
#9734=DIRECTION('',(0.213453241545161,0.,0.97695328121352));
#9735=DIRECTION('center_axis',(-0.783595407599785,0.,-0.621271468191262));
#9736=DIRECTION('ref_axis',(-0.621271468191262,0.,0.783595407599785));
#9737=DIRECTION('',(0.621271468191262,0.,-0.783595407599785));
#9738=DIRECTION('',(0.,1.,0.));
#9739=DIRECTION('',(0.621271468191262,0.,-0.783595407599785));
#9740=DIRECTION('',(0.,1.,0.));
#9741=DIRECTION('',(0.,1.,0.));
#9742=DIRECTION('',(0.,1.,0.));
#9743=DIRECTION('',(0.,1.,0.));
#9744=DIRECTION('center_axis',(0.976953281213518,0.,-0.213453241545169));
#9745=DIRECTION('ref_axis',(-0.213453241545169,0.,-0.976953281213518));
#9746=DIRECTION('',(-0.213453241545169,0.,-0.976953281213518));
#9747=DIRECTION('',(0.,1.,0.));
#9748=DIRECTION('',(-0.213453241545169,0.,-0.976953281213518));
#9749=DIRECTION('center_axis',(0.213453241545152,0.,0.976953281213522));
#9750=DIRECTION('ref_axis',(0.976953281213522,0.,-0.213453241545152));
#9751=DIRECTION('',(0.976953281213522,0.,-0.213453241545152));
#9752=DIRECTION('',(0.976953281213522,0.,-0.213453241545152));
#9753=DIRECTION('center_axis',(0.,1.,0.));
#9754=DIRECTION('ref_axis',(0.,0.,1.));
#9755=DIRECTION('center_axis',(0.,1.,0.));
#9756=DIRECTION('ref_axis',(0.,0.,1.));
#9757=DIRECTION('',(-0.140072968954058,0.,-0.990141183553333));
#9758=DIRECTION('',(-0.990141183553333,0.,0.140072968954056));
#9759=DIRECTION('',(0.140072968954055,0.,0.990141183553334));
#9760=DIRECTION('',(0.990141183553334,0.,-0.140072968954051));
#9761=DIRECTION('',(-0.140072968954056,0.,-0.990141183553334));
#9762=DIRECTION('',(0.990141183553333,0.,-0.140072968954057));
#9763=DIRECTION('',(0.140072968954055,0.,0.990141183553334));
#9764=DIRECTION('',(0.990141183553334,0.,-0.140072968954051));
#9765=DIRECTION('',(-0.140072968954055,0.,-0.990141183553334));
#9766=DIRECTION('',(0.990141183553333,0.,-0.140072968954061));
#9767=DIRECTION('',(0.140072968954056,0.,0.990141183553334));
#9768=DIRECTION('',(0.990141183553334,0.,-0.140072968954049));
#9769=DIRECTION('center_axis',(-0.140072968954057,0.,-0.990141183553333));
#9770=DIRECTION('ref_axis',(-0.990141183553333,0.,0.140072968954057));
#9771=DIRECTION('',(0.990141183553333,0.,-0.140072968954057));
#9772=DIRECTION('',(0.,1.,0.));
#9773=DIRECTION('',(0.,1.,0.));
#9774=DIRECTION('center_axis',(-0.990141183553334,0.,0.140072968954056));
#9775=DIRECTION('ref_axis',(0.140072968954056,0.,0.990141183553334));
#9776=DIRECTION('',(-0.140072968954056,0.,-0.990141183553334));
#9777=DIRECTION('',(0.,1.,0.));
#9778=DIRECTION('center_axis',(-0.140072968954051,0.,-0.990141183553334));
#9779=DIRECTION('ref_axis',(-0.990141183553334,0.,0.140072968954051));
#9780=DIRECTION('',(0.990141183553334,0.,-0.140072968954051));
#9781=DIRECTION('',(0.,1.,0.));
#9782=DIRECTION('center_axis',(0.990141183553334,0.,-0.140072968954055));
#9783=DIRECTION('ref_axis',(-0.140072968954055,0.,-0.990141183553334));
#9784=DIRECTION('',(0.140072968954055,0.,0.990141183553334));
#9785=DIRECTION('',(0.,1.,0.));
#9786=DIRECTION('center_axis',(0.140072968954056,0.,0.990141183553334));
#9787=DIRECTION('ref_axis',(0.990141183553333,0.,-0.140072968954056));
#9788=DIRECTION('',(-0.990141183553333,0.,0.140072968954056));
#9789=DIRECTION('',(0.,1.,0.));
#9790=DIRECTION('center_axis',(-0.990141183553333,0.,0.140072968954058));
#9791=DIRECTION('ref_axis',(0.140072968954058,0.,0.990141183553333));
#9792=DIRECTION('',(-0.140072968954058,0.,-0.990141183553333));
#9793=DIRECTION('',(0.,1.,0.));
#9794=DIRECTION('center_axis',(-0.140072968954049,0.,-0.990141183553335));
#9795=DIRECTION('ref_axis',(-0.990141183553334,0.,0.140072968954049));
#9796=DIRECTION('',(0.990141183553334,0.,-0.140072968954049));
#9797=DIRECTION('',(0.,1.,0.));
#9798=DIRECTION('center_axis',(0.990141183553334,0.,-0.140072968954056));
#9799=DIRECTION('ref_axis',(-0.140072968954056,0.,-0.990141183553334));
#9800=DIRECTION('',(0.140072968954056,0.,0.990141183553334));
#9801=DIRECTION('',(0.,1.,0.));
#9802=DIRECTION('center_axis',(-0.140072968954061,0.,-0.990141183553333));
#9803=DIRECTION('ref_axis',(-0.990141183553333,0.,0.140072968954061));
#9804=DIRECTION('',(0.990141183553333,0.,-0.140072968954061));
#9805=DIRECTION('',(0.,1.,0.));
#9806=DIRECTION('center_axis',(-0.990141183553334,0.,0.140072968954055));
#9807=DIRECTION('ref_axis',(0.140072968954055,0.,0.990141183553334));
#9808=DIRECTION('',(-0.140072968954055,0.,-0.990141183553334));
#9809=DIRECTION('',(0.,1.,0.));
#9810=DIRECTION('center_axis',(-0.140072968954051,0.,-0.990141183553334));
#9811=DIRECTION('ref_axis',(-0.990141183553334,0.,0.140072968954051));
#9812=DIRECTION('',(0.990141183553334,0.,-0.140072968954051));
#9813=DIRECTION('',(0.,1.,0.));
#9814=DIRECTION('center_axis',(0.990141183553334,0.,-0.140072968954055));
#9815=DIRECTION('ref_axis',(-0.140072968954055,0.,-0.990141183553334));
#9816=DIRECTION('',(0.140072968954055,0.,0.990141183553334));
#9817=DIRECTION('center_axis',(-0.325565580203966,0.,-0.945519461981854));
#9818=DIRECTION('ref_axis',(-0.945519461981854,0.,0.325565580203966));
#9819=DIRECTION('',(0.945519461981854,0.,-0.325565580203966));
#9820=DIRECTION('',(0.,1.,0.));
#9821=DIRECTION('',(0.945519461981854,0.,-0.325565580203966));
#9822=DIRECTION('',(0.,1.,0.));
#9823=DIRECTION('',(0.,1.,0.));
#9824=DIRECTION('',(0.,1.,0.));
#9825=DIRECTION('',(0.,1.,0.));
#9826=DIRECTION('',(0.,1.,0.));
#9827=DIRECTION('center_axis',(0.137826796337792,0.,-0.990456346444032));
#9828=DIRECTION('ref_axis',(-0.990456346444032,0.,-0.137826796337792));
#9829=DIRECTION('',(0.990456346444032,0.,0.137826796337792));
#9830=DIRECTION('',(0.,1.,0.));
#9831=DIRECTION('',(0.990456346444032,0.,0.137826796337792));
#9832=DIRECTION('',(0.,1.,0.));
#9833=DIRECTION('center_axis',(-0.918459244784371,0.,0.395515632649485));
#9834=DIRECTION('ref_axis',(0.395515632649485,0.,0.918459244784371));
#9835=DIRECTION('',(-0.395515632649485,0.,-0.918459244784371));
#9836=DIRECTION('',(0.,1.,0.));
#9837=DIRECTION('',(-0.395515632649485,0.,-0.918459244784371));
#9838=DIRECTION('center_axis',(-0.129624333770339,0.,0.9915631760481));
#9839=DIRECTION('ref_axis',(0.9915631760481,0.,0.129624333770339));
#9840=DIRECTION('',(-0.9915631760481,0.,-0.129624333770339));
#9841=DIRECTION('',(0.,1.,0.));
#9842=DIRECTION('',(-0.9915631760481,0.,-0.129624333770339));
#9843=DIRECTION('center_axis',(-0.80625251996826,0.,-0.591571529102636));
#9844=DIRECTION('ref_axis',(-0.591571529102636,0.,0.80625251996826));
#9845=DIRECTION('',(0.591571529102636,0.,-0.80625251996826));
#9846=DIRECTION('',(0.,1.,0.));
#9847=DIRECTION('',(0.591571529102636,0.,-0.80625251996826));
#9848=DIRECTION('center_axis',(-0.918459244784368,0.,0.395515632649493));
#9849=DIRECTION('ref_axis',(0.395515632649493,0.,0.918459244784368));
#9850=DIRECTION('',(-0.395515632649493,0.,-0.918459244784368));
#9851=DIRECTION('',(0.,1.,0.));
#9852=DIRECTION('',(-0.395515632649493,0.,-0.918459244784368));
#9853=DIRECTION('center_axis',(0.808010447976747,0.,0.589168155928693));
#9854=DIRECTION('ref_axis',(0.589168155928693,0.,-0.808010447976747));
#9855=DIRECTION('',(-0.589168155928693,0.,0.808010447976747));
#9856=DIRECTION('',(-0.589168155928693,0.,0.808010447976747));
#9857=DIRECTION('center_axis',(0.395515632649486,0.,0.918459244784371));
#9858=DIRECTION('ref_axis',(0.918459244784371,0.,-0.395515632649486));
#9859=DIRECTION('',(-0.918459244784371,0.,0.395515632649486));
#9860=DIRECTION('',(0.,1.,0.));
#9861=DIRECTION('',(-0.918459244784371,0.,0.395515632649486));
#9862=DIRECTION('',(0.,1.,0.));
#9863=DIRECTION('center_axis',(0.918459244784369,0.,-0.39551563264949));
#9864=DIRECTION('ref_axis',(-0.39551563264949,0.,-0.918459244784369));
#9865=DIRECTION('',(0.39551563264949,0.,0.918459244784369));
#9866=DIRECTION('',(0.,1.,0.));
#9867=DIRECTION('',(0.39551563264949,0.,0.918459244784369));
#9868=DIRECTION('center_axis',(-0.395515632649485,0.,-0.918459244784371));
#9869=DIRECTION('ref_axis',(-0.918459244784371,0.,0.395515632649485));
#9870=DIRECTION('',(0.918459244784371,0.,-0.395515632649485));
#9871=DIRECTION('',(0.918459244784371,0.,-0.395515632649485));
#9872=DIRECTION('center_axis',(0.808010447976747,0.,0.589168155928693));
#9873=DIRECTION('ref_axis',(0.589168155928693,0.,-0.808010447976747));
#9874=DIRECTION('',(-0.589168155928693,0.,0.808010447976747));
#9875=DIRECTION('',(-0.589168155928693,0.,0.808010447976747));
#9876=DIRECTION('',(0.,1.,0.));
#9877=DIRECTION('',(0.,1.,0.));
#9878=DIRECTION('',(0.,1.,0.));
#9879=DIRECTION('',(0.,1.,0.));
#9880=DIRECTION('center_axis',(-0.325565580203964,0.,-0.945519461981855));
#9881=DIRECTION('ref_axis',(-0.945519461981855,0.,0.325565580203964));
#9882=DIRECTION('',(0.945519461981855,0.,-0.325565580203964));
#9883=DIRECTION('',(0.,1.,0.));
#9884=DIRECTION('',(0.945519461981855,0.,-0.325565580203964));
#9885=DIRECTION('center_axis',(-0.945519461981848,0.,0.325565580203985));
#9886=DIRECTION('ref_axis',(0.325565580203985,0.,0.945519461981848));
#9887=DIRECTION('',(-0.325565580203985,0.,-0.945519461981848));
#9888=DIRECTION('',(0.,1.,0.));
#9889=DIRECTION('',(-0.325565580203985,0.,-0.945519461981848));
#9890=DIRECTION('',(0.,1.,0.));
#9891=DIRECTION('',(0.,1.,0.));
#9892=DIRECTION('',(0.,1.,0.));
#9893=DIRECTION('',(0.,1.,0.));
#9894=DIRECTION('',(0.,1.,0.));
#9895=DIRECTION('',(0.,1.,0.));
#9896=DIRECTION('',(0.,1.,0.));
#9897=DIRECTION('',(0.,1.,0.));
#9898=DIRECTION('center_axis',(0.945519461981843,0.,-0.325565580203999));
#9899=DIRECTION('ref_axis',(-0.325565580203999,0.,-0.945519461981843));
#9900=DIRECTION('',(0.325565580203999,0.,0.945519461981843));
#9901=DIRECTION('',(0.325565580203999,0.,0.945519461981843));
#9902=DIRECTION('center_axis',(0.,1.,0.));
#9903=DIRECTION('ref_axis',(0.,0.,1.));
#9904=DIRECTION('center_axis',(0.,1.,0.));
#9905=DIRECTION('ref_axis',(0.,0.,1.));
#9906=DIRECTION('',(-0.86276135126316,0.,0.505611363367722));
#9907=DIRECTION('',(0.505611363367721,0.,0.86276135126316));
#9908=DIRECTION('',(0.862761351263156,0.,-0.505611363367729));
#9909=DIRECTION('',(-0.505611363367716,0.,-0.862761351263163));
#9910=DIRECTION('',(0.862761351263159,0.,-0.505611363367723));
#9911=DIRECTION('',(0.505611363367716,0.,0.862761351263163));
#9912=DIRECTION('',(0.86276135126316,0.,-0.505611363367722));
#9913=DIRECTION('',(-0.505611363367722,0.,-0.86276135126316));
#9914=DIRECTION('',(-0.862761351263156,0.,0.505611363367729));
#9915=DIRECTION('',(0.505611363367723,0.,0.862761351263159));
#9916=DIRECTION('',(-0.862761351263159,0.,0.505611363367723));
#9917=DIRECTION('',(-0.50561136336772,0.,-0.862761351263161));
#9918=DIRECTION('center_axis',(0.862761351263163,0.,-0.505611363367716));
#9919=DIRECTION('ref_axis',(-0.505611363367716,0.,-0.862761351263163));
#9920=DIRECTION('',(0.505611363367716,0.,0.862761351263163));
#9921=DIRECTION('',(0.,1.,0.));
#9922=DIRECTION('',(0.,1.,0.));
#9923=DIRECTION('center_axis',(-0.505611363367723,0.,-0.862761351263159));
#9924=DIRECTION('ref_axis',(-0.862761351263159,0.,0.505611363367723));
#9925=DIRECTION('',(0.862761351263159,0.,-0.505611363367723));
#9926=DIRECTION('',(0.,1.,0.));
#9927=DIRECTION('center_axis',(-0.862761351263163,0.,0.505611363367716));
#9928=DIRECTION('ref_axis',(0.505611363367716,0.,0.862761351263163));
#9929=DIRECTION('',(-0.505611363367716,0.,-0.862761351263163));
#9930=DIRECTION('',(0.,1.,0.));
#9931=DIRECTION('center_axis',(-0.505611363367729,0.,-0.862761351263156));
#9932=DIRECTION('ref_axis',(-0.862761351263156,0.,0.505611363367729));
#9933=DIRECTION('',(0.862761351263156,0.,-0.505611363367729));
#9934=DIRECTION('',(0.,1.,0.));
#9935=DIRECTION('center_axis',(0.862761351263161,0.,-0.505611363367721));
#9936=DIRECTION('ref_axis',(-0.505611363367721,0.,-0.86276135126316));
#9937=DIRECTION('',(0.505611363367721,0.,0.86276135126316));
#9938=DIRECTION('',(0.,1.,0.));
#9939=DIRECTION('center_axis',(0.505611363367722,0.,0.86276135126316));
#9940=DIRECTION('ref_axis',(0.86276135126316,0.,-0.505611363367722));
#9941=DIRECTION('',(-0.86276135126316,0.,0.505611363367722));
#9942=DIRECTION('',(0.,1.,0.));
#9943=DIRECTION('center_axis',(-0.862761351263161,0.,0.50561136336772));
#9944=DIRECTION('ref_axis',(0.50561136336772,0.,0.862761351263161));
#9945=DIRECTION('',(-0.50561136336772,0.,-0.862761351263161));
#9946=DIRECTION('',(0.,1.,0.));
#9947=DIRECTION('center_axis',(0.505611363367723,0.,0.862761351263159));
#9948=DIRECTION('ref_axis',(0.862761351263159,0.,-0.505611363367723));
#9949=DIRECTION('',(-0.862761351263159,0.,0.505611363367723));
#9950=DIRECTION('',(0.,1.,0.));
#9951=DIRECTION('center_axis',(0.862761351263159,0.,-0.505611363367723));
#9952=DIRECTION('ref_axis',(-0.505611363367723,0.,-0.862761351263159));
#9953=DIRECTION('',(0.505611363367723,0.,0.862761351263159));
#9954=DIRECTION('',(0.,1.,0.));
#9955=DIRECTION('center_axis',(0.505611363367729,0.,0.862761351263156));
#9956=DIRECTION('ref_axis',(0.862761351263156,0.,-0.505611363367729));
#9957=DIRECTION('',(-0.862761351263156,0.,0.505611363367729));
#9958=DIRECTION('',(0.,1.,0.));
#9959=DIRECTION('center_axis',(-0.86276135126316,0.,0.505611363367722));
#9960=DIRECTION('ref_axis',(0.505611363367722,0.,0.86276135126316));
#9961=DIRECTION('',(-0.505611363367722,0.,-0.86276135126316));
#9962=DIRECTION('',(0.,1.,0.));
#9963=DIRECTION('center_axis',(-0.505611363367722,0.,-0.86276135126316));
#9964=DIRECTION('ref_axis',(-0.86276135126316,0.,0.505611363367722));
#9965=DIRECTION('',(0.86276135126316,0.,-0.505611363367722));
#9966=DIRECTION('center_axis',(-0.889226642302647,0.,0.457466915327393));
#9967=DIRECTION('ref_axis',(0.457466915327393,0.,0.889226642302647));
#9968=DIRECTION('',(-0.457466915327393,0.,-0.889226642302647));
#9969=DIRECTION('',(0.,1.,0.));
#9970=DIRECTION('',(-0.457466915327393,0.,-0.889226642302647));
#9971=DIRECTION('',(0.,1.,0.));
#9972=DIRECTION('center_axis',(-0.457466915327394,0.,-0.889226642302646));
#9973=DIRECTION('ref_axis',(-0.889226642302646,0.,0.457466915327394));
#9974=DIRECTION('',(0.889226642302646,0.,-0.457466915327394));
#9975=DIRECTION('',(0.,1.,0.));
#9976=DIRECTION('',(0.889226642302646,0.,-0.457466915327394));
#9977=DIRECTION('center_axis',(-0.889226642302648,0.,0.457466915327392));
#9978=DIRECTION('ref_axis',(0.457466915327392,0.,0.889226642302648));
#9979=DIRECTION('',(-0.457466915327392,0.,-0.889226642302648));
#9980=DIRECTION('',(0.,1.,0.));
#9981=DIRECTION('',(-0.457466915327392,0.,-0.889226642302648));
#9982=DIRECTION('center_axis',(0.457466915327394,0.,0.889226642302646));
#9983=DIRECTION('ref_axis',(0.889226642302646,0.,-0.457466915327394));
#9984=DIRECTION('',(-0.889226642302646,0.,0.457466915327394));
#9985=DIRECTION('',(0.,1.,0.));
#9986=DIRECTION('',(-0.889226642302646,0.,0.457466915327394));
#9987=DIRECTION('center_axis',(0.889226642302647,0.,-0.457466915327394));
#9988=DIRECTION('ref_axis',(-0.457466915327394,0.,-0.889226642302647));
#9989=DIRECTION('',(0.457466915327394,0.,0.889226642302647));
#9990=DIRECTION('',(0.,1.,0.));
#9991=DIRECTION('',(0.457466915327394,0.,0.889226642302647));
#9992=DIRECTION('center_axis',(-0.457466915327386,0.,-0.889226642302651));
#9993=DIRECTION('ref_axis',(-0.889226642302651,0.,0.457466915327386));
#9994=DIRECTION('',(0.889226642302651,0.,-0.457466915327386));
#9995=DIRECTION('',(0.889226642302651,0.,-0.457466915327386));
#9996=DIRECTION('center_axis',(0.,1.,0.));
#9997=DIRECTION('ref_axis',(0.,0.,1.));
#9998=DIRECTION('center_axis',(0.,1.,0.));
#9999=DIRECTION('ref_axis',(0.,0.,1.));
#10000=DIRECTION('',(-0.629348466701992,0.,-0.777123225402415));
#10001=DIRECTION('',(-0.777123225402414,0.,0.629348466701993));
#10002=DIRECTION('',(0.629348466701994,0.,0.777123225402412));
#10003=DIRECTION('',(-0.629348466701981,0.,-0.777123225402423));
#10004=DIRECTION('',(0.777123225402415,0.,-0.629348466701991));
#10005=DIRECTION('',(0.629348466701981,0.,0.777123225402423));
#10006=DIRECTION('center_axis',(0.629348466701991,0.,0.777123225402415));
#10007=DIRECTION('ref_axis',(0.777123225402415,0.,-0.629348466701991));
#10008=DIRECTION('',(0.777123225402415,0.,-0.629348466701991));
#10009=DIRECTION('',(0.,1.,0.));
#10010=DIRECTION('',(0.,1.,0.));
#10011=DIRECTION('center_axis',(0.777123225402423,0.,-0.629348466701981));
#10012=DIRECTION('ref_axis',(-0.629348466701981,0.,-0.777123225402423));
#10013=DIRECTION('',(-0.629348466701981,0.,-0.777123225402423));
#10014=DIRECTION('',(0.,1.,0.));
#10015=DIRECTION('',(0.,1.,0.));
#10016=DIRECTION('',(0.,1.,0.));
#10017=DIRECTION('',(0.,1.,0.));
#10018=DIRECTION('',(0.,1.,0.));
#10019=DIRECTION('',(0.,1.,0.));
#10020=DIRECTION('',(0.,1.,0.));
#10021=DIRECTION('',(0.,1.,0.));
#10022=DIRECTION('center_axis',(-0.777123225402423,0.,0.629348466701981));
#10023=DIRECTION('ref_axis',(0.629348466701981,0.,0.777123225402423));
#10024=DIRECTION('',(0.629348466701981,0.,0.777123225402423));
#10025=DIRECTION('',(0.,1.,0.));
#10026=DIRECTION('',(0.,1.,0.));
#10027=DIRECTION('center_axis',(0.777123225402412,0.,-0.629348466701994));
#10028=DIRECTION('ref_axis',(-0.629348466701994,0.,-0.777123225402412));
#10029=DIRECTION('',(0.629348466701994,0.,0.777123225402412));
#10030=DIRECTION('',(0.,1.,0.));
#10031=DIRECTION('center_axis',(0.629348466701993,0.,0.777123225402414));
#10032=DIRECTION('ref_axis',(0.777123225402414,0.,-0.629348466701993));
#10033=DIRECTION('',(-0.777123225402414,0.,0.629348466701993));
#10034=DIRECTION('',(0.,1.,0.));
#10035=DIRECTION('center_axis',(-0.777123225402415,0.,0.629348466701992));
#10036=DIRECTION('ref_axis',(0.629348466701992,0.,0.777123225402415));
#10037=DIRECTION('',(-0.629348466701992,0.,-0.777123225402415));
#10038=DIRECTION('center_axis',(-0.875446648587958,0.,-0.483314768526798));
#10039=DIRECTION('ref_axis',(-0.483314768526798,0.,0.875446648587958));
#10040=DIRECTION('',(0.483314768526798,0.,-0.875446648587958));
#10041=DIRECTION('',(0.,1.,0.));
#10042=DIRECTION('',(0.483314768526798,0.,-0.875446648587958));
#10043=DIRECTION('',(0.,1.,0.));
#10044=DIRECTION('center_axis',(-0.827713441655193,0.,0.561151012209116));
#10045=DIRECTION('ref_axis',(0.561151012209116,0.,0.827713441655193));
#10046=DIRECTION('',(-0.561151012209116,0.,-0.827713441655193));
#10047=DIRECTION('',(0.,1.,0.));
#10048=DIRECTION('',(-0.561151012209116,0.,-0.827713441655193));
#10049=DIRECTION('center_axis',(0.561151012209112,0.,0.827713441655196));
#10050=DIRECTION('ref_axis',(0.827713441655196,0.,-0.561151012209112));
#10051=DIRECTION('',(-0.827713441655196,0.,0.561151012209112));
#10052=DIRECTION('',(0.,1.,0.));
#10053=DIRECTION('',(-0.827713441655196,0.,0.561151012209112));
#10054=DIRECTION('center_axis',(0.827713441655191,0.,-0.561151012209119));
#10055=DIRECTION('ref_axis',(-0.561151012209119,0.,-0.827713441655191));
#10056=DIRECTION('',(0.561151012209119,0.,0.827713441655191));
#10057=DIRECTION('',(0.,1.,0.));
#10058=DIRECTION('',(0.561151012209119,0.,0.827713441655191));
#10059=DIRECTION('center_axis',(-0.561151012209111,0.,-0.827713441655196));
#10060=DIRECTION('ref_axis',(-0.827713441655196,0.,0.561151012209111));
#10061=DIRECTION('',(0.827713441655196,0.,-0.561151012209111));
#10062=DIRECTION('',(0.,1.,0.));
#10063=DIRECTION('',(0.827713441655196,0.,-0.561151012209111));
#10064=DIRECTION('center_axis',(0.877149687192254,0.,0.480217061607073));
#10065=DIRECTION('ref_axis',(0.480217061607073,0.,-0.877149687192254));
#10066=DIRECTION('',(-0.480217061607073,0.,0.877149687192254));
#10067=DIRECTION('',(0.,1.,0.));
#10068=DIRECTION('',(-0.480217061607073,0.,0.877149687192254));
#10069=DIRECTION('center_axis',(0.827713441655198,0.,-0.561151012209109));
#10070=DIRECTION('ref_axis',(-0.561151012209109,0.,-0.827713441655198));
#10071=DIRECTION('',(0.561151012209109,0.,0.827713441655198));
#10072=DIRECTION('',(0.,1.,0.));
#10073=DIRECTION('',(0.561151012209109,0.,0.827713441655198));
#10074=DIRECTION('center_axis',(-0.561151012209111,0.,-0.827713441655196));
#10075=DIRECTION('ref_axis',(-0.827713441655196,0.,0.561151012209111));
#10076=DIRECTION('',(0.827713441655196,0.,-0.561151012209111));
#10077=DIRECTION('',(0.,1.,0.));
#10078=DIRECTION('',(0.827713441655196,0.,-0.561151012209111));
#10079=DIRECTION('center_axis',(-0.827713441655206,0.,0.561151012209097));
#10080=DIRECTION('ref_axis',(0.561151012209097,0.,0.827713441655206));
#10081=DIRECTION('',(-0.561151012209097,0.,-0.827713441655206));
#10082=DIRECTION('',(0.,1.,0.));
#10083=DIRECTION('',(-0.561151012209097,0.,-0.827713441655206));
#10084=DIRECTION('center_axis',(0.561151012209112,0.,0.827713441655196));
#10085=DIRECTION('ref_axis',(0.827713441655196,0.,-0.561151012209112));
#10086=DIRECTION('',(-0.827713441655196,0.,0.561151012209112));
#10087=DIRECTION('',(-0.827713441655196,0.,0.561151012209112));
#10088=DIRECTION('center_axis',(0.,1.,0.));
#10089=DIRECTION('ref_axis',(0.,0.,1.));
#10090=DIRECTION('center_axis',(0.,1.,0.));
#10091=DIRECTION('ref_axis',(0.,0.,1.));
#10092=DIRECTION('',(-0.688144233503408,0.,-0.725573920352715));
#10093=DIRECTION('',(-0.725573920352714,0.,0.688144233503408));
#10094=DIRECTION('',(0.688144233503409,0.,0.725573920352713));
#10095=DIRECTION('',(0.725573920352706,0.,-0.688144233503417));
#10096=DIRECTION('',(-0.688144233503408,0.,-0.725573920352714));
#10097=DIRECTION('',(0.725573920352716,0.,-0.688144233503407));
#10098=DIRECTION('',(0.688144233503408,0.,0.725573920352715));
#10099=DIRECTION('',(0.72557392035271,0.,-0.688144233503412));
#10100=DIRECTION('',(-0.688144233503408,0.,-0.725573920352715));
#10101=DIRECTION('',(0.725573920352712,0.,-0.688144233503411));
#10102=DIRECTION('',(0.68814423350341,0.,0.725573920352712));
#10103=DIRECTION('',(0.72557392035271,0.,-0.688144233503412));
#10104=DIRECTION('center_axis',(-0.688144233503407,0.,-0.725573920352716));
#10105=DIRECTION('ref_axis',(-0.725573920352716,0.,0.688144233503407));
#10106=DIRECTION('',(0.725573920352716,0.,-0.688144233503407));
#10107=DIRECTION('',(0.,1.,0.));
#10108=DIRECTION('',(0.,1.,0.));
#10109=DIRECTION('center_axis',(-0.725573920352714,0.,0.688144233503408));
#10110=DIRECTION('ref_axis',(0.688144233503408,0.,0.725573920352714));
#10111=DIRECTION('',(-0.688144233503408,0.,-0.725573920352714));
#10112=DIRECTION('',(0.,1.,0.));
#10113=DIRECTION('center_axis',(-0.688144233503417,0.,-0.725573920352706));
#10114=DIRECTION('ref_axis',(-0.725573920352706,0.,0.688144233503417));
#10115=DIRECTION('',(0.725573920352706,0.,-0.688144233503417));
#10116=DIRECTION('',(0.,1.,0.));
#10117=DIRECTION('center_axis',(0.725573920352713,0.,-0.688144233503409));
#10118=DIRECTION('ref_axis',(-0.688144233503409,0.,-0.725573920352713));
#10119=DIRECTION('',(0.688144233503409,0.,0.725573920352713));
#10120=DIRECTION('',(0.,1.,0.));
#10121=DIRECTION('center_axis',(0.688144233503408,0.,0.725573920352714));
#10122=DIRECTION('ref_axis',(0.725573920352714,0.,-0.688144233503408));
#10123=DIRECTION('',(-0.725573920352714,0.,0.688144233503408));
#10124=DIRECTION('',(0.,1.,0.));
#10125=DIRECTION('center_axis',(-0.725573920352715,0.,0.688144233503408));
#10126=DIRECTION('ref_axis',(0.688144233503408,0.,0.725573920352715));
#10127=DIRECTION('',(-0.688144233503408,0.,-0.725573920352715));
#10128=DIRECTION('',(0.,1.,0.));
#10129=DIRECTION('center_axis',(-0.688144233503412,0.,-0.72557392035271));
#10130=DIRECTION('ref_axis',(-0.72557392035271,0.,0.688144233503412));
#10131=DIRECTION('',(0.72557392035271,0.,-0.688144233503412));
#10132=DIRECTION('',(0.,1.,0.));
#10133=DIRECTION('center_axis',(0.725573920352712,0.,-0.68814423350341));
#10134=DIRECTION('ref_axis',(-0.68814423350341,0.,-0.725573920352712));
#10135=DIRECTION('',(0.68814423350341,0.,0.725573920352712));
#10136=DIRECTION('',(0.,1.,0.));
#10137=DIRECTION('center_axis',(-0.688144233503411,0.,-0.725573920352712));
#10138=DIRECTION('ref_axis',(-0.725573920352712,0.,0.688144233503411));
#10139=DIRECTION('',(0.725573920352712,0.,-0.688144233503411));
#10140=DIRECTION('',(0.,1.,0.));
#10141=DIRECTION('center_axis',(-0.725573920352715,0.,0.688144233503408));
#10142=DIRECTION('ref_axis',(0.688144233503408,0.,0.725573920352715));
#10143=DIRECTION('',(-0.688144233503408,0.,-0.725573920352715));
#10144=DIRECTION('',(0.,1.,0.));
#10145=DIRECTION('center_axis',(-0.688144233503412,0.,-0.72557392035271));
#10146=DIRECTION('ref_axis',(-0.72557392035271,0.,0.688144233503412));
#10147=DIRECTION('',(0.72557392035271,0.,-0.688144233503412));
#10148=DIRECTION('',(0.,1.,0.));
#10149=DIRECTION('center_axis',(0.725573920352715,0.,-0.688144233503408));
#10150=DIRECTION('ref_axis',(-0.688144233503408,0.,-0.725573920352715));
#10151=DIRECTION('',(0.688144233503408,0.,0.725573920352715));
#10152=DIRECTION('center_axis',(-0.672287772319092,0.,0.740289910231277));
#10153=DIRECTION('ref_axis',(0.740289910231277,0.,0.672287772319092));
#10154=DIRECTION('',(-0.740289910231277,0.,-0.672287772319092));
#10155=DIRECTION('',(0.,1.,0.));
#10156=DIRECTION('',(-0.740289910231277,0.,-0.672287772319092));
#10157=DIRECTION('',(0.,1.,0.));
#10158=DIRECTION('center_axis',(0.740289910231277,0.,0.672287772319093));
#10159=DIRECTION('ref_axis',(0.672287772319093,0.,-0.740289910231277));
#10160=DIRECTION('',(-0.672287772319093,0.,0.740289910231277));
#10161=DIRECTION('',(0.,1.,0.));
#10162=DIRECTION('',(-0.672287772319093,0.,0.740289910231277));
#10163=DIRECTION('center_axis',(0.672287772319091,0.,-0.740289910231279));
#10164=DIRECTION('ref_axis',(-0.740289910231279,0.,-0.672287772319091));
#10165=DIRECTION('',(0.740289910231279,0.,0.672287772319091));
#10166=DIRECTION('',(0.,1.,0.));
#10167=DIRECTION('',(0.740289910231279,0.,0.672287772319091));
#10168=DIRECTION('center_axis',(-0.740289910231278,0.,-0.672287772319092));
#10169=DIRECTION('ref_axis',(-0.672287772319092,0.,0.740289910231278));
#10170=DIRECTION('',(0.672287772319092,0.,-0.740289910231278));
#10171=DIRECTION('',(0.,1.,0.));
#10172=DIRECTION('',(0.672287772319092,0.,-0.740289910231278));
#10173=DIRECTION('center_axis',(0.67228777231909,0.,-0.740289910231279));
#10174=DIRECTION('ref_axis',(-0.740289910231279,0.,-0.67228777231909));
#10175=DIRECTION('',(0.740289910231279,0.,0.67228777231909));
#10176=DIRECTION('',(0.,1.,0.));
#10177=DIRECTION('',(0.740289910231279,0.,0.67228777231909));
#10178=DIRECTION('',(0.,1.,0.));
#10179=DIRECTION('',(0.,1.,0.));
#10180=DIRECTION('',(0.,1.,0.));
#10181=DIRECTION('center_axis',(-0.672287772319094,0.,0.740289910231276));
#10182=DIRECTION('ref_axis',(0.740289910231276,0.,0.672287772319094));
#10183=DIRECTION('',(0.740289910231276,0.,0.672287772319094));
#10184=DIRECTION('',(0.740289910231276,0.,0.672287772319094));
#10185=DIRECTION('',(0.,1.,0.));
#10186=DIRECTION('center_axis',(0.99782009822359,0.,0.0659928146169314));
#10187=DIRECTION('ref_axis',(0.0659928146169314,0.,-0.99782009822359));
#10188=DIRECTION('',(-0.0659928146169314,0.,0.99782009822359));
#10189=DIRECTION('',(0.,1.,0.));
#10190=DIRECTION('',(-0.0659928146169314,0.,0.99782009822359));
#10191=DIRECTION('center_axis',(0.672287772319093,0.,-0.740289910231276));
#10192=DIRECTION('ref_axis',(-0.740289910231276,0.,-0.672287772319093));
#10193=DIRECTION('',(0.740289910231276,0.,0.672287772319093));
#10194=DIRECTION('',(0.,1.,0.));
#10195=DIRECTION('',(0.740289910231276,0.,0.672287772319093));
#10196=DIRECTION('center_axis',(-0.998649806729167,0.,-0.0519476998508817));
#10197=DIRECTION('ref_axis',(-0.0519476998508817,0.,0.998649806729167));
#10198=DIRECTION('',(0.0519476998508817,0.,-0.998649806729167));
#10199=DIRECTION('',(0.,1.,0.));
#10200=DIRECTION('',(0.0519476998508817,0.,-0.998649806729167));
#10201=DIRECTION('',(0.,1.,0.));
#10202=DIRECTION('',(0.,1.,0.));
#10203=DIRECTION('',(0.,1.,0.));
#10204=DIRECTION('',(0.,1.,0.));
#10205=DIRECTION('center_axis',(0.672287772319092,0.,-0.740289910231277));
#10206=DIRECTION('ref_axis',(-0.740289910231277,0.,-0.672287772319092));
#10207=DIRECTION('',(-0.740289910231277,0.,-0.672287772319092));
#10208=DIRECTION('',(0.,1.,0.));
#10209=DIRECTION('',(-0.740289910231277,0.,-0.672287772319092));
#10210=DIRECTION('center_axis',(0.740289910231274,0.,0.672287772319096));
#10211=DIRECTION('ref_axis',(0.672287772319096,0.,-0.740289910231274));
#10212=DIRECTION('',(0.672287772319096,0.,-0.740289910231274));
#10213=DIRECTION('',(0.672287772319096,0.,-0.740289910231274));
#10214=DIRECTION('center_axis',(0.,1.,0.));
#10215=DIRECTION('ref_axis',(0.,0.,1.));
#10216=DIRECTION('center_axis',(0.,1.,0.));
#10217=DIRECTION('ref_axis',(0.,0.,1.));
#10218=DIRECTION('',(0.436425325431246,0.,0.899740482207081));
#10219=DIRECTION('',(0.988647785744267,0.,-0.150251641398552));
#10220=DIRECTION('',(-0.436425325431248,0.,-0.89974048220708));
#10221=DIRECTION('',(-0.988470983585399,0.,0.151410417771415));
#10222=DIRECTION('center_axis',(-0.150251641398552,0.,-0.988647785744266));
#10223=DIRECTION('ref_axis',(-0.988647785744267,0.,0.150251641398552));
#10224=DIRECTION('',(0.988647785744267,0.,-0.150251641398552));
#10225=DIRECTION('',(0.,1.,0.));
#10226=DIRECTION('',(0.,1.,0.));
#10227=DIRECTION('center_axis',(0.899740482207081,0.,-0.436425325431246));
#10228=DIRECTION('ref_axis',(-0.436425325431246,0.,-0.899740482207081));
#10229=DIRECTION('',(0.436425325431246,0.,0.899740482207081));
#10230=DIRECTION('',(0.,1.,0.));
#10231=DIRECTION('center_axis',(0.151410417771415,0.,0.988470983585399));
#10232=DIRECTION('ref_axis',(0.988470983585399,0.,-0.151410417771415));
#10233=DIRECTION('',(-0.988470983585399,0.,0.151410417771415));
#10234=DIRECTION('',(0.,1.,0.));
#10235=DIRECTION('center_axis',(-0.89974048220708,0.,0.436425325431248));
#10236=DIRECTION('ref_axis',(0.436425325431248,0.,0.89974048220708));
#10237=DIRECTION('',(-0.436425325431248,0.,-0.89974048220708));
#10238=DIRECTION('center_axis',(0.390191263292343,0.,0.920733825842369));
#10239=DIRECTION('ref_axis',(0.920733825842369,0.,-0.390191263292343));
#10240=DIRECTION('',(-0.920733825842369,0.,0.390191263292343));
#10241=DIRECTION('',(0.,1.,0.));
#10242=DIRECTION('',(-0.920733825842369,0.,0.390191263292343));
#10243=DIRECTION('',(0.,1.,0.));
#10244=DIRECTION('center_axis',(0.920733825842366,0.,-0.390191263292351));
#10245=DIRECTION('ref_axis',(-0.390191263292351,0.,-0.920733825842366));
#10246=DIRECTION('',(0.390191263292351,0.,0.920733825842366));
#10247=DIRECTION('',(0.,1.,0.));
#10248=DIRECTION('',(0.390191263292351,0.,0.920733825842366));
#10249=DIRECTION('center_axis',(-0.076954375217552,0.,0.997034615314271));
#10250=DIRECTION('ref_axis',(0.997034615314271,0.,0.076954375217552));
#10251=DIRECTION('',(-0.997034615314271,0.,-0.076954375217552));
#10252=DIRECTION('',(0.,1.,0.));
#10253=DIRECTION('',(-0.997034615314271,0.,-0.076954375217552));
#10254=DIRECTION('center_axis',(0.920733825842365,0.,-0.390191263292351));
#10255=DIRECTION('ref_axis',(-0.390191263292351,0.,-0.920733825842365));
#10256=DIRECTION('',(0.390191263292351,0.,0.920733825842365));
#10257=DIRECTION('',(0.,1.,0.));
#10258=DIRECTION('',(0.390191263292351,0.,0.920733825842365));
#10259=DIRECTION('center_axis',(0.0699697969934612,0.,-0.997549110324246));
#10260=DIRECTION('ref_axis',(-0.997549110324246,0.,-0.0699697969934612));
#10261=DIRECTION('',(0.997549110324246,0.,0.0699697969934612));
#10262=DIRECTION('',(0.,1.,0.));
#10263=DIRECTION('',(0.997549110324246,0.,0.0699697969934612));
#10264=DIRECTION('center_axis',(-0.390191263292344,0.,-0.920733825842368));
#10265=DIRECTION('ref_axis',(-0.920733825842368,0.,0.390191263292344));
#10266=DIRECTION('',(0.920733825842368,0.,-0.390191263292344));
#10267=DIRECTION('',(0.,1.,0.));
#10268=DIRECTION('',(0.920733825842368,0.,-0.390191263292344));
#10269=DIRECTION('center_axis',(-0.920733825842366,0.,0.390191263292351));
#10270=DIRECTION('ref_axis',(0.390191263292351,0.,0.920733825842365));
#10271=DIRECTION('',(-0.390191263292351,0.,-0.920733825842365));
#10272=DIRECTION('',(-0.390191263292351,0.,-0.920733825842365));
#10273=DIRECTION('center_axis',(0.,1.,0.));
#10274=DIRECTION('ref_axis',(0.,0.,1.));
#10275=DIRECTION('center_axis',(0.,1.,0.));
#10276=DIRECTION('ref_axis',(0.,0.,1.));
#10277=DIRECTION('',(0.,1.,0.));
#10278=DIRECTION('',(0.,1.,0.));
#10279=DIRECTION('',(0.,1.,0.));
#10280=DIRECTION('',(0.,1.,0.));
#10281=DIRECTION('',(0.,1.,0.));
#10282=DIRECTION('',(0.,1.,0.));
#10283=DIRECTION('',(0.,1.,0.));
#10284=DIRECTION('',(0.,1.,0.));
#10285=DIRECTION('',(0.,1.,0.));
#10286=DIRECTION('',(0.,1.,0.));
#10287=DIRECTION('',(0.,1.,0.));
#10288=DIRECTION('',(0.,1.,0.));
#10289=DIRECTION('center_axis',(0.48153414823498,0.,0.876427329607887));
#10290=DIRECTION('ref_axis',(0.876427329607887,0.,-0.48153414823498));
#10291=DIRECTION('',(-0.876427329607887,0.,0.48153414823498));
#10292=DIRECTION('',(0.,1.,0.));
#10293=DIRECTION('',(-0.876427329607887,0.,0.48153414823498));
#10294=DIRECTION('',(0.,1.,0.));
#10295=DIRECTION('center_axis',(0.876427329607855,0.,-0.481534148235038));
#10296=DIRECTION('ref_axis',(-0.481534148235038,0.,-0.876427329607855));
#10297=DIRECTION('',(0.481534148235038,0.,0.876427329607855));
#10298=DIRECTION('',(0.,1.,0.));
#10299=DIRECTION('',(0.481534148235038,0.,0.876427329607855));
#10300=DIRECTION('',(0.,1.,0.));
#10301=DIRECTION('',(0.,1.,0.));
#10302=DIRECTION('',(0.,1.,0.));
#10303=DIRECTION('',(0.,1.,0.));
#10304=DIRECTION('',(0.,1.,0.));
#10305=DIRECTION('',(0.,1.,0.));
#10306=DIRECTION('center_axis',(0.481534148234976,0.,0.87642732960789));
#10307=DIRECTION('ref_axis',(0.87642732960789,0.,-0.481534148234976));
#10308=DIRECTION('',(-0.87642732960789,0.,0.481534148234976));
#10309=DIRECTION('',(0.,1.,0.));
#10310=DIRECTION('',(-0.87642732960789,0.,0.481534148234976));
#10311=DIRECTION('center_axis',(0.876427329607885,0.,-0.481534148234985));
#10312=DIRECTION('ref_axis',(-0.481534148234985,0.,-0.876427329607885));
#10313=DIRECTION('',(0.481534148234985,0.,0.876427329607885));
#10314=DIRECTION('',(0.,1.,0.));
#10315=DIRECTION('',(0.481534148234985,0.,0.876427329607885));
#10316=DIRECTION('center_axis',(-0.481534148234981,0.,-0.876427329607887));
#10317=DIRECTION('ref_axis',(-0.876427329607887,0.,0.481534148234981));
#10318=DIRECTION('',(0.876427329607887,0.,-0.481534148234981));
#10319=DIRECTION('',(0.,1.,0.));
#10320=DIRECTION('',(0.876427329607887,0.,-0.481534148234981));
#10321=DIRECTION('center_axis',(-0.876427329607885,0.,0.481534148234983));
#10322=DIRECTION('ref_axis',(0.481534148234983,0.,0.876427329607885));
#10323=DIRECTION('',(-0.481534148234983,0.,-0.876427329607885));
#10324=DIRECTION('',(0.,1.,0.));
#10325=DIRECTION('',(-0.481534148234983,0.,-0.876427329607885));
#10326=DIRECTION('',(0.,1.,0.));
#10327=DIRECTION('',(0.,1.,0.));
#10328=DIRECTION('',(0.,1.,0.));
#10329=DIRECTION('',(0.,1.,0.));
#10330=DIRECTION('center_axis',(0.,1.,0.));
#10331=DIRECTION('ref_axis',(0.,0.,1.));
#10332=DIRECTION('center_axis',(0.,1.,0.));
#10333=DIRECTION('ref_axis',(0.,0.,1.));
#10334=DIRECTION('',(0.575239491153166,0.,0.817985041316678));
#10335=DIRECTION('',(0.951691499052583,0.,-0.307055842854434));
#10336=DIRECTION('',(-0.575239491153154,0.,-0.817985041316686));
#10337=DIRECTION('',(-0.951330918513462,0.,0.308171191840399));
#10338=DIRECTION('center_axis',(-0.307055842854434,0.,-0.951691499052583));
#10339=DIRECTION('ref_axis',(-0.951691499052583,0.,0.307055842854434));
#10340=DIRECTION('',(0.951691499052583,0.,-0.307055842854434));
#10341=DIRECTION('',(0.,1.,0.));
#10342=DIRECTION('',(0.,1.,0.));
#10343=DIRECTION('center_axis',(0.817985041316678,0.,-0.575239491153166));
#10344=DIRECTION('ref_axis',(-0.575239491153166,0.,-0.817985041316678));
#10345=DIRECTION('',(0.575239491153166,0.,0.817985041316678));
#10346=DIRECTION('',(0.,1.,0.));
#10347=DIRECTION('center_axis',(0.308171191840399,0.,0.951330918513462));
#10348=DIRECTION('ref_axis',(0.951330918513462,0.,-0.308171191840399));
#10349=DIRECTION('',(-0.951330918513462,0.,0.308171191840399));
#10350=DIRECTION('',(0.,1.,0.));
#10351=DIRECTION('center_axis',(-0.817985041316686,0.,0.575239491153154));
#10352=DIRECTION('ref_axis',(0.575239491153154,0.,0.817985041316686));
#10353=DIRECTION('',(-0.575239491153154,0.,-0.817985041316686));
#10354=DIRECTION('center_axis',(0.616019398936013,0.,0.787730982083677));
#10355=DIRECTION('ref_axis',(0.787730982083677,0.,-0.616019398936013));
#10356=DIRECTION('',(-0.787730982083677,0.,0.616019398936013));
#10357=DIRECTION('',(0.,1.,0.));
#10358=DIRECTION('',(-0.787730982083677,0.,0.616019398936013));
#10359=DIRECTION('',(0.,1.,0.));
#10360=DIRECTION('center_axis',(0.787730982083632,0.,-0.61601939893607));
#10361=DIRECTION('ref_axis',(-0.61601939893607,0.,-0.787730982083632));
#10362=DIRECTION('',(0.61601939893607,0.,0.787730982083632));
#10363=DIRECTION('',(0.,1.,0.));
#10364=DIRECTION('',(0.61601939893607,0.,0.787730982083632));
#10365=DIRECTION('',(0.,1.,0.));
#10366=DIRECTION('',(0.,1.,0.));
#10367=DIRECTION('',(0.,1.,0.));
#10368=DIRECTION('',(0.,1.,0.));
#10369=DIRECTION('',(0.,1.,0.));
#10370=DIRECTION('',(0.,1.,0.));
#10371=DIRECTION('center_axis',(0.616019398936009,0.,0.78773098208368));
#10372=DIRECTION('ref_axis',(0.787730982083679,0.,-0.616019398936009));
#10373=DIRECTION('',(-0.787730982083679,0.,0.616019398936009));
#10374=DIRECTION('',(0.,1.,0.));
#10375=DIRECTION('',(-0.787730982083679,0.,0.616019398936009));
#10376=DIRECTION('center_axis',(0.787730982083675,0.,-0.616019398936014));
#10377=DIRECTION('ref_axis',(-0.616019398936014,0.,-0.787730982083675));
#10378=DIRECTION('',(0.616019398936014,0.,0.787730982083675));
#10379=DIRECTION('',(0.,1.,0.));
#10380=DIRECTION('',(0.616019398936014,0.,0.787730982083675));
#10381=DIRECTION('center_axis',(-0.616019398936009,0.,-0.78773098208368));
#10382=DIRECTION('ref_axis',(-0.787730982083679,0.,0.616019398936009));
#10383=DIRECTION('',(0.787730982083679,0.,-0.616019398936009));
#10384=DIRECTION('',(0.,1.,0.));
#10385=DIRECTION('',(0.787730982083679,0.,-0.616019398936009));
#10386=DIRECTION('center_axis',(-0.787730982083676,0.,0.616019398936013));
#10387=DIRECTION('ref_axis',(0.616019398936013,0.,0.787730982083676));
#10388=DIRECTION('',(-0.616019398936013,0.,-0.787730982083676));
#10389=DIRECTION('',(0.,1.,0.));
#10390=DIRECTION('',(-0.616019398936013,0.,-0.787730982083676));
#10391=DIRECTION('',(0.,1.,0.));
#10392=DIRECTION('',(0.,1.,0.));
#10393=DIRECTION('',(0.,1.,0.));
#10394=DIRECTION('',(0.,1.,0.));
#10395=DIRECTION('center_axis',(0.,1.,0.));
#10396=DIRECTION('ref_axis',(0.,0.,1.));
#10397=DIRECTION('center_axis',(0.,1.,0.));
#10398=DIRECTION('ref_axis',(0.,0.,1.));
#10399=DIRECTION('',(0.,1.,0.));
#10400=DIRECTION('',(0.,1.,0.));
#10401=DIRECTION('',(0.,1.,0.));
#10402=DIRECTION('',(0.,1.,0.));
#10403=DIRECTION('',(0.,1.,0.));
#10404=DIRECTION('',(0.,1.,0.));
#10405=DIRECTION('',(0.,1.,0.));
#10406=DIRECTION('',(0.,1.,0.));
#10407=DIRECTION('',(0.,1.,0.));
#10408=DIRECTION('',(0.,1.,0.));
#10409=DIRECTION('',(0.,1.,0.));
#10410=DIRECTION('',(0.,1.,0.));
#10411=DIRECTION('center_axis',(0.665368048703038,0.,-0.746515478583741));
#10412=DIRECTION('ref_axis',(-0.746515478583741,0.,-0.665368048703038));
#10413=DIRECTION('',(0.746515478583741,0.,0.665368048703038));
#10414=DIRECTION('',(0.,1.,0.));
#10415=DIRECTION('',(0.746515478583741,0.,0.665368048703038));
#10416=DIRECTION('',(0.,1.,0.));
#10417=DIRECTION('center_axis',(-0.746515478583907,0.,-0.665368048702852));
#10418=DIRECTION('ref_axis',(-0.665368048702852,0.,0.746515478583907));
#10419=DIRECTION('',(0.665368048702852,0.,-0.746515478583907));
#10420=DIRECTION('',(0.,1.,0.));
#10421=DIRECTION('',(0.665368048702852,0.,-0.746515478583907));
#10422=DIRECTION('',(0.,1.,0.));
#10423=DIRECTION('',(0.,1.,0.));
#10424=DIRECTION('',(0.,1.,0.));
#10425=DIRECTION('',(0.,1.,0.));
#10426=DIRECTION('',(0.,1.,0.));
#10427=DIRECTION('',(0.,1.,0.));
#10428=DIRECTION('',(0.,1.,0.));
#10429=DIRECTION('',(0.,1.,0.));
#10430=DIRECTION('',(0.,1.,0.));
#10431=DIRECTION('',(0.,1.,0.));
#10432=DIRECTION('',(0.,1.,0.));
#10433=DIRECTION('',(0.,1.,0.));
#10434=DIRECTION('',(0.,1.,0.));
#10435=DIRECTION('',(0.,1.,0.));
#10436=DIRECTION('',(0.,1.,0.));
#10437=DIRECTION('',(0.,1.,0.));
#10438=DIRECTION('',(0.,1.,0.));
#10439=DIRECTION('',(0.,1.,0.));
#10440=DIRECTION('center_axis',(0.,1.,0.));
#10441=DIRECTION('ref_axis',(0.,0.,1.));
#10442=DIRECTION('center_axis',(0.,1.,0.));
#10443=DIRECTION('ref_axis',(0.,0.,1.));
#10444=DIRECTION('center_axis',(0.,1.,0.));
#10445=DIRECTION('ref_axis',(0.,0.,1.));
#10446=DIRECTION('center_axis',(0.,1.,0.));
#10447=DIRECTION('ref_axis',(1.,0.,0.));
#10448=DIRECTION('center_axis',(0.,1.,0.));
#10449=DIRECTION('ref_axis',(1.,0.,0.));
#10450=DIRECTION('center_axis',(0.,-1.,0.));
#10451=DIRECTION('ref_axis',(1.,0.,0.));
#10452=DIRECTION('center_axis',(0.,-1.,0.));
#10453=DIRECTION('ref_axis',(1.,0.,0.));
#10454=DIRECTION('center_axis',(0.,-1.,0.));
#10455=DIRECTION('ref_axis',(1.,0.,0.));
#10456=DIRECTION('center_axis',(0.,1.,0.));
#10457=DIRECTION('ref_axis',(0.,0.,1.));
#10458=DIRECTION('center_axis',(0.,1.,0.));
#10459=DIRECTION('ref_axis',(0.,0.,1.));
#10460=DIRECTION('center_axis',(0.,1.,0.));
#10461=DIRECTION('ref_axis',(0.,0.,1.));
#10462=DIRECTION('center_axis',(0.,1.,0.));
#10463=DIRECTION('ref_axis',(0.,0.,1.));
#10464=DIRECTION('center_axis',(0.,1.,0.));
#10465=DIRECTION('ref_axis',(0.,0.,1.));
#10466=DIRECTION('center_axis',(0.,1.,0.));
#10467=DIRECTION('ref_axis',(0.,0.,1.));
#10468=DIRECTION('center_axis',(0.,1.,0.));
#10469=DIRECTION('ref_axis',(0.,0.,1.));
#10470=DIRECTION('center_axis',(0.,1.,0.));
#10471=DIRECTION('ref_axis',(1.,0.,0.));
#10472=DIRECTION('',(0.,-1.,0.));
#10473=DIRECTION('center_axis',(0.,1.,0.));
#10474=DIRECTION('ref_axis',(1.,0.,0.));
#10475=DIRECTION('center_axis',(0.,1.,0.));
#10476=DIRECTION('ref_axis',(1.,0.,0.));
#10477=DIRECTION('',(0.,-1.,0.));
#10478=DIRECTION('center_axis',(0.,1.,0.));
#10479=DIRECTION('ref_axis',(1.,0.,0.));
#10480=DIRECTION('center_axis',(0.,1.,0.));
#10481=DIRECTION('ref_axis',(1.,0.,0.));
#10482=DIRECTION('',(0.,-1.,0.));
#10483=DIRECTION('center_axis',(0.,1.,0.));
#10484=DIRECTION('ref_axis',(1.,0.,0.));
#10485=DIRECTION('center_axis',(0.,1.,0.));
#10486=DIRECTION('ref_axis',(0.,0.,-1.));
#10487=DIRECTION('center_axis',(0.,1.,0.));
#10488=DIRECTION('ref_axis',(1.,0.,0.));
#10489=DIRECTION('',(0.,-1.,0.));
#10490=DIRECTION('center_axis',(0.,1.,0.));
#10491=DIRECTION('ref_axis',(1.,0.,0.));
#10492=DIRECTION('center_axis',(0.,-1.,0.));
#10493=DIRECTION('ref_axis',(0.,0.,-1.));
#10494=DIRECTION('center_axis',(0.,1.,0.));
#10495=DIRECTION('ref_axis',(1.,0.,0.));
#10496=DIRECTION('center_axis',(0.,1.,0.));
#10497=DIRECTION('ref_axis',(0.,0.,-1.));
#10498=DIRECTION('center_axis',(0.,1.,0.));
#10499=DIRECTION('ref_axis',(1.,0.,0.));
#10500=DIRECTION('',(0.,-1.,0.));
#10501=DIRECTION('center_axis',(0.,-1.,0.));
#10502=DIRECTION('ref_axis',(0.,0.,-1.));
#10503=DIRECTION('center_axis',(0.,1.,0.));
#10504=DIRECTION('ref_axis',(1.,0.,0.));
#10505=DIRECTION('',(8.70029075952076E-17,-0.70376519086543,0.710432654180637));
#10506=DIRECTION('center_axis',(0.,1.,0.));
#10507=DIRECTION('ref_axis',(0.,0.,-1.));
#10508=DIRECTION('',(0.,-1.,0.));
#10509=DIRECTION('center_axis',(0.,1.,0.));
#10510=DIRECTION('ref_axis',(0.,0.,1.));
#10511=DIRECTION('center_axis',(0.,1.,0.));
#10512=DIRECTION('ref_axis',(0.,0.,-1.));
#10513=DIRECTION('',(0.,-1.,0.));
#10514=DIRECTION('center_axis',(0.,1.,0.));
#10515=DIRECTION('ref_axis',(1.,0.,0.));
#10516=DIRECTION('center_axis',(0.,-1.,0.));
#10517=DIRECTION('ref_axis',(0.,0.,-1.));
#10518=CARTESIAN_POINT('',(0.,0.,0.));
#10519=CARTESIAN_POINT('Origin',(0.,144.,-40.5));
#10520=CARTESIAN_POINT('',(41.028993010193,144.,-38.9215823000248));
#10521=CARTESIAN_POINT('',(40.5767036358732,144.,-38.4713674533923));
#10522=CARTESIAN_POINT('',(31.119189924512,144.,-29.0572327713911));
#10523=CARTESIAN_POINT('',(39.0712015914087,144.,-40.8883949506381));
#10524=CARTESIAN_POINT('',(29.4454038813853,144.,-50.5585470039528));
#10525=CARTESIAN_POINT('',(38.7016165598216,144.,-40.5205051045328));
#10526=CARTESIAN_POINT('',(28.976605989934,144.,-30.8401004989518));
#10527=CARTESIAN_POINT('',(40.260646257303,144.,-38.9542916140312));
#10528=CARTESIAN_POINT('',(29.855333698539,144.,-49.4075504125966));
#10529=CARTESIAN_POINT('',(38.5949168871059,144.,-38.9735921003505));
#10530=CARTESIAN_POINT('Ctrl Pts',(38.5949168871059,144.,-38.9735921003505));
#10531=CARTESIAN_POINT('Ctrl Pts',(38.875150619885,144.,-38.9849813985098));
#10532=CARTESIAN_POINT('Ctrl Pts',(39.1755605356393,144.,-38.9864396967247));
#10533=CARTESIAN_POINT('Ctrl Pts',(39.4961466343688,144.,-38.9779669949952));
#10534=CARTESIAN_POINT('Ctrl Pts',(39.8167327330983,144.,-38.9694942932657));
#10535=CARTESIAN_POINT('Ctrl Pts',(40.071565940743,144.,-38.9616024996111));
#10536=CARTESIAN_POINT('Ctrl Pts',(40.260646257303,144.,-38.9542916140312));
#10537=CARTESIAN_POINT('',(37.6250968432441,144.,-38.8572058953409));
#10538=CARTESIAN_POINT('Ctrl Pts',(37.6250968432441,144.,-38.8572058953409));
#10539=CARTESIAN_POINT('Ctrl Pts',(37.8359742596596,144.,-38.9169326298576));
#10540=CARTESIAN_POINT('Ctrl Pts',(38.0185334952897,144.,-38.9355787010023));
#10541=CARTESIAN_POINT('Ctrl Pts',(38.258411327245,144.,-38.9586370076733));
#10542=CARTESIAN_POINT('Ctrl Pts',(38.4265285284065,144.,-38.968876814616));
#10543=CARTESIAN_POINT('Ctrl Pts',(38.5949168871059,144.,-38.9735921003505));
#10544=CARTESIAN_POINT('',(36.8220726967215,144.,-38.3871684829881));
#10545=CARTESIAN_POINT('Ctrl Pts',(36.8220726967215,144.,-38.3871684829881));
#10546=CARTESIAN_POINT('Ctrl Pts',(36.9478522179609,144.,-38.5123710879564));
#10547=CARTESIAN_POINT('Ctrl Pts',(37.0778720818687,144.,-38.6126375071665));
#10548=CARTESIAN_POINT('Ctrl Pts',(37.2121322884449,144.,-38.6879677406184));
#10549=CARTESIAN_POINT('Ctrl Pts',(37.3463924950211,144.,-38.7632979740704));
#10550=CARTESIAN_POINT('Ctrl Pts',(37.4840473466209,144.,-38.8197106923112));
#10551=CARTESIAN_POINT('Ctrl Pts',(37.6250968432441,144.,-38.8572058953409));
#10552=CARTESIAN_POINT('',(36.8926610719576,144.,-36.5639380672277));
#10553=CARTESIAN_POINT('Ctrl Pts',(36.8926610719576,144.,-36.5639380672277));
#10554=CARTESIAN_POINT('Ctrl Pts',(36.5959480492247,144.,-36.8620183024937));
#10555=CARTESIAN_POINT('Ctrl Pts',(36.442807785865,144.,-37.173521034342));
#10556=CARTESIAN_POINT('Ctrl Pts',(36.4332402818787,144.,-37.4984462627727));
#10557=CARTESIAN_POINT('Ctrl Pts',(36.4236727778924,144.,-37.8233714912033));
#10558=CARTESIAN_POINT('Ctrl Pts',(36.55328358284,144.,-38.1196122312751));
#10559=CARTESIAN_POINT('Ctrl Pts',(36.8220726967215,144.,-38.3871684829881));
#10560=CARTESIAN_POINT('',(37.8968742447319,144.,-35.9376092464606));
#10561=CARTESIAN_POINT('Ctrl Pts',(37.8968742447319,144.,-35.9376092464606));
#10562=CARTESIAN_POINT('Ctrl Pts',(37.7663287531653,144.,-35.982605006173));
#10563=CARTESIAN_POINT('Ctrl Pts',(37.6014831537863,144.,-36.0629204365202));
#10564=CARTESIAN_POINT('Ctrl Pts',(37.4023374465951,144.,-36.1785555375021));
#10565=CARTESIAN_POINT('Ctrl Pts',(37.2031917394039,144.,-36.2941906384841));
#10566=CARTESIAN_POINT('Ctrl Pts',(37.0332996145247,144.,-36.4226514817259));
#10567=CARTESIAN_POINT('Ctrl Pts',(36.8926610719576,144.,-36.5639380672277));
#10568=CARTESIAN_POINT('',(38.3517481297621,144.,-36.3903967493595));
#10569=CARTESIAN_POINT('',(29.7471229528326,144.,-27.8252386352936));
#10570=CARTESIAN_POINT('',(38.3285942233639,144.,-36.4136573457531));
#10571=CARTESIAN_POINT('',(27.7689222886114,144.,-47.0219867869424));
#10572=CARTESIAN_POINT('',(37.8441287430803,144.,-36.5488580048809));
#10573=CARTESIAN_POINT('Ctrl Pts',(37.8441287430803,144.,-36.5488580048809));
#10574=CARTESIAN_POINT('Ctrl Pts',(37.9282794892616,144.,-36.5125642134587));
#10575=CARTESIAN_POINT('Ctrl Pts',(38.0154553766417,144.,-36.4835694934947));
#10576=CARTESIAN_POINT('Ctrl Pts',(38.1056564052206,144.,-36.461873844989));
#10577=CARTESIAN_POINT('Ctrl Pts',(38.1958574337994,144.,-36.4401781964833));
#10578=CARTESIAN_POINT('Ctrl Pts',(38.2701700398472,144.,-36.4241060300713));
#10579=CARTESIAN_POINT('Ctrl Pts',(38.3285942233639,144.,-36.4136573457531));
#10580=CARTESIAN_POINT('',(37.2931179787423,144.,-36.9008137848083));
#10581=CARTESIAN_POINT('Ctrl Pts',(37.2931179787423,144.,-36.9008137848083));
#10582=CARTESIAN_POINT('Ctrl Pts',(37.3685825625588,144.,-36.8250014706366));
#10583=CARTESIAN_POINT('Ctrl Pts',(37.4543812377355,144.,-36.7577607258718));
#10584=CARTESIAN_POINT('Ctrl Pts',(37.5505140042726,144.,-36.699091550514));
#10585=CARTESIAN_POINT('Ctrl Pts',(37.6466467708096,144.,-36.6404223751562));
#10586=CARTESIAN_POINT('Ctrl Pts',(37.7445183504122,144.,-36.5903445266118));
#10587=CARTESIAN_POINT('Ctrl Pts',(37.8441287430803,144.,-36.5488580048809));
#10588=CARTESIAN_POINT('',(37.0338724180251,144.,-37.4197077154021));
#10589=CARTESIAN_POINT('Ctrl Pts',(37.0338724180251,144.,-37.4197077154021));
#10590=CARTESIAN_POINT('Ctrl Pts',(37.0405352606703,144.,-37.3268629038932));
#10591=CARTESIAN_POINT('Ctrl Pts',(37.0656848667415,144.,-37.2369839613634));
#10592=CARTESIAN_POINT('Ctrl Pts',(37.1093212362387,144.,-37.1500708878127));
#10593=CARTESIAN_POINT('Ctrl Pts',(37.152957605736,144.,-37.063157814262));
#10594=CARTESIAN_POINT('Ctrl Pts',(37.2142231865705,144.,-36.9800721132605));
#10595=CARTESIAN_POINT('Ctrl Pts',(37.2931179787423,144.,-36.9008137848083));
#10596=CARTESIAN_POINT('',(37.2775395458822,144.,-37.9761245900394));
#10597=CARTESIAN_POINT('Ctrl Pts',(37.2775395458822,144.,-37.9761245900394));
#10598=CARTESIAN_POINT('Ctrl Pts',(37.1879431745884,144.,-37.8869391728017));
#10599=CARTESIAN_POINT('Ctrl Pts',(37.1232671831275,144.,-37.7951178755966));
#10600=CARTESIAN_POINT('Ctrl Pts',(37.0835115714994,144.,-37.7006606984241));
#10601=CARTESIAN_POINT('Ctrl Pts',(37.0437559598714,144.,-37.6062035212516));
#10602=CARTESIAN_POINT('Ctrl Pts',(37.02720957538,144.,-37.5125525269109));
#10603=CARTESIAN_POINT('Ctrl Pts',(37.0338724180251,144.,-37.4197077154021));
#10604=CARTESIAN_POINT('',(39.0424523874765,144.,-38.4774727339493));
#10605=CARTESIAN_POINT('Ctrl Pts',(39.0424523874765,144.,-38.4774727339493));
#10606=CARTESIAN_POINT('Ctrl Pts',(38.533556591687,144.,-38.4545755931914));
#10607=CARTESIAN_POINT('Ctrl Pts',(38.1548249291955,144.,-38.4077421124138));
#10608=CARTESIAN_POINT('Ctrl Pts',(37.906257400002,144.,-38.3369722916162));
#10609=CARTESIAN_POINT('Ctrl Pts',(37.6576898708084,144.,-38.2662024708187));
#10610=CARTESIAN_POINT('Ctrl Pts',(37.4481172527685,144.,-38.1459199036264));
#10611=CARTESIAN_POINT('Ctrl Pts',(37.2775395458822,144.,-37.9761245900394));
#10612=CARTESIAN_POINT('Ctrl Pts',(40.5767036358732,144.,-38.4713674533923));
#10613=CARTESIAN_POINT('Ctrl Pts',(40.3033935435057,144.,-38.4805910172153));
#10614=CARTESIAN_POINT('Ctrl Pts',(40.0425396895733,144.,-38.4867775853956));
#10615=CARTESIAN_POINT('Ctrl Pts',(39.794142074076,144.,-38.4899271579332));
#10616=CARTESIAN_POINT('Ctrl Pts',(39.5457444585788,144.,-38.4930767304708));
#10617=CARTESIAN_POINT('Ctrl Pts',(39.2951812297123,144.,-38.4889252558095));
#10618=CARTESIAN_POINT('Ctrl Pts',(39.0424523874765,144.,-38.4774727339493));
#10619=CARTESIAN_POINT('Ctrl Pts',(36.8926610719576,-91.3747025381524,-36.5639380672277));
#10620=CARTESIAN_POINT('Ctrl Pts',(36.8926610719576,381.374702538152,-36.5639380672277));
#10621=CARTESIAN_POINT('Ctrl Pts',(37.1036188858083,-91.3747025381524,-36.3520081889751));
#10622=CARTESIAN_POINT('Ctrl Pts',(37.1036188858083,381.374702538152,-36.3520081889751));
#10623=CARTESIAN_POINT('Ctrl Pts',(37.701056007382,-91.3747025381524,-36.0051028860292));
#10624=CARTESIAN_POINT('Ctrl Pts',(37.701056007382,381.374702538152,-36.0051028860292));
#10625=CARTESIAN_POINT('Ctrl Pts',(37.8968742447319,-91.3747025381524,-35.9376092464606));
#10626=CARTESIAN_POINT('Ctrl Pts',(37.8968742447319,381.374702538152,-35.9376092464606));
#10627=CARTESIAN_POINT('',(37.8968742447319,145.,-35.9376092464606));
#10628=CARTESIAN_POINT('',(36.8926610719576,145.,-36.5639380672277));
#10629=CARTESIAN_POINT('Ctrl Pts',(37.8968742447319,145.,-35.9376092464606));
#10630=CARTESIAN_POINT('Ctrl Pts',(37.701056007382,145.,-36.0051028860292));
#10631=CARTESIAN_POINT('Ctrl Pts',(37.1036188858083,145.,-36.3520081889751));
#10632=CARTESIAN_POINT('Ctrl Pts',(36.8926610719576,145.,-36.5639380672277));
#10633=CARTESIAN_POINT('',(37.8968742447319,-91.3747025381524,-35.9376092464606));
#10634=CARTESIAN_POINT('',(36.8926610719576,-91.3747025381524,-36.5639380672277));
#10635=CARTESIAN_POINT('Ctrl Pts',(36.8220726967215,-91.3747025381524,-38.3871684829881));
#10636=CARTESIAN_POINT('Ctrl Pts',(36.8220726967215,381.374702538152,-38.3871684829881));
#10637=CARTESIAN_POINT('Ctrl Pts',(36.4188890258993,-91.3747025381524,-37.9858341054186));
#10638=CARTESIAN_POINT('Ctrl Pts',(36.4188890258993,381.374702538152,-37.9858341054186));
#10639=CARTESIAN_POINT('Ctrl Pts',(36.4475915378582,-91.3747025381524,-37.0110584201267));
#10640=CARTESIAN_POINT('Ctrl Pts',(36.4475915378582,381.374702538152,-37.0110584201267));
#10641=CARTESIAN_POINT('Ctrl Pts',(36.8926610719576,-91.3747025381524,-36.5639380672277));
#10642=CARTESIAN_POINT('Ctrl Pts',(36.8926610719576,381.374702538152,-36.5639380672277));
#10643=CARTESIAN_POINT('',(36.8220726967215,145.,-38.3871684829881));
#10644=CARTESIAN_POINT('Ctrl Pts',(36.8926610719576,145.,-36.5639380672277));
#10645=CARTESIAN_POINT('Ctrl Pts',(36.4475915378582,145.,-37.0110584201267));
#10646=CARTESIAN_POINT('Ctrl Pts',(36.4188890258993,145.,-37.9858341054186));
#10647=CARTESIAN_POINT('Ctrl Pts',(36.8220726967215,145.,-38.3871684829881));
#10648=CARTESIAN_POINT('',(36.8220726967215,-91.3747025381524,-38.3871684829881));
#10649=CARTESIAN_POINT('Ctrl Pts',(37.6250968432441,-91.3747025381524,-38.8572058953409));
#10650=CARTESIAN_POINT('Ctrl Pts',(37.6250968432441,381.374702538152,-38.8572058953409));
#10651=CARTESIAN_POINT('Ctrl Pts',(37.4135225983092,-91.3747025381524,-38.8009630907964));
#10652=CARTESIAN_POINT('Ctrl Pts',(37.4135225983092,381.374702538152,-38.8009630907964));
#10653=CARTESIAN_POINT('Ctrl Pts',(37.0107419785806,-91.3747025381524,-38.5749723904405));
#10654=CARTESIAN_POINT('Ctrl Pts',(37.0107419785806,381.374702538152,-38.5749723904405));
#10655=CARTESIAN_POINT('Ctrl Pts',(36.8220726967215,-91.3747025381524,-38.3871684829881));
#10656=CARTESIAN_POINT('Ctrl Pts',(36.8220726967215,381.374702538152,-38.3871684829881));
#10657=CARTESIAN_POINT('',(37.6250968432441,145.,-38.8572058953409));
#10658=CARTESIAN_POINT('Ctrl Pts',(36.8220726967215,145.,-38.3871684829881));
#10659=CARTESIAN_POINT('Ctrl Pts',(37.0107419785806,145.,-38.5749723904405));
#10660=CARTESIAN_POINT('Ctrl Pts',(37.4135225983092,145.,-38.8009630907964));
#10661=CARTESIAN_POINT('Ctrl Pts',(37.6250968432441,145.,-38.8572058953409));
#10662=CARTESIAN_POINT('',(37.6250968432441,-91.3747025381524,-38.8572058953409));
#10663=CARTESIAN_POINT('Ctrl Pts',(38.5949168871059,-91.3747025381524,-38.9735921003505));
#10664=CARTESIAN_POINT('Ctrl Pts',(38.5949168871059,381.374702538152,-38.9735921003505));
#10665=CARTESIAN_POINT('Ctrl Pts',(38.339619340085,-91.3747025381524,-38.9664431448596));
#10666=CARTESIAN_POINT('Ctrl Pts',(38.339619340085,381.374702538152,-38.9664431448596));
#10667=CARTESIAN_POINT('Ctrl Pts',(37.8418401095998,-91.3747025381524,-38.9185940124184));
#10668=CARTESIAN_POINT('Ctrl Pts',(37.8418401095998,381.374702538152,-38.9185940124184));
#10669=CARTESIAN_POINT('Ctrl Pts',(37.6250968432441,-91.3747025381524,-38.8572058953409));
#10670=CARTESIAN_POINT('Ctrl Pts',(37.6250968432441,381.374702538152,-38.8572058953409));
#10671=CARTESIAN_POINT('',(38.5949168871059,145.,-38.9735921003505));
#10672=CARTESIAN_POINT('Ctrl Pts',(37.6250968432441,145.,-38.8572058953409));
#10673=CARTESIAN_POINT('Ctrl Pts',(37.8418401095998,145.,-38.9185940124184));
#10674=CARTESIAN_POINT('Ctrl Pts',(38.339619340085,145.,-38.9664431448596));
#10675=CARTESIAN_POINT('Ctrl Pts',(38.5949168871059,145.,-38.9735921003505));
#10676=CARTESIAN_POINT('',(38.5949168871059,-91.3747025381524,-38.9735921003505));
#10677=CARTESIAN_POINT('Ctrl Pts',(40.260646257303,-91.3747025381524,-38.9542916140312));
#10678=CARTESIAN_POINT('Ctrl Pts',(40.260646257303,381.374702538152,-38.9542916140312));
#10679=CARTESIAN_POINT('Ctrl Pts',(39.977025782463,-91.3747025381524,-38.965257942401));
#10680=CARTESIAN_POINT('Ctrl Pts',(39.977025782463,381.374702538152,-38.965257942401));
#10681=CARTESIAN_POINT('Ctrl Pts',(39.0152674862745,-91.3747025381524,-38.9906760475894));
#10682=CARTESIAN_POINT('Ctrl Pts',(39.0152674862745,381.374702538152,-38.9906760475894));
#10683=CARTESIAN_POINT('Ctrl Pts',(38.5949168871059,-91.3747025381524,-38.9735921003505));
#10684=CARTESIAN_POINT('Ctrl Pts',(38.5949168871059,381.374702538152,-38.9735921003505));
#10685=CARTESIAN_POINT('',(40.260646257303,145.,-38.9542916140312));
#10686=CARTESIAN_POINT('Ctrl Pts',(38.5949168871059,145.,-38.9735921003505));
#10687=CARTESIAN_POINT('Ctrl Pts',(39.0152674862745,145.,-38.9906760475894));
#10688=CARTESIAN_POINT('Ctrl Pts',(39.977025782463,145.,-38.965257942401));
#10689=CARTESIAN_POINT('Ctrl Pts',(40.260646257303,145.,-38.9542916140312));
#10690=CARTESIAN_POINT('',(40.260646257303,-91.3747025381524,-38.9542916140312));
#10691=CARTESIAN_POINT('Origin',(40.260646257303,-91.3747025381524,-38.9542916140312));
#10692=CARTESIAN_POINT('',(38.7016165598216,145.,-40.5205051045328));
#10693=CARTESIAN_POINT('',(29.855333698539,145.,-49.4075504125966));
#10694=CARTESIAN_POINT('',(38.7016165598216,-91.3747025381524,-40.5205051045328));
#10695=CARTESIAN_POINT('Origin',(38.7016165598216,-91.3747025381524,-40.5205051045328));
#10696=CARTESIAN_POINT('',(39.0712015914087,145.,-40.8883949506381));
#10697=CARTESIAN_POINT('',(28.976605989934,145.,-30.8401004989518));
#10698=CARTESIAN_POINT('',(39.0712015914087,-91.3747025381524,-40.8883949506381));
#10699=CARTESIAN_POINT('Origin',(39.0712015914087,-91.3747025381524,-40.8883949506381));
#10700=CARTESIAN_POINT('',(41.028993010193,145.,-38.9215823000248));
#10701=CARTESIAN_POINT('',(29.4454038813853,145.,-50.5585470039528));
#10702=CARTESIAN_POINT('',(41.028993010193,-91.3747025381524,-38.9215823000248));
#10703=CARTESIAN_POINT('Origin',(41.028993010193,-91.3747025381524,-38.9215823000248));
#10704=CARTESIAN_POINT('',(40.5767036358732,145.,-38.4713674533923));
#10705=CARTESIAN_POINT('',(31.119189924512,145.,-29.0572327713911));
#10706=CARTESIAN_POINT('',(40.5767036358732,-91.3747025381524,-38.4713674533923));
#10707=CARTESIAN_POINT('Ctrl Pts',(39.0424523874765,-91.3747025381524,-38.4774727339493));
#10708=CARTESIAN_POINT('Ctrl Pts',(39.0424523874765,381.374702538152,-38.4774727339493));
#10709=CARTESIAN_POINT('Ctrl Pts',(39.4215456508302,-91.3747025381524,-38.4946515167396));
#10710=CARTESIAN_POINT('Ctrl Pts',(39.4215456508302,381.374702538152,-38.4946515167396));
#10711=CARTESIAN_POINT('Ctrl Pts',(40.1667384973219,-91.3747025381524,-38.4852027991268));
#10712=CARTESIAN_POINT('Ctrl Pts',(40.1667384973219,381.374702538152,-38.4852027991268));
#10713=CARTESIAN_POINT('Ctrl Pts',(40.5767036358732,-91.3747025381524,-38.4713674533923));
#10714=CARTESIAN_POINT('Ctrl Pts',(40.5767036358732,381.374702538152,-38.4713674533923));
#10715=CARTESIAN_POINT('',(39.0424523874765,145.,-38.4774727339493));
#10716=CARTESIAN_POINT('Ctrl Pts',(40.5767036358732,145.,-38.4713674533923));
#10717=CARTESIAN_POINT('Ctrl Pts',(40.1667384973219,145.,-38.4852027991268));
#10718=CARTESIAN_POINT('Ctrl Pts',(39.4215456508302,145.,-38.4946515167396));
#10719=CARTESIAN_POINT('Ctrl Pts',(39.0424523874765,145.,-38.4774727339493));
#10720=CARTESIAN_POINT('',(39.0424523874765,-91.3747025381524,-38.4774727339493));
#10721=CARTESIAN_POINT('Ctrl Pts',(37.2775395458822,-91.3747025381524,-37.9761245900394));
#10722=CARTESIAN_POINT('Ctrl Pts',(37.2775395458822,381.374702538152,-37.9761245900394));
#10723=CARTESIAN_POINT('Ctrl Pts',(37.5334061062117,-91.3747025381524,-38.23081756042));
#10724=CARTESIAN_POINT('Ctrl Pts',(37.5334061062117,381.374702538152,-38.23081756042));
#10725=CARTESIAN_POINT('Ctrl Pts',(38.2791086937923,-91.3747025381524,-38.4431270228125));
#10726=CARTESIAN_POINT('Ctrl Pts',(38.2791086937923,381.374702538152,-38.4431270228125));
#10727=CARTESIAN_POINT('Ctrl Pts',(39.0424523874765,-91.3747025381524,-38.4774727339493));
#10728=CARTESIAN_POINT('Ctrl Pts',(39.0424523874765,381.374702538152,-38.4774727339493));
#10729=CARTESIAN_POINT('',(37.2775395458822,145.,-37.9761245900394));
#10730=CARTESIAN_POINT('Ctrl Pts',(39.0424523874765,145.,-38.4774727339493));
#10731=CARTESIAN_POINT('Ctrl Pts',(38.2791086937923,145.,-38.4431270228125));
#10732=CARTESIAN_POINT('Ctrl Pts',(37.5334061062117,145.,-38.23081756042));
#10733=CARTESIAN_POINT('Ctrl Pts',(37.2775395458822,145.,-37.9761245900394));
#10734=CARTESIAN_POINT('',(37.2775395458822,-91.3747025381524,-37.9761245900394));
#10735=CARTESIAN_POINT('Ctrl Pts',(37.0338724180251,-91.3747025381524,-37.4197077154021));
#10736=CARTESIAN_POINT('Ctrl Pts',(37.0338724180251,381.374702538152,-37.4197077154021));
#10737=CARTESIAN_POINT('Ctrl Pts',(37.0238781540574,-91.3747025381524,-37.5589749326654));
#10738=CARTESIAN_POINT('Ctrl Pts',(37.0238781540574,381.374702538152,-37.5589749326654));
#10739=CARTESIAN_POINT('Ctrl Pts',(37.1431449889415,-91.3747025381524,-37.8423464641829));
#10740=CARTESIAN_POINT('Ctrl Pts',(37.1431449889415,381.374702538152,-37.8423464641829));
#10741=CARTESIAN_POINT('Ctrl Pts',(37.2775395458822,-91.3747025381524,-37.9761245900394));
#10742=CARTESIAN_POINT('Ctrl Pts',(37.2775395458822,381.374702538152,-37.9761245900394));
#10743=CARTESIAN_POINT('',(37.0338724180251,145.,-37.4197077154021));
#10744=CARTESIAN_POINT('Ctrl Pts',(37.2775395458822,145.,-37.9761245900394));
#10745=CARTESIAN_POINT('Ctrl Pts',(37.1431449889415,145.,-37.8423464641829));
#10746=CARTESIAN_POINT('Ctrl Pts',(37.0238781540574,145.,-37.5589749326654));
#10747=CARTESIAN_POINT('Ctrl Pts',(37.0338724180251,145.,-37.4197077154021));
#10748=CARTESIAN_POINT('',(37.0338724180251,-91.3747025381524,-37.4197077154021));
#10749=CARTESIAN_POINT('Ctrl Pts',(37.2931179787423,-91.3747025381524,-36.9008137848083));
#10750=CARTESIAN_POINT('Ctrl Pts',(37.2931179787423,381.374702538152,-36.9008137848083));
#10751=CARTESIAN_POINT('Ctrl Pts',(37.1747757904846,-91.3747025381524,-37.0197012774866));
#10752=CARTESIAN_POINT('Ctrl Pts',(37.1747757904846,381.374702538152,-37.0197012774866));
#10753=CARTESIAN_POINT('Ctrl Pts',(37.0438666819928,-91.3747025381524,-37.2804404981387));
#10754=CARTESIAN_POINT('Ctrl Pts',(37.0438666819928,381.374702538152,-37.2804404981387));
#10755=CARTESIAN_POINT('Ctrl Pts',(37.0338724180251,-91.3747025381524,-37.4197077154021));
#10756=CARTESIAN_POINT('Ctrl Pts',(37.0338724180251,381.374702538152,-37.4197077154021));
#10757=CARTESIAN_POINT('',(37.2931179787423,145.,-36.9008137848083));
#10758=CARTESIAN_POINT('Ctrl Pts',(37.0338724180251,145.,-37.4197077154021));
#10759=CARTESIAN_POINT('Ctrl Pts',(37.0438666819928,145.,-37.2804404981387));
#10760=CARTESIAN_POINT('Ctrl Pts',(37.1747757904846,145.,-37.0197012774866));
#10761=CARTESIAN_POINT('Ctrl Pts',(37.2931179787423,145.,-36.9008137848083));
#10762=CARTESIAN_POINT('',(37.2931179787423,-91.3747025381524,-36.9008137848083));
#10763=CARTESIAN_POINT('Ctrl Pts',(37.8441287430803,-91.3747025381524,-36.5488580048809));
#10764=CARTESIAN_POINT('Ctrl Pts',(37.8441287430803,381.374702538152,-36.5488580048809));
#10765=CARTESIAN_POINT('Ctrl Pts',(37.6947131540782,-91.3747025381524,-36.6110877874773));
#10766=CARTESIAN_POINT('Ctrl Pts',(37.6947131540782,381.374702538152,-36.6110877874773));
#10767=CARTESIAN_POINT('Ctrl Pts',(37.406314854467,-91.3747025381524,-36.7870953135508));
#10768=CARTESIAN_POINT('Ctrl Pts',(37.406314854467,381.374702538152,-36.7870953135508));
#10769=CARTESIAN_POINT('Ctrl Pts',(37.2931179787423,-91.3747025381524,-36.9008137848083));
#10770=CARTESIAN_POINT('Ctrl Pts',(37.2931179787423,381.374702538152,-36.9008137848083));
#10771=CARTESIAN_POINT('',(37.8441287430803,145.,-36.5488580048809));
#10772=CARTESIAN_POINT('Ctrl Pts',(37.2931179787423,145.,-36.9008137848083));
#10773=CARTESIAN_POINT('Ctrl Pts',(37.406314854467,145.,-36.7870953135508));
#10774=CARTESIAN_POINT('Ctrl Pts',(37.6947131540782,145.,-36.6110877874773));
#10775=CARTESIAN_POINT('Ctrl Pts',(37.8441287430803,145.,-36.5488580048809));
#10776=CARTESIAN_POINT('',(37.8441287430803,-91.3747025381524,-36.5488580048809));
#10777=CARTESIAN_POINT('Ctrl Pts',(38.3285942233639,-91.3747025381524,-36.4136573457531));
#10778=CARTESIAN_POINT('Ctrl Pts',(38.3285942233639,381.374702538152,-36.4136573457531));
#10779=CARTESIAN_POINT('Ctrl Pts',(38.2409579480889,-91.3747025381524,-36.4293303722305));
#10780=CARTESIAN_POINT('Ctrl Pts',(38.2409579480889,381.374702538152,-36.4293303722305));
#10781=CARTESIAN_POINT('Ctrl Pts',(37.9703548623523,-91.3747025381524,-36.4944173177475));
#10782=CARTESIAN_POINT('Ctrl Pts',(37.9703548623523,381.374702538152,-36.4944173177475));
#10783=CARTESIAN_POINT('Ctrl Pts',(37.8441287430803,-91.3747025381524,-36.5488580048809));
#10784=CARTESIAN_POINT('Ctrl Pts',(37.8441287430803,381.374702538152,-36.5488580048809));
#10785=CARTESIAN_POINT('',(38.3285942233639,145.,-36.4136573457531));
#10786=CARTESIAN_POINT('Ctrl Pts',(37.8441287430803,145.,-36.5488580048809));
#10787=CARTESIAN_POINT('Ctrl Pts',(37.9703548623523,145.,-36.4944173177475));
#10788=CARTESIAN_POINT('Ctrl Pts',(38.2409579480889,145.,-36.4293303722305));
#10789=CARTESIAN_POINT('Ctrl Pts',(38.3285942233639,145.,-36.4136573457531));
#10790=CARTESIAN_POINT('',(38.3285942233639,-91.3747025381524,-36.4136573457531));
#10791=CARTESIAN_POINT('Origin',(38.3285942233639,-91.3747025381524,-36.4136573457531));
#10792=CARTESIAN_POINT('',(38.3517481297621,145.,-36.3903967493595));
#10793=CARTESIAN_POINT('',(27.7689222886114,145.,-47.0219867869424));
#10794=CARTESIAN_POINT('',(38.3517481297621,-91.3747025381524,-36.3903967493595));
#10795=CARTESIAN_POINT('Origin',(38.3517481297621,-91.3747025381524,-36.3903967493595));
#10796=CARTESIAN_POINT('',(29.7471229528326,145.,-27.8252386352936));
#10797=CARTESIAN_POINT('Origin',(35.4628374432171,-91.3747025381523,31.9741000917496));
#10798=CARTESIAN_POINT('',(35.4628374432171,145.,31.9741000917496));
#10799=CARTESIAN_POINT('',(34.2910359369542,145.,33.2298785802012));
#10800=CARTESIAN_POINT('',(45.2849889374123,145.,21.4480455587937));
#10801=CARTESIAN_POINT('',(35.4628374432171,144.,31.9741000917496));
#10802=CARTESIAN_POINT('',(35.4628374432171,-91.3747025381523,31.9741000917496));
#10803=CARTESIAN_POINT('',(34.2910359369542,144.,33.2298785802012));
#10804=CARTESIAN_POINT('',(45.2849889374123,144.,21.4480455587937));
#10805=CARTESIAN_POINT('',(34.2910359369542,-91.3747025381523,33.2298785802012));
#10806=CARTESIAN_POINT('Origin',(36.6613201336995,-91.3747025381523,32.5338120428199));
#10807=CARTESIAN_POINT('',(36.6613201336995,145.,32.5338120428199));
#10808=CARTESIAN_POINT('',(7.6123623198477,145.,18.9674510234505));
#10809=CARTESIAN_POINT('',(36.6613201336995,144.,32.5338120428199));
#10810=CARTESIAN_POINT('',(36.6613201336995,-91.3747025381523,32.5338120428199));
#10811=CARTESIAN_POINT('',(7.6123623198477,144.,18.9674510234505));
#10812=CARTESIAN_POINT('Origin',(37.0917270563821,-91.3747025381523,32.0725600714778));
#10813=CARTESIAN_POINT('',(37.0917270563821,145.,32.0725600714778));
#10814=CARTESIAN_POINT('',(46.5593526171536,145.,21.9264385206971));
#10815=CARTESIAN_POINT('',(37.0917270563821,144.,32.0725600714778));
#10816=CARTESIAN_POINT('',(37.0917270563821,-91.3747025381523,32.0725600714778));
#10817=CARTESIAN_POINT('',(46.5593526171536,144.,21.9264385206971));
#10818=CARTESIAN_POINT('Origin',(32.7666738050984,-91.3747025381523,30.1116275714088));
#10819=CARTESIAN_POINT('',(32.7666738050984,145.,30.1116275714088));
#10820=CARTESIAN_POINT('',(5.89902369060296,145.,17.9301247669377));
#10821=CARTESIAN_POINT('',(32.7666738050984,144.,30.1116275714088));
#10822=CARTESIAN_POINT('',(32.7666738050984,-91.3747025381523,30.1116275714088));
#10823=CARTESIAN_POINT('',(5.89902369060296,144.,17.9301247669377));
#10824=CARTESIAN_POINT('Origin',(32.9533651594557,-91.3747025381523,30.8095456061));
#10825=CARTESIAN_POINT('',(34.9776143940344,145.,31.7457727480203));
#10826=CARTESIAN_POINT('',(32.9533651594557,145.,30.8095456061));
#10827=CARTESIAN_POINT('',(5.79552098984746,145.,18.248883414262));
#10828=CARTESIAN_POINT('',(34.9776143940344,144.,31.7457727480203));
#10829=CARTESIAN_POINT('',(34.9776143940344,-91.3747025381523,31.7457727480203));
#10830=CARTESIAN_POINT('',(32.9533651594557,144.,30.8095456061));
#10831=CARTESIAN_POINT('',(5.79552098984746,144.,18.248883414262));
#10832=CARTESIAN_POINT('',(32.9533651594557,-91.3747025381523,30.8095456061));
#10833=CARTESIAN_POINT('Origin',(32.2641177450876,-91.3747025381523,30.6501992373689));
#10834=CARTESIAN_POINT('',(32.2641177450876,145.,30.6501992373689));
#10835=CARTESIAN_POINT('',(42.5005048035985,145.,19.6802230094511));
#10836=CARTESIAN_POINT('',(32.2641177450876,144.,30.6501992373689));
#10837=CARTESIAN_POINT('',(32.2641177450876,-91.3747025381523,30.6501992373689));
#10838=CARTESIAN_POINT('',(42.5005048035985,144.,19.6802230094511));
#10839=CARTESIAN_POINT('Origin',(34.5192371254356,-91.3747025381523,34.8294071140658));
#10840=CARTESIAN_POINT('',(34.5192371254356,145.,34.8294071140658));
#10841=CARTESIAN_POINT('',(14.8862534447329,145.,-1.55461794308838));
#10842=CARTESIAN_POINT('',(34.5192371254356,144.,34.8294071140658));
#10843=CARTESIAN_POINT('',(34.5192371254356,-91.3747025381523,34.8294071140658));
#10844=CARTESIAN_POINT('',(14.8862534447329,144.,-1.55461794308838));
#10845=CARTESIAN_POINT('Origin',(34.9322287391078,-91.3747025381523,34.3868185172867));
#10846=CARTESIAN_POINT('',(34.9322287391078,145.,34.3868185172867));
#10847=CARTESIAN_POINT('',(45.4796034585166,145.,23.0835677436013));
#10848=CARTESIAN_POINT('',(34.9322287391078,144.,34.3868185172867));
#10849=CARTESIAN_POINT('',(34.9322287391078,-91.3747025381523,34.3868185172867));
#10850=CARTESIAN_POINT('',(45.4796034585166,144.,23.0835677436013));
#10851=CARTESIAN_POINT('Origin',(34.2910359369542,-91.3747025381523,33.2298785802012));
#10852=CARTESIAN_POINT('',(14.631993088892,145.,-2.24202896368444));
#10853=CARTESIAN_POINT('',(14.631993088892,144.,-2.24202896368444));
#10854=CARTESIAN_POINT('Origin',(34.9776143940344,-91.3747025381523,31.7457727480203));
#10855=CARTESIAN_POINT('',(34.0297240036179,145.,32.7615935635194));
#10856=CARTESIAN_POINT('',(44.8557436671912,145.,21.1597287968264));
#10857=CARTESIAN_POINT('',(34.0297240036179,144.,32.7615935635194));
#10858=CARTESIAN_POINT('',(34.0297240036179,-91.3747025381523,32.7615935635194));
#10859=CARTESIAN_POINT('',(44.8557436671912,144.,21.1597287968264));
#10860=CARTESIAN_POINT('Origin',(34.0297240036179,-91.3747025381523,32.7615935635194));
#10861=CARTESIAN_POINT('',(14.5737193894636,145.,-2.52315768146319));
#10862=CARTESIAN_POINT('',(14.5737193894636,144.,-2.52315768146319));
#10863=CARTESIAN_POINT('Origin',(0.,144.,-40.5));
#10864=CARTESIAN_POINT('Origin',(0.,144.,-40.5));
#10865=CARTESIAN_POINT('',(33.4798403415781,144.,35.2962264226032));
#10866=CARTESIAN_POINT('',(32.5447296752191,144.,36.6361737626889));
#10867=CARTESIAN_POINT('Ctrl Pts',(33.4798403415781,144.,35.2962264226032));
#10868=CARTESIAN_POINT('Ctrl Pts',(33.4074651692173,144.,35.5561484152617));
#10869=CARTESIAN_POINT('Ctrl Pts',(33.300922366228,144.,35.7830671783745));
#10870=CARTESIAN_POINT('Ctrl Pts',(33.1602119326099,144.,35.9769827119415));
#10871=CARTESIAN_POINT('Ctrl Pts',(33.0195014989919,144.,36.1708982455085));
#10872=CARTESIAN_POINT('Ctrl Pts',(32.8143407465283,144.,36.3906285957576));
#10873=CARTESIAN_POINT('Ctrl Pts',(32.5447296752191,144.,36.6361737626889));
#10874=CARTESIAN_POINT('',(32.8897917282424,144.,33.2835633632681));
#10875=CARTESIAN_POINT('Ctrl Pts',(32.8897917282424,144.,33.2835633632681));
#10876=CARTESIAN_POINT('Ctrl Pts',(33.166439282985,144.,33.5873251702764));
#10877=CARTESIAN_POINT('Ctrl Pts',(33.3545156747495,144.,33.91749590589));
#10878=CARTESIAN_POINT('Ctrl Pts',(33.4540209035361,144.,34.2740755701089));
#10879=CARTESIAN_POINT('Ctrl Pts',(33.5535261323226,144.,34.6306552343278));
#10880=CARTESIAN_POINT('Ctrl Pts',(33.5621326116699,144.,34.9713721851592));
#10881=CARTESIAN_POINT('Ctrl Pts',(33.4798403415781,144.,35.2962264226032));
#10882=CARTESIAN_POINT('',(30.9389291819269,144.,32.4954487097887));
#10883=CARTESIAN_POINT('Ctrl Pts',(30.9389291819269,144.,32.4954487097887));
#10884=CARTESIAN_POINT('Ctrl Pts',(31.2821410864159,144.,32.4426447082461));
#10885=CARTESIAN_POINT('Ctrl Pts',(31.6194242701781,144.,32.4799128287142));
#10886=CARTESIAN_POINT('Ctrl Pts',(31.9507787332133,144.,32.6072530711932));
#10887=CARTESIAN_POINT('Ctrl Pts',(32.2821331962485,144.,32.7345933136721));
#10888=CARTESIAN_POINT('Ctrl Pts',(32.5951375279249,144.,32.9600300776971));
#10889=CARTESIAN_POINT('Ctrl Pts',(32.8897917282424,144.,33.2835633632681));
#10890=CARTESIAN_POINT('',(29.5066139831478,144.,33.316539497742));
#10891=CARTESIAN_POINT('Ctrl Pts',(29.5066139831478,144.,33.316539497742));
#10892=CARTESIAN_POINT('Ctrl Pts',(29.8193628258664,144.,33.0317071041018));
#10893=CARTESIAN_POINT('Ctrl Pts',(30.0859894818918,144.,32.8316272950411));
#10894=CARTESIAN_POINT('Ctrl Pts',(30.3064939512239,144.,32.71630007056));
#10895=CARTESIAN_POINT('Ctrl Pts',(30.526998420556,144.,32.600972846079));
#10896=CARTESIAN_POINT('Ctrl Pts',(30.7378101641237,144.,32.5273557258219));
#10897=CARTESIAN_POINT('Ctrl Pts',(30.9389291819269,144.,32.4954487097887));
#10898=CARTESIAN_POINT('',(28.7490068727691,144.,34.0065214168189));
#10899=CARTESIAN_POINT('',(39.4372092588109,144.,24.2723646318896));
#10900=CARTESIAN_POINT('',(31.7790342327012,144.,37.3335220367738));
#10901=CARTESIAN_POINT('',(5.2013147303088,144.,8.15091780331627));
#10902=CARTESIAN_POINT('',(42.8500843400021,144.,27.2506911148016));
#10903=CARTESIAN_POINT('',(32.9275628080227,144.,35.1826586853742));
#10904=CARTESIAN_POINT('',(32.4238458929652,144.,33.6980533772944));
#10905=CARTESIAN_POINT('Ctrl Pts',(32.9275628080227,144.,35.1826586853742));
#10906=CARTESIAN_POINT('Ctrl Pts',(32.9871956910265,144.,34.9376298420941));
#10907=CARTESIAN_POINT('Ctrl Pts',(32.9770819326647,144.,34.6936450703749));
#10908=CARTESIAN_POINT('Ctrl Pts',(32.8972215329373,144.,34.4507043702168));
#10909=CARTESIAN_POINT('Ctrl Pts',(32.8173611332099,144.,34.2077636700586));
#10910=CARTESIAN_POINT('Ctrl Pts',(32.6595692532192,144.,33.9568800057512));
#10911=CARTESIAN_POINT('Ctrl Pts',(32.4238458929652,144.,33.6980533772944));
#10912=CARTESIAN_POINT('',(32.2095360917422,144.,36.2410487830834));
#10913=CARTESIAN_POINT('Ctrl Pts',(32.2095360917422,144.,36.2410487830834));
#10914=CARTESIAN_POINT('Ctrl Pts',(32.4054534702268,144.,36.0626192951133));
#10915=CARTESIAN_POINT('Ctrl Pts',(32.5632317360082,144.,35.8901523177291));
#10916=CARTESIAN_POINT('Ctrl Pts',(32.6828708890862,144.,35.7236478509309));
#10917=CARTESIAN_POINT('Ctrl Pts',(32.8025100421642,144.,35.5571433841326));
#10918=CARTESIAN_POINT('Ctrl Pts',(32.8840740151431,144.,35.3768136622804));
#10919=CARTESIAN_POINT('Ctrl Pts',(32.9275628080227,144.,35.1826586853742));
#10920=CARTESIAN_POINT('',(31.8725222526057,144.,36.5479802417475));
#10921=CARTESIAN_POINT('',(42.5081504797423,144.,26.8617047643695));
#10922=CARTESIAN_POINT('',(29.5398431667585,144.,33.9866750643106));
#10923=CARTESIAN_POINT('',(5.46913981873457,144.,7.5567998689195));
#10924=CARTESIAN_POINT('',(29.876857005895,144.,33.6797436056465));
#10925=CARTESIAN_POINT('',(40.0069644743269,144.,24.4538653162647));
#10926=CARTESIAN_POINT('',(30.9374925218919,144.,33.0787785542193));
#10927=CARTESIAN_POINT('Ctrl Pts',(30.9374925218919,144.,33.0787785542193));
#10928=CARTESIAN_POINT('Ctrl Pts',(30.7550219071138,144.,33.1167195491287));
#10929=CARTESIAN_POINT('Ctrl Pts',(30.5825097156119,144.,33.1809397838783));
#10930=CARTESIAN_POINT('Ctrl Pts',(30.4199559473864,144.,33.2714392584681));
#10931=CARTESIAN_POINT('Ctrl Pts',(30.2574021791609,144.,33.3619387330579));
#10932=CARTESIAN_POINT('Ctrl Pts',(30.0763691986637,144.,33.4980401821174));
#10933=CARTESIAN_POINT('Ctrl Pts',(29.876857005895,144.,33.6797436056465));
#10934=CARTESIAN_POINT('Ctrl Pts',(32.4238458929652,144.,33.6980533772944));
#10935=CARTESIAN_POINT('Ctrl Pts',(32.1913964682702,144.,33.4428215631217));
#10936=CARTESIAN_POINT('Ctrl Pts',(31.9506750571623,144.,33.2633546899661));
#10937=CARTESIAN_POINT('Ctrl Pts',(31.7016816596415,144.,33.1596527578274));
#10938=CARTESIAN_POINT('Ctrl Pts',(31.4526882621207,144.,33.0559508256888));
#10939=CARTESIAN_POINT('Ctrl Pts',(31.1979585495375,144.,33.0289927578194));
#10940=CARTESIAN_POINT('Ctrl Pts',(30.9374925218919,144.,33.0787785542193));
#10941=CARTESIAN_POINT('Origin',(31.8725222526057,-91.3747025381523,36.5479802417475));
#10942=CARTESIAN_POINT('',(29.5398431667585,145.,33.9866750643106));
#10943=CARTESIAN_POINT('',(31.8725222526057,145.,36.5479802417475));
#10944=CARTESIAN_POINT('',(5.46913981873457,145.,7.5567998689195));
#10945=CARTESIAN_POINT('',(29.5398431667585,-91.3747025381523,33.9866750643106));
#10946=CARTESIAN_POINT('',(31.8725222526057,-91.3747025381523,36.5479802417475));
#10947=CARTESIAN_POINT('Origin',(32.2095360917422,-91.3747025381523,36.2410487830834));
#10948=CARTESIAN_POINT('',(32.2095360917422,145.,36.2410487830834));
#10949=CARTESIAN_POINT('',(42.5081504797423,145.,26.8617047643695));
#10950=CARTESIAN_POINT('',(32.2095360917422,-91.3747025381523,36.2410487830834));
#10951=CARTESIAN_POINT('Ctrl Pts',(32.2095360917422,-91.3747025381523,36.2410487830834));
#10952=CARTESIAN_POINT('Ctrl Pts',(32.2095360917422,381.374702538152,36.2410487830834));
#10953=CARTESIAN_POINT('Ctrl Pts',(32.5034121594691,-91.3747025381523,35.9734045511283));
#10954=CARTESIAN_POINT('Ctrl Pts',(32.5034121594691,381.374702538152,35.9734045511283));
#10955=CARTESIAN_POINT('Ctrl Pts',(32.8623296187033,-91.3747025381523,35.4738911507335));
#10956=CARTESIAN_POINT('Ctrl Pts',(32.8623296187033,381.374702538152,35.4738911507335));
#10957=CARTESIAN_POINT('Ctrl Pts',(32.9275628080227,-91.3747025381523,35.1826586853742));
#10958=CARTESIAN_POINT('Ctrl Pts',(32.9275628080227,381.374702538152,35.1826586853742));
#10959=CARTESIAN_POINT('',(32.9275628080227,145.,35.1826586853742));
#10960=CARTESIAN_POINT('Ctrl Pts',(32.2095360917422,145.,36.2410487830834));
#10961=CARTESIAN_POINT('Ctrl Pts',(32.5034121594691,145.,35.9734045511283));
#10962=CARTESIAN_POINT('Ctrl Pts',(32.8623296187033,145.,35.4738911507335));
#10963=CARTESIAN_POINT('Ctrl Pts',(32.9275628080227,145.,35.1826586853742));
#10964=CARTESIAN_POINT('',(32.9275628080227,-91.3747025381523,35.1826586853742));
#10965=CARTESIAN_POINT('Ctrl Pts',(32.9275628080227,-91.3747025381523,35.1826586853742));
#10966=CARTESIAN_POINT('Ctrl Pts',(32.9275628080227,381.374702538152,35.1826586853742));
#10967=CARTESIAN_POINT('Ctrl Pts',(33.0170121325284,-91.3747025381523,34.815115420454));
#10968=CARTESIAN_POINT('Ctrl Pts',(33.0170121325284,381.374702538152,34.815115420454));
#10969=CARTESIAN_POINT('Ctrl Pts',(32.7774309333462,-91.3747025381523,34.0862933199795));
#10970=CARTESIAN_POINT('Ctrl Pts',(32.7774309333462,381.374702538152,34.0862933199795));
#10971=CARTESIAN_POINT('Ctrl Pts',(32.4238458929652,-91.3747025381523,33.6980533772944));
#10972=CARTESIAN_POINT('Ctrl Pts',(32.4238458929652,381.374702538152,33.6980533772944));
#10973=CARTESIAN_POINT('',(32.4238458929652,145.,33.6980533772944));
#10974=CARTESIAN_POINT('Ctrl Pts',(32.9275628080227,145.,35.1826586853742));
#10975=CARTESIAN_POINT('Ctrl Pts',(33.0170121325284,145.,34.815115420454));
#10976=CARTESIAN_POINT('Ctrl Pts',(32.7774309333462,145.,34.0862933199795));
#10977=CARTESIAN_POINT('Ctrl Pts',(32.4238458929652,145.,33.6980533772944));
#10978=CARTESIAN_POINT('',(32.4238458929652,-91.3747025381523,33.6980533772944));
#10979=CARTESIAN_POINT('Ctrl Pts',(30.9389291819269,-91.3747025381523,32.4954487097887));
#10980=CARTESIAN_POINT('Ctrl Pts',(30.9389291819269,381.374702538152,32.4954487097887));
#10981=CARTESIAN_POINT('Ctrl Pts',(30.6372506552221,-91.3747025381523,32.5433092338384));
#10982=CARTESIAN_POINT('Ctrl Pts',(30.6372506552221,381.374702538152,32.5433092338384));
#10983=CARTESIAN_POINT('Ctrl Pts',(29.9757372472257,-91.3747025381523,32.8892909072816));
#10984=CARTESIAN_POINT('Ctrl Pts',(29.9757372472257,381.374702538152,32.8892909072816));
#10985=CARTESIAN_POINT('Ctrl Pts',(29.5066139831478,-91.3747025381523,33.316539497742));
#10986=CARTESIAN_POINT('Ctrl Pts',(29.5066139831478,381.374702538152,33.316539497742));
#10987=CARTESIAN_POINT('',(29.5066139831478,145.,33.316539497742));
#10988=CARTESIAN_POINT('',(30.9389291819269,145.,32.4954487097887));
#10989=CARTESIAN_POINT('Ctrl Pts',(29.5066139831478,145.,33.316539497742));
#10990=CARTESIAN_POINT('Ctrl Pts',(29.9757372472257,145.,32.8892909072816));
#10991=CARTESIAN_POINT('Ctrl Pts',(30.6372506552221,145.,32.5433092338384));
#10992=CARTESIAN_POINT('Ctrl Pts',(30.9389291819269,145.,32.4954487097887));
#10993=CARTESIAN_POINT('',(29.5066139831478,-91.3747025381523,33.316539497742));
#10994=CARTESIAN_POINT('',(30.9389291819269,-91.3747025381523,32.4954487097887));
#10995=CARTESIAN_POINT('Ctrl Pts',(32.8897917282424,-91.3747025381523,33.2835633632681));
#10996=CARTESIAN_POINT('Ctrl Pts',(32.8897917282424,381.374702538152,33.2835633632681));
#10997=CARTESIAN_POINT('Ctrl Pts',(32.4478104277661,-91.3747025381523,32.7982634349116));
#10998=CARTESIAN_POINT('Ctrl Pts',(32.4478104277661,381.374702538152,32.7982634349116));
#10999=CARTESIAN_POINT('Ctrl Pts',(31.4537470386605,-91.3747025381523,32.4162427074747));
#11000=CARTESIAN_POINT('Ctrl Pts',(31.4537470386605,381.374702538152,32.4162427074747));
#11001=CARTESIAN_POINT('Ctrl Pts',(30.9389291819269,-91.3747025381523,32.4954487097887));
#11002=CARTESIAN_POINT('Ctrl Pts',(30.9389291819269,381.374702538152,32.4954487097887));
#11003=CARTESIAN_POINT('',(32.8897917282424,145.,33.2835633632681));
#11004=CARTESIAN_POINT('Ctrl Pts',(30.9389291819269,145.,32.4954487097887));
#11005=CARTESIAN_POINT('Ctrl Pts',(31.4537470386605,145.,32.4162427074747));
#11006=CARTESIAN_POINT('Ctrl Pts',(32.4478104277661,145.,32.7982634349116));
#11007=CARTESIAN_POINT('Ctrl Pts',(32.8897917282424,145.,33.2835633632681));
#11008=CARTESIAN_POINT('',(32.8897917282424,-91.3747025381523,33.2835633632681));
#11009=CARTESIAN_POINT('Ctrl Pts',(33.4798403415781,-91.3747025381523,35.2962264226032));
#11010=CARTESIAN_POINT('Ctrl Pts',(33.4798403415781,381.374702538152,35.2962264226032));
#11011=CARTESIAN_POINT('Ctrl Pts',(33.6032787467159,-91.3747025381523,34.8089450664372));
#11012=CARTESIAN_POINT('Ctrl Pts',(33.6032787467159,381.374702538152,34.8089450664372));
#11013=CARTESIAN_POINT('Ctrl Pts',(33.3047630603563,-91.3747025381523,33.7392060737805));
#11014=CARTESIAN_POINT('Ctrl Pts',(33.3047630603563,381.374702538152,33.7392060737805));
#11015=CARTESIAN_POINT('Ctrl Pts',(32.8897917282424,-91.3747025381523,33.2835633632681));
#11016=CARTESIAN_POINT('Ctrl Pts',(32.8897917282424,381.374702538152,33.2835633632681));
#11017=CARTESIAN_POINT('',(33.4798403415781,145.,35.2962264226032));
#11018=CARTESIAN_POINT('Ctrl Pts',(32.8897917282424,145.,33.2835633632681));
#11019=CARTESIAN_POINT('Ctrl Pts',(33.3047630603563,145.,33.7392060737805));
#11020=CARTESIAN_POINT('Ctrl Pts',(33.6032787467159,145.,34.8089450664372));
#11021=CARTESIAN_POINT('Ctrl Pts',(33.4798403415781,145.,35.2962264226032));
#11022=CARTESIAN_POINT('',(33.4798403415781,-91.3747025381523,35.2962264226032));
#11023=CARTESIAN_POINT('Ctrl Pts',(32.5447296752191,-91.3747025381523,36.6361737626889));
#11024=CARTESIAN_POINT('Ctrl Pts',(32.5447296752191,381.374702538152,36.6361737626889));
#11025=CARTESIAN_POINT('Ctrl Pts',(32.9491462821828,-91.3747025381523,36.267856012292));
#11026=CARTESIAN_POINT('Ctrl Pts',(32.9491462821828,381.374702538152,36.267856012292));
#11027=CARTESIAN_POINT('Ctrl Pts',(33.371277583037,-91.3747025381523,35.686109411591));
#11028=CARTESIAN_POINT('Ctrl Pts',(33.371277583037,381.374702538152,35.686109411591));
#11029=CARTESIAN_POINT('Ctrl Pts',(33.4798403415781,-91.3747025381523,35.2962264226032));
#11030=CARTESIAN_POINT('Ctrl Pts',(33.4798403415781,381.374702538152,35.2962264226032));
#11031=CARTESIAN_POINT('',(32.5447296752191,145.,36.6361737626889));
#11032=CARTESIAN_POINT('Ctrl Pts',(33.4798403415781,145.,35.2962264226032));
#11033=CARTESIAN_POINT('Ctrl Pts',(33.371277583037,145.,35.686109411591));
#11034=CARTESIAN_POINT('Ctrl Pts',(32.9491462821828,145.,36.267856012292));
#11035=CARTESIAN_POINT('Ctrl Pts',(32.5447296752191,145.,36.6361737626889));
#11036=CARTESIAN_POINT('',(32.5447296752191,-91.3747025381523,36.6361737626889));
#11037=CARTESIAN_POINT('Origin',(29.5398431667585,-91.3747025381523,33.9866750643106));
#11038=CARTESIAN_POINT('',(29.876857005895,145.,33.6797436056465));
#11039=CARTESIAN_POINT('',(40.0069644743269,145.,24.4538653162647));
#11040=CARTESIAN_POINT('',(29.876857005895,-91.3747025381523,33.6797436056465));
#11041=CARTESIAN_POINT('Ctrl Pts',(30.9374925218919,-91.3747025381523,33.0787785542193));
#11042=CARTESIAN_POINT('Ctrl Pts',(30.9374925218919,381.374702538152,33.0787785542193));
#11043=CARTESIAN_POINT('Ctrl Pts',(30.6637865997247,-91.3747025381523,33.1356900465834));
#11044=CARTESIAN_POINT('Ctrl Pts',(30.6637865997247,381.374702538152,33.1356900465834));
#11045=CARTESIAN_POINT('Ctrl Pts',(30.1761252950481,-91.3747025381523,33.4071884703528));
#11046=CARTESIAN_POINT('Ctrl Pts',(30.1761252950481,381.374702538152,33.4071884703528));
#11047=CARTESIAN_POINT('Ctrl Pts',(29.876857005895,-91.3747025381523,33.6797436056465));
#11048=CARTESIAN_POINT('Ctrl Pts',(29.876857005895,381.374702538152,33.6797436056465));
#11049=CARTESIAN_POINT('',(30.9374925218919,145.,33.0787785542193));
#11050=CARTESIAN_POINT('Ctrl Pts',(30.9374925218919,145.,33.0787785542193));
#11051=CARTESIAN_POINT('Ctrl Pts',(30.6637865997247,145.,33.1356900465834));
#11052=CARTESIAN_POINT('Ctrl Pts',(30.1761252950481,145.,33.4071884703528));
#11053=CARTESIAN_POINT('Ctrl Pts',(29.876857005895,145.,33.6797436056465));
#11054=CARTESIAN_POINT('',(30.9374925218919,-91.3747025381523,33.0787785542193));
#11055=CARTESIAN_POINT('Ctrl Pts',(32.4238458929652,-91.3747025381523,33.6980533772944));
#11056=CARTESIAN_POINT('Ctrl Pts',(32.4238458929652,381.374702538152,33.6980533772944));
#11057=CARTESIAN_POINT('Ctrl Pts',(32.0751717559227,-91.3747025381523,33.3152056560354));
#11058=CARTESIAN_POINT('Ctrl Pts',(32.0751717559227,381.374702538152,33.3152056560354));
#11059=CARTESIAN_POINT('Ctrl Pts',(31.3281915633603,-91.3747025381523,33.0040998596194));
#11060=CARTESIAN_POINT('Ctrl Pts',(31.3281915633603,381.374702538152,33.0040998596194));
#11061=CARTESIAN_POINT('Ctrl Pts',(30.9374925218919,-91.3747025381523,33.0787785542193));
#11062=CARTESIAN_POINT('Ctrl Pts',(30.9374925218919,381.374702538152,33.0787785542193));
#11063=CARTESIAN_POINT('Ctrl Pts',(32.4238458929652,145.,33.6980533772944));
#11064=CARTESIAN_POINT('Ctrl Pts',(32.0751717559227,145.,33.3152056560354));
#11065=CARTESIAN_POINT('Ctrl Pts',(31.3281915633603,145.,33.0040998596194));
#11066=CARTESIAN_POINT('Ctrl Pts',(30.9374925218919,145.,33.0787785542193));
#11067=CARTESIAN_POINT('Origin',(32.5447296752191,-91.3747025381523,36.6361737626889));
#11068=CARTESIAN_POINT('',(31.7790342327012,145.,37.3335220367738));
#11069=CARTESIAN_POINT('',(42.8500843400021,145.,27.2506911148016));
#11070=CARTESIAN_POINT('',(31.7790342327012,-91.3747025381523,37.3335220367738));
#11071=CARTESIAN_POINT('Origin',(31.7790342327012,-91.3747025381523,37.3335220367738));
#11072=CARTESIAN_POINT('',(28.7490068727691,145.,34.0065214168189));
#11073=CARTESIAN_POINT('',(5.2013147303088,145.,8.15091780331627));
#11074=CARTESIAN_POINT('',(28.7490068727691,-91.3747025381523,34.0065214168189));
#11075=CARTESIAN_POINT('Origin',(28.7490068727691,-91.3747025381523,34.0065214168189));
#11076=CARTESIAN_POINT('',(39.4372092588109,145.,24.2723646318896));
#11077=CARTESIAN_POINT('Origin',(37.4089104409793,-91.3747025381523,31.7063844790266));
#11078=CARTESIAN_POINT('',(37.4089104409793,145.,31.7063844790266));
#11079=CARTESIAN_POINT('',(33.8642565876088,145.,28.9341240318641));
#11080=CARTESIAN_POINT('',(8.28353475305839,145.,8.92753769499027));
#11081=CARTESIAN_POINT('',(37.4089104409793,144.,31.7063844790266));
#11082=CARTESIAN_POINT('',(37.4089104409793,-91.3747025381523,31.7063844790266));
#11083=CARTESIAN_POINT('',(33.8642565876088,144.,28.9341240318641));
#11084=CARTESIAN_POINT('',(8.28353475305839,144.,8.92753769499027));
#11085=CARTESIAN_POINT('',(33.8642565876088,-91.3747025381523,28.9341240318641));
#11086=CARTESIAN_POINT('Origin',(37.7526347913974,-91.3747025381523,31.2668933610642));
#11087=CARTESIAN_POINT('',(37.7526347913974,145.,31.2668933610642));
#11088=CARTESIAN_POINT('',(48.0016930836196,145.,18.1622934645687));
#11089=CARTESIAN_POINT('',(37.7526347913974,144.,31.2668933610642));
#11090=CARTESIAN_POINT('',(37.7526347913974,-91.3747025381523,31.2668933610642));
#11091=CARTESIAN_POINT('',(48.0016930836196,144.,18.1622934645687));
#11092=CARTESIAN_POINT('Origin',(34.6991768933966,-91.3747025381523,28.8787954231924));
#11093=CARTESIAN_POINT('',(34.6991768933966,145.,28.8787954231924));
#11094=CARTESIAN_POINT('',(7.10053015447605,145.,7.29399760809198));
#11095=CARTESIAN_POINT('',(34.6991768933966,144.,28.8787954231924));
#11096=CARTESIAN_POINT('',(34.6991768933966,-91.3747025381523,28.8787954231924));
#11097=CARTESIAN_POINT('',(7.10053015447605,144.,7.29399760809198));
#11098=CARTESIAN_POINT('Origin',(37.4926419003916,-91.3747025381523,29.5867368527494));
#11099=CARTESIAN_POINT('',(37.4926419003916,145.,29.5867368527494));
#11100=CARTESIAN_POINT('',(11.5326561860058,145.,23.0077572156675));
#11101=CARTESIAN_POINT('',(37.4926419003916,144.,29.5867368527494));
#11102=CARTESIAN_POINT('',(37.4926419003916,-91.3747025381523,29.5867368527494));
#11103=CARTESIAN_POINT('',(11.5326561860058,144.,23.0077572156675));
#11104=CARTESIAN_POINT('Origin',(37.7172983385733,-91.3747025381523,29.2994877560419));
#11105=CARTESIAN_POINT('',(37.7172983385733,145.,29.2994877560419));
#11106=CARTESIAN_POINT('',(47.495701392805,145.,16.7966747171478));
#11107=CARTESIAN_POINT('',(37.7172983385733,144.,29.2994877560419));
#11108=CARTESIAN_POINT('',(37.7172983385733,-91.3747025381523,29.2994877560419));
#11109=CARTESIAN_POINT('',(47.495701392805,144.,16.7966747171478));
#11110=CARTESIAN_POINT('Origin',(36.3638811003232,-91.3747025381523,26.7502796165898));
#11111=CARTESIAN_POINT('',(36.3638811003232,145.,26.7502796165898));
#11112=CARTESIAN_POINT('',(18.4392137249026,145.,-7.01145082322121));
#11113=CARTESIAN_POINT('',(36.3638811003232,144.,26.7502796165898));
#11114=CARTESIAN_POINT('',(36.3638811003232,-91.3747025381523,26.7502796165898));
#11115=CARTESIAN_POINT('',(18.4392137249026,144.,-7.01145082322121));
#11116=CARTESIAN_POINT('Origin',(39.417338998324,-91.3747025381523,29.1383775544616));
#11117=CARTESIAN_POINT('',(39.417338998324,145.,29.1383775544616));
#11118=CARTESIAN_POINT('',(10.291963310403,145.,6.35953077042528));
#11119=CARTESIAN_POINT('',(39.417338998324,144.,29.1383775544616));
#11120=CARTESIAN_POINT('',(39.417338998324,-91.3747025381523,29.1383775544616));
#11121=CARTESIAN_POINT('',(10.291963310403,144.,6.35953077042528));
#11122=CARTESIAN_POINT('Origin',(39.785775556942,-91.3747025381523,28.6672890358613));
#11123=CARTESIAN_POINT('',(39.785775556942,145.,28.6672890358613));
#11124=CARTESIAN_POINT('',(49.0182634663919,145.,16.8624913019671));
#11125=CARTESIAN_POINT('',(39.785775556942,144.,28.6672890358613));
#11126=CARTESIAN_POINT('',(39.785775556942,-91.3747025381523,28.6672890358613));
#11127=CARTESIAN_POINT('',(49.0182634663919,144.,16.8624913019671));
#11128=CARTESIAN_POINT('Origin',(36.2411217035715,-91.3747025381523,25.8950285886988));
#11129=CARTESIAN_POINT('',(36.2411217035715,145.,25.8950285886988));
#11130=CARTESIAN_POINT('',(8.88807294233577,145.,4.50231202824371));
#11131=CARTESIAN_POINT('',(36.2411217035715,144.,25.8950285886988));
#11132=CARTESIAN_POINT('',(36.2411217035715,-91.3747025381523,25.8950285886988));
#11133=CARTESIAN_POINT('',(8.88807294233577,144.,4.50231202824371));
#11134=CARTESIAN_POINT('Origin',(35.7289050245171,-91.3747025381523,26.5499565291919));
#11135=CARTESIAN_POINT('',(35.7289050245171,145.,26.5499565291919));
#11136=CARTESIAN_POINT('',(45.2175012734942,145.,14.417694825051));
#11137=CARTESIAN_POINT('',(35.7289050245171,144.,26.5499565291919));
#11138=CARTESIAN_POINT('',(35.7289050245171,-91.3747025381523,26.5499565291919));
#11139=CARTESIAN_POINT('',(45.2175012734942,144.,14.417694825051));
#11140=CARTESIAN_POINT('Origin',(37.0328301331161,-91.3747025381523,28.9493485676887));
#11141=CARTESIAN_POINT('',(37.0328301331161,145.,28.9493485676887));
#11142=CARTESIAN_POINT('',(18.2428511468847,145.,-5.62666019674669));
#11143=CARTESIAN_POINT('',(37.0328301331161,144.,28.9493485676887));
#11144=CARTESIAN_POINT('',(37.0328301331161,-91.3747025381523,28.9493485676887));
#11145=CARTESIAN_POINT('',(18.2428511468847,144.,-5.62666019674669));
#11146=CARTESIAN_POINT('Origin',(34.3674870091358,-91.3747025381523,28.2906860552393));
#11147=CARTESIAN_POINT('',(34.3674870091358,145.,28.2906860552393));
#11148=CARTESIAN_POINT('',(10.1621221127678,145.,22.3090297671788));
#11149=CARTESIAN_POINT('',(34.3674870091358,144.,28.2906860552393));
#11150=CARTESIAN_POINT('',(34.3674870091358,-91.3747025381523,28.2906860552393));
#11151=CARTESIAN_POINT('',(10.1621221127678,144.,22.3090297671788));
#11152=CARTESIAN_POINT('Origin',(33.8642565876088,-91.3747025381523,28.9341240318641));
#11153=CARTESIAN_POINT('',(44.28517705504,145.,15.6097785763874));
#11154=CARTESIAN_POINT('',(44.28517705504,144.,15.6097785763874));
#11155=CARTESIAN_POINT('Origin',(0.,144.,-40.5));
#11156=CARTESIAN_POINT('Origin',(0.,144.,-40.5));
#11157=CARTESIAN_POINT('',(37.0876658089649,144.,24.5949802195858));
#11158=CARTESIAN_POINT('',(37.489281903386,144.,23.9774637861765));
#11159=CARTESIAN_POINT('',(46.4512529525408,144.,10.1977261823593));
#11160=CARTESIAN_POINT('',(40.0329281037571,144.,28.3201341642091));
#11161=CARTESIAN_POINT('',(15.5924234090378,144.,-2.59210160952928));
#11162=CARTESIAN_POINT('',(40.3629690526377,144.,27.8126701644766));
#11163=CARTESIAN_POINT('',(49.9750810071178,144.,13.0332896214269));
#11164=CARTESIAN_POINT('',(39.5309781271373,144.,26.7843563371642));
#11165=CARTESIAN_POINT('',(15.2606247572654,144.,-3.21301406563068));
#11166=CARTESIAN_POINT('',(40.4674196146241,144.,25.3445036632245));
#11167=CARTESIAN_POINT('',(49.4999717100757,144.,11.4562421317533));
#11168=CARTESIAN_POINT('',(41.7447670012647,144.,25.6880467921028));
#11169=CARTESIAN_POINT('',(13.9800723675062,144.,18.2207202319272));
#11170=CARTESIAN_POINT('',(42.088725339556,144.,25.1591837080442));
#11171=CARTESIAN_POINT('',(50.8379591505769,144.,11.7065463932107));
#11172=CARTESIAN_POINT('',(12.1352996156407,144.,17.4633482450447));
#11173=CARTESIAN_POINT('',(39.1924653725415,144.,26.3684430068554));
#11174=CARTESIAN_POINT('',(39.9499689961773,144.,25.203721417108));
#11175=CARTESIAN_POINT('',(49.0272555575916,144.,11.246677114589));
#11176=CARTESIAN_POINT('',(37.7940990860521,144.,24.6324673969226));
#11177=CARTESIAN_POINT('',(15.1472563957358,144.,-3.48203088025904));
#11178=CARTESIAN_POINT('',(12.0736673117924,144.,17.8171674648888));
#11179=CARTESIAN_POINT('Origin',(39.1924653725415,-91.3747025381523,26.3684430068554));
#11180=CARTESIAN_POINT('',(37.7940990860521,145.,24.6324673969226));
#11181=CARTESIAN_POINT('',(39.1924653725415,145.,26.3684430068554));
#11182=CARTESIAN_POINT('',(15.1472563957358,145.,-3.48203088025904));
#11183=CARTESIAN_POINT('',(37.7940990860521,-91.3747025381523,24.6324673969226));
#11184=CARTESIAN_POINT('',(39.1924653725415,-91.3747025381523,26.3684430068554));
#11185=CARTESIAN_POINT('Origin',(39.9499689961773,-91.3747025381523,25.203721417108));
#11186=CARTESIAN_POINT('',(39.9499689961773,145.,25.203721417108));
#11187=CARTESIAN_POINT('',(49.0272555575916,145.,11.246677114589));
#11188=CARTESIAN_POINT('',(39.9499689961773,-91.3747025381523,25.203721417108));
#11189=CARTESIAN_POINT('Origin',(39.5309781271373,-91.3747025381523,26.7843563371642));
#11190=CARTESIAN_POINT('',(39.5309781271373,145.,26.7843563371642));
#11191=CARTESIAN_POINT('',(40.3629690526377,145.,27.8126701644766));
#11192=CARTESIAN_POINT('',(15.2606247572654,145.,-3.21301406563068));
#11193=CARTESIAN_POINT('',(39.5309781271373,-91.3747025381523,26.7843563371642));
#11194=CARTESIAN_POINT('',(40.3629690526377,-91.3747025381523,27.8126701644766));
#11195=CARTESIAN_POINT('Origin',(40.3629690526377,-91.3747025381523,27.8126701644766));
#11196=CARTESIAN_POINT('',(40.0329281037571,145.,28.3201341642091));
#11197=CARTESIAN_POINT('',(49.9750810071178,145.,13.0332896214269));
#11198=CARTESIAN_POINT('',(40.0329281037571,-91.3747025381523,28.3201341642091));
#11199=CARTESIAN_POINT('Origin',(40.0329281037571,-91.3747025381523,28.3201341642091));
#11200=CARTESIAN_POINT('',(37.0876658089649,145.,24.5949802195858));
#11201=CARTESIAN_POINT('',(15.5924234090377,145.,-2.59210160952928));
#11202=CARTESIAN_POINT('',(37.0876658089649,-91.3747025381523,24.5949802195858));
#11203=CARTESIAN_POINT('Origin',(37.0876658089649,-91.3747025381523,24.5949802195858));
#11204=CARTESIAN_POINT('',(37.489281903386,145.,23.9774637861765));
#11205=CARTESIAN_POINT('',(46.4512529525408,145.,10.1977261823593));
#11206=CARTESIAN_POINT('',(37.489281903386,-91.3747025381523,23.9774637861765));
#11207=CARTESIAN_POINT('Origin',(37.7940990860521,-91.3747025381523,24.6324673969226));
#11208=CARTESIAN_POINT('',(12.0736673117924,145.,17.8171674648888));
#11209=CARTESIAN_POINT('Origin',(37.489281903386,-91.3747025381523,23.9774637861765));
#11210=CARTESIAN_POINT('',(42.088725339556,145.,25.1591837080442));
#11211=CARTESIAN_POINT('',(12.1352996156407,145.,17.4633482450447));
#11212=CARTESIAN_POINT('',(42.088725339556,-91.3747025381523,25.1591837080442));
#11213=CARTESIAN_POINT('Origin',(42.088725339556,-91.3747025381523,25.1591837080442));
#11214=CARTESIAN_POINT('',(41.7447670012647,145.,25.6880467921028));
#11215=CARTESIAN_POINT('',(50.8379591505769,145.,11.7065463932107));
#11216=CARTESIAN_POINT('',(41.7447670012647,-91.3747025381523,25.6880467921028));
#11217=CARTESIAN_POINT('Origin',(41.7447670012647,-91.3747025381523,25.6880467921028));
#11218=CARTESIAN_POINT('',(40.4674196146241,145.,25.3445036632245));
#11219=CARTESIAN_POINT('',(13.9800723675062,145.,18.2207202319272));
#11220=CARTESIAN_POINT('',(40.4674196146241,-91.3747025381523,25.3445036632245));
#11221=CARTESIAN_POINT('Origin',(40.4674196146241,-91.3747025381523,25.3445036632245));
#11222=CARTESIAN_POINT('',(49.4999717100757,145.,11.4562421317533));
#11223=CARTESIAN_POINT('Ctrl Pts',(42.0668845680859,-91.3747025381523,20.4291340173917));
#11224=CARTESIAN_POINT('Ctrl Pts',(42.0668845680859,381.374702538152,20.4291340173917));
#11225=CARTESIAN_POINT('Ctrl Pts',(41.6724311879226,-91.3747025381523,20.2482386543773));
#11226=CARTESIAN_POINT('Ctrl Pts',(41.6724311879226,381.374702538152,20.2482386543773));
#11227=CARTESIAN_POINT('Ctrl Pts',(41.1274844269449,-91.3747025381523,19.7656394074426));
#11228=CARTESIAN_POINT('Ctrl Pts',(41.1274844269449,381.374702538152,19.7656394074426));
#11229=CARTESIAN_POINT('Ctrl Pts',(40.9977028801085,-91.3747025381523,19.4975050911535));
#11230=CARTESIAN_POINT('Ctrl Pts',(40.9977028801085,381.374702538152,19.4975050911535));
#11231=CARTESIAN_POINT('',(40.9977028801085,145.,19.4975050911535));
#11232=CARTESIAN_POINT('',(42.0668845680859,145.,20.4291340173917));
#11233=CARTESIAN_POINT('Ctrl Pts',(40.9977028801085,145.,19.4975050911535));
#11234=CARTESIAN_POINT('Ctrl Pts',(41.1274844269449,145.,19.7656394074426));
#11235=CARTESIAN_POINT('Ctrl Pts',(41.6724311879226,145.,20.2482386543773));
#11236=CARTESIAN_POINT('Ctrl Pts',(42.0668845680859,145.,20.4291340173917));
#11237=CARTESIAN_POINT('',(40.9977028801085,144.,19.4975050911535));
#11238=CARTESIAN_POINT('',(40.9977028801085,-91.3747025381523,19.4975050911535));
#11239=CARTESIAN_POINT('',(42.0668845680859,144.,20.4291340173917));
#11240=CARTESIAN_POINT('Ctrl Pts',(40.9977028801085,144.,19.4975050911535));
#11241=CARTESIAN_POINT('Ctrl Pts',(41.0842239113327,144.,19.6762613020129));
#11242=CARTESIAN_POINT('Ctrl Pts',(41.2183088871079,144.,19.846072615265));
#11243=CARTESIAN_POINT('Ctrl Pts',(41.3999578074338,144.,20.0069390309099));
#11244=CARTESIAN_POINT('Ctrl Pts',(41.5816067277597,144.,20.1678054465548));
#11245=CARTESIAN_POINT('Ctrl Pts',(41.8039156479771,144.,20.3085371087154));
#11246=CARTESIAN_POINT('Ctrl Pts',(42.0668845680859,144.,20.4291340173917));
#11247=CARTESIAN_POINT('',(42.0668845680859,-91.3747025381523,20.4291340173917));
#11248=CARTESIAN_POINT('Ctrl Pts',(40.9977028801085,-91.3747025381523,19.4975050911535));
#11249=CARTESIAN_POINT('Ctrl Pts',(40.9977028801085,381.374702538152,19.4975050911535));
#11250=CARTESIAN_POINT('Ctrl Pts',(40.8727561966601,-91.3747025381523,19.2275761696783));
#11251=CARTESIAN_POINT('Ctrl Pts',(40.8727561966601,381.374702538152,19.2275761696783));
#11252=CARTESIAN_POINT('Ctrl Pts',(40.871636671235,-91.3747025381523,18.6613902436366));
#11253=CARTESIAN_POINT('Ctrl Pts',(40.871636671235,381.374702538152,18.6613902436366));
#11254=CARTESIAN_POINT('Ctrl Pts',(40.991726870211,-91.3747025381523,18.3995262349568));
#11255=CARTESIAN_POINT('Ctrl Pts',(40.991726870211,381.374702538152,18.3995262349568));
#11256=CARTESIAN_POINT('',(40.991726870211,145.,18.3995262349568));
#11257=CARTESIAN_POINT('Ctrl Pts',(40.991726870211,145.,18.3995262349568));
#11258=CARTESIAN_POINT('Ctrl Pts',(40.871636671235,145.,18.6613902436366));
#11259=CARTESIAN_POINT('Ctrl Pts',(40.8727561966601,145.,19.2275761696783));
#11260=CARTESIAN_POINT('Ctrl Pts',(40.9977028801085,145.,19.4975050911535));
#11261=CARTESIAN_POINT('',(40.991726870211,144.,18.3995262349568));
#11262=CARTESIAN_POINT('',(40.991726870211,-91.3747025381523,18.3995262349568));
#11263=CARTESIAN_POINT('Ctrl Pts',(40.991726870211,144.,18.3995262349568));
#11264=CARTESIAN_POINT('Ctrl Pts',(40.9116667375604,144.,18.5741022407433));
#11265=CARTESIAN_POINT('Ctrl Pts',(40.8718232588059,144.,18.7557545646435));
#11266=CARTESIAN_POINT('Ctrl Pts',(40.8721964339475,144.,18.9444832066574));
#11267=CARTESIAN_POINT('Ctrl Pts',(40.8725696090892,144.,19.1332118486713));
#11268=CARTESIAN_POINT('Ctrl Pts',(40.9144050911429,144.,19.3175524768367));
#11269=CARTESIAN_POINT('Ctrl Pts',(40.9977028801085,144.,19.4975050911535));
#11270=CARTESIAN_POINT('Ctrl Pts',(40.991726870211,-91.3747025381523,18.3995262349568));
#11271=CARTESIAN_POINT('Ctrl Pts',(40.991726870211,381.374702538152,18.3995262349568));
#11272=CARTESIAN_POINT('Ctrl Pts',(41.1011761654802,-91.3747025381523,18.1608653662865));
#11273=CARTESIAN_POINT('Ctrl Pts',(41.1011761654802,381.374702538152,18.1608653662865));
#11274=CARTESIAN_POINT('Ctrl Pts',(41.3792967271608,-91.3747025381523,17.8430941207517));
#11275=CARTESIAN_POINT('Ctrl Pts',(41.3792967271608,381.374702538152,17.8430941207517));
#11276=CARTESIAN_POINT('Ctrl Pts',(41.5369258863703,-91.3747025381523,17.7268249658836));
#11277=CARTESIAN_POINT('Ctrl Pts',(41.5369258863703,381.374702538152,17.7268249658836));
#11278=CARTESIAN_POINT('',(41.5369258863703,145.,17.7268249658836));
#11279=CARTESIAN_POINT('Ctrl Pts',(41.5369258863703,145.,17.7268249658836));
#11280=CARTESIAN_POINT('Ctrl Pts',(41.3792967271608,145.,17.8430941207517));
#11281=CARTESIAN_POINT('Ctrl Pts',(41.1011761654802,145.,18.1608653662865));
#11282=CARTESIAN_POINT('Ctrl Pts',(40.991726870211,145.,18.3995262349568));
#11283=CARTESIAN_POINT('',(41.5369258863703,144.,17.7268249658836));
#11284=CARTESIAN_POINT('',(41.5369258863703,-91.3747025381523,17.7268249658836));
#11285=CARTESIAN_POINT('Ctrl Pts',(41.5369258863703,144.,17.7268249658836));
#11286=CARTESIAN_POINT('Ctrl Pts',(41.4318397802306,144.,17.8043377357956));
#11287=CARTESIAN_POINT('Ctrl Pts',(41.3329433002141,144.,17.8960559950075));
#11288=CARTESIAN_POINT('Ctrl Pts',(41.2402364463205,144.,18.0019797435191));
#11289=CARTESIAN_POINT('Ctrl Pts',(41.147529592427,144.,18.1079034920307));
#11290=CARTESIAN_POINT('Ctrl Pts',(41.0646930670572,144.,18.2404189891766));
#11291=CARTESIAN_POINT('Ctrl Pts',(40.991726870211,144.,18.3995262349568));
#11292=CARTESIAN_POINT('Ctrl Pts',(41.5369258863703,-91.3747025381523,17.7268249658836));
#11293=CARTESIAN_POINT('Ctrl Pts',(41.5369258863703,381.374702538152,17.7268249658836));
#11294=CARTESIAN_POINT('Ctrl Pts',(41.7009100380687,-91.3747025381523,17.6054464715423));
#11295=CARTESIAN_POINT('Ctrl Pts',(41.7009100380687,381.374702538152,17.6054464715423));
#11296=CARTESIAN_POINT('Ctrl Pts',(41.989903937011,-91.3747025381523,17.4651717696743));
#11297=CARTESIAN_POINT('Ctrl Pts',(41.989903937011,381.374702538152,17.4651717696743));
#11298=CARTESIAN_POINT('Ctrl Pts',(42.0896414629739,-91.3747025381523,17.4226501973776));
#11299=CARTESIAN_POINT('Ctrl Pts',(42.0896414629739,381.374702538152,17.4226501973776));
#11300=CARTESIAN_POINT('',(42.0896414629739,145.,17.4226501973776));
#11301=CARTESIAN_POINT('Ctrl Pts',(42.0896414629739,145.,17.4226501973776));
#11302=CARTESIAN_POINT('Ctrl Pts',(41.989903937011,145.,17.4651717696743));
#11303=CARTESIAN_POINT('Ctrl Pts',(41.7009100380687,145.,17.6054464715423));
#11304=CARTESIAN_POINT('Ctrl Pts',(41.5369258863703,145.,17.7268249658836));
#11305=CARTESIAN_POINT('',(42.0896414629739,144.,17.4226501973776));
#11306=CARTESIAN_POINT('',(42.0896414629739,-91.3747025381523,17.4226501973776));
#11307=CARTESIAN_POINT('Ctrl Pts',(42.0896414629739,144.,17.4226501973776));
#11308=CARTESIAN_POINT('Ctrl Pts',(42.0231497789986,144.,17.4509979122421));
#11309=CARTESIAN_POINT('Ctrl Pts',(41.9417382871873,144.,17.4885508866523));
#11310=CARTESIAN_POINT('Ctrl Pts',(41.8454069875399,144.,17.5353091206083));
#11311=CARTESIAN_POINT('Ctrl Pts',(41.7490756878925,144.,17.5820673545643));
#11312=CARTESIAN_POINT('Ctrl Pts',(41.6462486541693,144.,17.6459059696561));
#11313=CARTESIAN_POINT('Ctrl Pts',(41.5369258863703,144.,17.7268249658836));
#11314=CARTESIAN_POINT('Origin',(42.1094031412864,-91.3747025381523,17.3795586516455));
#11315=CARTESIAN_POINT('',(42.1094031412864,145.,17.3795586516455));
#11316=CARTESIAN_POINT('',(49.4163320258185,145.,1.44635423398007));
#11317=CARTESIAN_POINT('',(42.1094031412864,144.,17.3795586516455));
#11318=CARTESIAN_POINT('',(42.1094031412864,-91.3747025381523,17.3795586516455));
#11319=CARTESIAN_POINT('',(49.4163320258185,144.,1.44635423398007));
#11320=CARTESIAN_POINT('Origin',(41.4530857524432,-91.3747025381523,17.0785730896551));
#11321=CARTESIAN_POINT('',(41.4530857524432,145.,17.0785730896551));
#11322=CARTESIAN_POINT('',(13.4196139916893,145.,4.22249096249175));
#11323=CARTESIAN_POINT('',(41.4530857524432,144.,17.0785730896551));
#11324=CARTESIAN_POINT('',(41.4530857524432,-91.3747025381523,17.0785730896551));
#11325=CARTESIAN_POINT('',(13.4196139916893,144.,4.22249096249175));
#11326=CARTESIAN_POINT('Ctrl Pts',(41.4530857524432,-91.3747025381523,17.0785730896551));
#11327=CARTESIAN_POINT('Ctrl Pts',(41.4530857524432,381.374702538152,17.0785730896551));
#11328=CARTESIAN_POINT('Ctrl Pts',(41.3178363049879,-91.3747025381523,17.1810343552045));
#11329=CARTESIAN_POINT('Ctrl Pts',(41.3178363049879,381.374702538152,17.1810343552045));
#11330=CARTESIAN_POINT('Ctrl Pts',(41.0690204209859,-91.3747025381523,17.3999125242971));
#11331=CARTESIAN_POINT('Ctrl Pts',(41.0690204209859,381.374702538152,17.3999125242971));
#11332=CARTESIAN_POINT('Ctrl Pts',(40.9651237112153,-91.3747025381523,17.512740217468));
#11333=CARTESIAN_POINT('Ctrl Pts',(40.9651237112153,381.374702538152,17.512740217468));
#11334=CARTESIAN_POINT('',(40.9651237112153,145.,17.512740217468));
#11335=CARTESIAN_POINT('Ctrl Pts',(40.9651237112153,145.,17.512740217468));
#11336=CARTESIAN_POINT('Ctrl Pts',(41.0690204209859,145.,17.3999125242971));
#11337=CARTESIAN_POINT('Ctrl Pts',(41.3178363049879,145.,17.1810343552045));
#11338=CARTESIAN_POINT('Ctrl Pts',(41.4530857524432,145.,17.0785730896551));
#11339=CARTESIAN_POINT('',(40.9651237112153,144.,17.512740217468));
#11340=CARTESIAN_POINT('',(40.9651237112153,-91.3747025381523,17.512740217468));
#11341=CARTESIAN_POINT('Ctrl Pts',(40.9651237112153,144.,17.512740217468));
#11342=CARTESIAN_POINT('Ctrl Pts',(41.0343881843957,144.,17.4375217553541));
#11343=CARTESIAN_POINT('Ctrl Pts',(41.1104897349862,144.,17.3634328294483));
#11344=CARTESIAN_POINT('Ctrl Pts',(41.1934283629869,144.,17.2904734397508));
#11345=CARTESIAN_POINT('Ctrl Pts',(41.2763669909876,144.,17.2175140500532));
#11346=CARTESIAN_POINT('Ctrl Pts',(41.3629194541397,144.,17.1468806000213));
#11347=CARTESIAN_POINT('Ctrl Pts',(41.4530857524432,144.,17.0785730896551));
#11348=CARTESIAN_POINT('Ctrl Pts',(40.9651237112153,-91.3747025381523,17.512740217468));
#11349=CARTESIAN_POINT('Ctrl Pts',(40.9651237112153,381.374702538152,17.512740217468));
#11350=CARTESIAN_POINT('Ctrl Pts',(40.8487914925519,-91.3747025381523,17.6439361872606));
#11351=CARTESIAN_POINT('Ctrl Pts',(40.8487914925519,381.374702538152,17.6439361872606));
#11352=CARTESIAN_POINT('Ctrl Pts',(40.6234322033795,-91.3747025381523,17.9778799007357));
#11353=CARTESIAN_POINT('Ctrl Pts',(40.6234322033795,381.374702538152,17.9778799007357));
#11354=CARTESIAN_POINT('Ctrl Pts',(40.5291841991198,-91.3747025381523,18.183393426535));
#11355=CARTESIAN_POINT('Ctrl Pts',(40.5291841991198,381.374702538152,18.183393426535));
#11356=CARTESIAN_POINT('',(40.5291841991198,145.,18.183393426535));
#11357=CARTESIAN_POINT('Ctrl Pts',(40.5291841991198,145.,18.183393426535));
#11358=CARTESIAN_POINT('Ctrl Pts',(40.6234322033795,145.,17.9778799007357));
#11359=CARTESIAN_POINT('Ctrl Pts',(40.8487914925519,145.,17.6439361872606));
#11360=CARTESIAN_POINT('Ctrl Pts',(40.9651237112153,145.,17.512740217468));
#11361=CARTESIAN_POINT('',(40.5291841991198,144.,18.183393426535));
#11362=CARTESIAN_POINT('',(40.5291841991198,-91.3747025381523,18.183393426535));
#11363=CARTESIAN_POINT('Ctrl Pts',(40.5291841991198,144.,18.183393426535));
#11364=CARTESIAN_POINT('Ctrl Pts',(40.5920162019596,144.,18.0463844093355));
#11365=CARTESIAN_POINT('Ctrl Pts',(40.6609920849082,144.,17.9222226151565));
#11366=CARTESIAN_POINT('Ctrl Pts',(40.7361118479657,144.,17.8109080439981));
#11367=CARTESIAN_POINT('Ctrl Pts',(40.8112316110231,144.,17.6995934728397));
#11368=CARTESIAN_POINT('Ctrl Pts',(40.887568898773,144.,17.6002041973297));
#11369=CARTESIAN_POINT('Ctrl Pts',(40.9651237112153,144.,17.512740217468));
#11370=CARTESIAN_POINT('Ctrl Pts',(40.5291841991198,-91.3747025381523,18.183393426535));
#11371=CARTESIAN_POINT('Ctrl Pts',(40.5291841991198,381.374702538152,18.183393426535));
#11372=CARTESIAN_POINT('Ctrl Pts',(40.3391680614996,-91.3747025381523,18.5977352124209));
#11373=CARTESIAN_POINT('Ctrl Pts',(40.3391680614996,381.374702538152,18.5977352124209));
#11374=CARTESIAN_POINT('Ctrl Pts',(40.3204838660819,-91.3747025381523,19.399562770196));
#11375=CARTESIAN_POINT('Ctrl Pts',(40.3204838660819,381.374702538152,19.399562770196));
#11376=CARTESIAN_POINT('Ctrl Pts',(40.4831172584389,-91.3747025381523,19.7710238228202));
#11377=CARTESIAN_POINT('Ctrl Pts',(40.4831172584389,381.374702538152,19.7710238228202));
#11378=CARTESIAN_POINT('',(40.4831172584389,145.,19.7710238228202));
#11379=CARTESIAN_POINT('Ctrl Pts',(40.4831172584389,145.,19.7710238228202));
#11380=CARTESIAN_POINT('Ctrl Pts',(40.3204838660819,145.,19.399562770196));
#11381=CARTESIAN_POINT('Ctrl Pts',(40.3391680614996,145.,18.5977352124209));
#11382=CARTESIAN_POINT('Ctrl Pts',(40.5291841991198,145.,18.183393426535));
#11383=CARTESIAN_POINT('',(40.4831172584389,144.,19.7710238228202));
#11384=CARTESIAN_POINT('',(40.4831172584389,-91.3747025381523,19.7710238228202));
#11385=CARTESIAN_POINT('Ctrl Pts',(40.4831172584389,144.,19.7710238228202));
#11386=CARTESIAN_POINT('Ctrl Pts',(40.3746949968676,144.,19.5233831210707));
#11387=CARTESIAN_POINT('Ctrl Pts',(40.3235978986515,144.,19.2659248439001));
#11388=CARTESIAN_POINT('Ctrl Pts',(40.3298259637908,144.,18.9986489913084));
#11389=CARTESIAN_POINT('Ctrl Pts',(40.33605402893,144.,18.7313731387167));
#11390=CARTESIAN_POINT('Ctrl Pts',(40.4025067740397,144.,18.4596212837922));
#11391=CARTESIAN_POINT('Ctrl Pts',(40.5291841991198,144.,18.183393426535));
#11392=CARTESIAN_POINT('Ctrl Pts',(40.4831172584389,-91.3747025381523,19.7710238228202));
#11393=CARTESIAN_POINT('Ctrl Pts',(40.4831172584389,381.374702538152,19.7710238228202));
#11394=CARTESIAN_POINT('Ctrl Pts',(40.6508599902692,-91.3747025381523,20.1488398679334));
#11395=CARTESIAN_POINT('Ctrl Pts',(40.6508599902692,381.374702538152,20.1488398679334));
#11396=CARTESIAN_POINT('Ctrl Pts',(41.2931586773231,-91.3747025381523,20.7603335698345));
#11397=CARTESIAN_POINT('Ctrl Pts',(41.2931586773231,381.374702538152,20.7603335698345));
#11398=CARTESIAN_POINT('Ctrl Pts',(41.8069424918215,-91.3747025381523,20.9959535804835));
#11399=CARTESIAN_POINT('Ctrl Pts',(41.8069424918215,381.374702538152,20.9959535804835));
#11400=CARTESIAN_POINT('',(41.8069424918215,145.,20.9959535804835));
#11401=CARTESIAN_POINT('Ctrl Pts',(41.8069424918215,145.,20.9959535804835));
#11402=CARTESIAN_POINT('Ctrl Pts',(41.2931586773231,145.,20.7603335698345));
#11403=CARTESIAN_POINT('Ctrl Pts',(40.6508599902692,145.,20.1488398679334));
#11404=CARTESIAN_POINT('Ctrl Pts',(40.4831172584389,145.,19.7710238228202));
#11405=CARTESIAN_POINT('',(41.8069424918215,144.,20.9959535804835));
#11406=CARTESIAN_POINT('',(41.8069424918215,-91.3747025381523,20.9959535804835));
#11407=CARTESIAN_POINT('Ctrl Pts',(41.8069424918215,144.,20.9959535804835));
#11408=CARTESIAN_POINT('Ctrl Pts',(41.4644199488226,144.,20.8388735733842));
#11409=CARTESIAN_POINT('Ctrl Pts',(41.1861088961474,144.,20.658417952851));
#11410=CARTESIAN_POINT('Ctrl Pts',(40.9720093337961,144.,20.454586718884));
#11411=CARTESIAN_POINT('Ctrl Pts',(40.7579097714448,144.,20.2507554849169));
#11412=CARTESIAN_POINT('Ctrl Pts',(40.5949457463257,144.,20.022901186229));
#11413=CARTESIAN_POINT('Ctrl Pts',(40.4831172584389,144.,19.7710238228202));
#11414=CARTESIAN_POINT('Ctrl Pts',(41.8069424918215,-91.3747025381523,20.9959535804835));
#11415=CARTESIAN_POINT('Ctrl Pts',(41.8069424918215,381.374702538152,20.9959535804835));
#11416=CARTESIAN_POINT('Ctrl Pts',(42.324041040607,-91.3747025381523,21.2330937202335));
#11417=CARTESIAN_POINT('Ctrl Pts',(42.324041040607,381.374702538152,21.2330937202335));
#11418=CARTESIAN_POINT('Ctrl Pts',(43.2427077266857,-91.3747025381523,21.3294312272103));
#11419=CARTESIAN_POINT('Ctrl Pts',(43.2427077266857,381.374702538152,21.3294312272103));
#11420=CARTESIAN_POINT('Ctrl Pts',(43.6203760231238,-91.3747025381523,21.2057512180429));
#11421=CARTESIAN_POINT('Ctrl Pts',(43.6203760231238,381.374702538152,21.2057512180429));
#11422=CARTESIAN_POINT('',(43.6203760231238,145.,21.2057512180429));
#11423=CARTESIAN_POINT('Ctrl Pts',(43.6203760231238,145.,21.2057512180429));
#11424=CARTESIAN_POINT('Ctrl Pts',(43.2427077266857,145.,21.3294312272103));
#11425=CARTESIAN_POINT('Ctrl Pts',(42.324041040607,145.,21.2330937202335));
#11426=CARTESIAN_POINT('Ctrl Pts',(41.8069424918215,145.,20.9959535804835));
#11427=CARTESIAN_POINT('',(43.6203760231238,144.,21.2057512180429));
#11428=CARTESIAN_POINT('',(43.6203760231238,-91.3747025381523,21.2057512180429));
#11429=CARTESIAN_POINT('Ctrl Pts',(43.6203760231238,144.,21.2057512180429));
#11430=CARTESIAN_POINT('Ctrl Pts',(43.3685971588317,144.,21.2882045574878));
#11431=CARTESIAN_POINT('Ctrl Pts',(43.0895966123392,144.,21.3133749760475));
#11432=CARTESIAN_POINT('Ctrl Pts',(42.7833743836463,144.,21.2812624737219));
#11433=CARTESIAN_POINT('Ctrl Pts',(42.4771521549534,144.,21.2491499713963));
#11434=CARTESIAN_POINT('Ctrl Pts',(42.1516748576785,144.,21.1540470069835));
#11435=CARTESIAN_POINT('Ctrl Pts',(41.8069424918215,144.,20.9959535804835));
#11436=CARTESIAN_POINT('Ctrl Pts',(43.6203760231238,-91.3747025381523,21.2057512180429));
#11437=CARTESIAN_POINT('Ctrl Pts',(43.6203760231238,381.374702538152,21.2057512180429));
#11438=CARTESIAN_POINT('Ctrl Pts',(44.0013590538489,-91.3747025381523,21.0835913379763));
#11439=CARTESIAN_POINT('Ctrl Pts',(44.0013590538489,381.374702538152,21.0835913379763));
#11440=CARTESIAN_POINT('Ctrl Pts',(44.5784387385981,-91.3747025381523,20.5338307348757));
#11441=CARTESIAN_POINT('Ctrl Pts',(44.5784387385981,381.374702538152,20.5338307348757));
#11442=CARTESIAN_POINT('Ctrl Pts',(44.7608542307135,-91.3747025381523,20.1360626204253));
#11443=CARTESIAN_POINT('Ctrl Pts',(44.7608542307135,381.374702538152,20.1360626204253));
#11444=CARTESIAN_POINT('',(44.7608542307135,145.,20.1360626204253));
#11445=CARTESIAN_POINT('Ctrl Pts',(44.7608542307135,145.,20.1360626204253));
#11446=CARTESIAN_POINT('Ctrl Pts',(44.5784387385981,145.,20.5338307348757));
#11447=CARTESIAN_POINT('Ctrl Pts',(44.0013590538489,145.,21.0835913379763));
#11448=CARTESIAN_POINT('Ctrl Pts',(43.6203760231238,145.,21.2057512180429));
#11449=CARTESIAN_POINT('',(44.7608542307135,144.,20.1360626204253));
#11450=CARTESIAN_POINT('',(44.7608542307135,-91.3747025381523,20.1360626204253));
#11451=CARTESIAN_POINT('Ctrl Pts',(44.7608542307135,144.,20.1360626204253));
#11452=CARTESIAN_POINT('Ctrl Pts',(44.6392439026366,144.,20.4012413633922));
#11453=CARTESIAN_POINT('Ctrl Pts',(44.4822587911399,144.,20.6254575020591));
#11454=CARTESIAN_POINT('Ctrl Pts',(44.2898988962235,144.,20.808711036426));
#11455=CARTESIAN_POINT('Ctrl Pts',(44.0975390013071,144.,20.9919645707929));
#11456=CARTESIAN_POINT('Ctrl Pts',(43.8743647102739,144.,21.1243112979985));
#11457=CARTESIAN_POINT('Ctrl Pts',(43.6203760231238,144.,21.2057512180429));
#11458=CARTESIAN_POINT('Ctrl Pts',(44.7608542307135,-91.3747025381523,20.1360626204253));
#11459=CARTESIAN_POINT('Ctrl Pts',(44.7608542307135,381.374702538152,20.1360626204253));
#11460=CARTESIAN_POINT('Ctrl Pts',(44.8733437841847,-91.3747025381523,19.8907722831809));
#11461=CARTESIAN_POINT('Ctrl Pts',(44.8733437841847,381.374702538152,19.8907722831809));
#11462=CARTESIAN_POINT('Ctrl Pts',(44.9535304443056,-91.3747025381523,19.5584544049516));
#11463=CARTESIAN_POINT('Ctrl Pts',(44.9535304443056,381.374702538152,19.5584544049516));
#11464=CARTESIAN_POINT('Ctrl Pts',(44.97595219859,-91.3747025381523,19.3520964296316));
#11465=CARTESIAN_POINT('Ctrl Pts',(44.97595219859,381.374702538152,19.3520964296316));
#11466=CARTESIAN_POINT('',(44.97595219859,145.,19.3520964296316));
#11467=CARTESIAN_POINT('Ctrl Pts',(44.97595219859,145.,19.3520964296316));
#11468=CARTESIAN_POINT('Ctrl Pts',(44.9535304443056,145.,19.5584544049516));
#11469=CARTESIAN_POINT('Ctrl Pts',(44.8733437841847,145.,19.8907722831809));
#11470=CARTESIAN_POINT('Ctrl Pts',(44.7608542307135,145.,20.1360626204253));
#11471=CARTESIAN_POINT('',(44.97595219859,144.,19.3520964296316));
#11472=CARTESIAN_POINT('',(44.97595219859,-91.3747025381523,19.3520964296316));
#11473=CARTESIAN_POINT('Ctrl Pts',(44.97595219859,144.,19.3520964296316));
#11474=CARTESIAN_POINT('Ctrl Pts',(44.9623516805221,144.,19.477268409317));
#11475=CARTESIAN_POINT('Ctrl Pts',(44.942970651694,144.,19.6022173933333));
#11476=CARTESIAN_POINT('Ctrl Pts',(44.8827270336418,144.,19.8518852470357));
#11477=CARTESIAN_POINT('Ctrl Pts',(44.8239898994406,144.,19.9983914412238));
#11478=CARTESIAN_POINT('Ctrl Pts',(44.7608542307135,144.,20.1360626204253));
#11479=CARTESIAN_POINT('Ctrl Pts',(44.97595219859,-91.3747025381523,19.3520964296316));
#11480=CARTESIAN_POINT('Ctrl Pts',(44.97595219859,381.374702538152,19.3520964296316));
#11481=CARTESIAN_POINT('Ctrl Pts',(45.0004430341457,-91.3747025381523,19.1587229153748));
#11482=CARTESIAN_POINT('Ctrl Pts',(45.0004430341457,381.374702538152,19.1587229153748));
#11483=CARTESIAN_POINT('Ctrl Pts',(44.9938766293669,-91.3747025381523,18.866857528171));
#11484=CARTESIAN_POINT('Ctrl Pts',(44.9938766293669,381.374702538152,18.866857528171));
#11485=CARTESIAN_POINT('Ctrl Pts',(44.9932219710516,-91.3747025381523,18.7020709694821));
#11486=CARTESIAN_POINT('Ctrl Pts',(44.9932219710516,381.374702538152,18.7020709694821));
#11487=CARTESIAN_POINT('',(44.9932219710516,145.,18.7020709694821));
#11488=CARTESIAN_POINT('Ctrl Pts',(44.9932219710516,145.,18.7020709694821));
#11489=CARTESIAN_POINT('Ctrl Pts',(44.9938766293669,145.,18.866857528171));
#11490=CARTESIAN_POINT('Ctrl Pts',(45.0004430341457,145.,19.1587229153748));
#11491=CARTESIAN_POINT('Ctrl Pts',(44.97595219859,145.,19.3520964296316));
#11492=CARTESIAN_POINT('',(44.9932219710516,144.,18.7020709694821));
#11493=CARTESIAN_POINT('',(44.9932219710516,-91.3747025381523,18.7020709694821));
#11494=CARTESIAN_POINT('Ctrl Pts',(44.9932219710516,144.,18.7020709694821));
#11495=CARTESIAN_POINT('Ctrl Pts',(44.9936584099285,144.,18.8119286752747));
#11496=CARTESIAN_POINT('Ctrl Pts',(44.9949710301633,144.,18.9155017593716));
#11497=CARTESIAN_POINT('Ctrl Pts',(44.9971598317563,144.,19.0127902217729));
#11498=CARTESIAN_POINT('Ctrl Pts',(44.9993486333492,144.,19.1100786841742));
#11499=CARTESIAN_POINT('Ctrl Pts',(44.9922794222938,144.,19.2231807534604));
#11500=CARTESIAN_POINT('Ctrl Pts',(44.97595219859,144.,19.3520964296316));
#11501=CARTESIAN_POINT('Origin',(44.3435340507827,-91.3747025381523,18.4041256656936));
#11502=CARTESIAN_POINT('',(44.3435340507827,145.,18.4041256656936));
#11503=CARTESIAN_POINT('',(14.864838140859,145.,4.88526725051086));
#11504=CARTESIAN_POINT('',(44.3435340507827,144.,18.4041256656936));
#11505=CARTESIAN_POINT('',(44.3435340507827,-91.3747025381523,18.4041256656936));
#11506=CARTESIAN_POINT('',(14.864838140859,144.,4.88526725051086));
#11507=CARTESIAN_POINT('Origin',(44.3252925015711,-91.3747025381523,18.4439024771387));
#11508=CARTESIAN_POINT('',(44.3252925015711,145.,18.4439024771387));
#11509=CARTESIAN_POINT('',(51.6413421607092,145.,2.49080965375199));
#11510=CARTESIAN_POINT('',(44.3252925015711,144.,18.4439024771387));
#11511=CARTESIAN_POINT('',(44.3252925015711,-91.3747025381523,18.4439024771387));
#11512=CARTESIAN_POINT('',(51.6413421607092,144.,2.49080965375199));
#11513=CARTESIAN_POINT('Ctrl Pts',(44.3252925015711,-91.3747025381523,18.4439024771387));
#11514=CARTESIAN_POINT('Ctrl Pts',(44.3252925015711,381.374702538152,18.4439024771387));
#11515=CARTESIAN_POINT('Ctrl Pts',(44.3593900001075,-91.3747025381523,18.5357648815116));
#11516=CARTESIAN_POINT('Ctrl Pts',(44.3593900001075,381.374702538152,18.5357648815116));
#11517=CARTESIAN_POINT('Ctrl Pts',(44.4365370018458,-91.3747025381523,18.8399390501983));
#11518=CARTESIAN_POINT('Ctrl Pts',(44.4365370018458,381.374702538152,18.8399390501983));
#11519=CARTESIAN_POINT('Ctrl Pts',(44.4543142837667,-91.3747025381523,19.0286254497422));
#11520=CARTESIAN_POINT('Ctrl Pts',(44.4543142837667,381.374702538152,19.0286254497422));
#11521=CARTESIAN_POINT('',(44.4543142837667,145.,19.0286254497422));
#11522=CARTESIAN_POINT('Ctrl Pts',(44.4543142837667,145.,19.0286254497422));
#11523=CARTESIAN_POINT('Ctrl Pts',(44.4365370018458,145.,18.8399390501983));
#11524=CARTESIAN_POINT('Ctrl Pts',(44.3593900001075,145.,18.5357648815116));
#11525=CARTESIAN_POINT('Ctrl Pts',(44.3252925015711,145.,18.4439024771387));
#11526=CARTESIAN_POINT('',(44.4543142837667,144.,19.0286254497422));
#11527=CARTESIAN_POINT('',(44.4543142837667,-91.3747025381523,19.0286254497422));
#11528=CARTESIAN_POINT('Ctrl Pts',(44.4543142837667,144.,19.0286254497422));
#11529=CARTESIAN_POINT('Ctrl Pts',(44.4424627624861,144.,18.902834516713));
#11530=CARTESIAN_POINT('Ctrl Pts',(44.4236791682227,144.,18.7892433554172));
#11531=CARTESIAN_POINT('Ctrl Pts',(44.3979635009766,144.,18.687851965855));
#11532=CARTESIAN_POINT('Ctrl Pts',(44.3722478337306,144.,18.5864605762927));
#11533=CARTESIAN_POINT('Ctrl Pts',(44.3480241672621,144.,18.505144080054));
#11534=CARTESIAN_POINT('Ctrl Pts',(44.3252925015711,144.,18.4439024771387));
#11535=CARTESIAN_POINT('Ctrl Pts',(44.4543142837667,-91.3747025381523,19.0286254497422));
#11536=CARTESIAN_POINT('Ctrl Pts',(44.4543142837667,381.374702538152,19.0286254497422));
#11537=CARTESIAN_POINT('Ctrl Pts',(44.4690513074858,-91.3747025381523,19.2239413178603));
#11538=CARTESIAN_POINT('Ctrl Pts',(44.4690513074858,381.374702538152,19.2239413178603));
#11539=CARTESIAN_POINT('Ctrl Pts',(44.4011313863175,-91.3747025381523,19.6782286851314));
#11540=CARTESIAN_POINT('Ctrl Pts',(44.4011313863175,381.374702538152,19.6782286851314));
#11541=CARTESIAN_POINT('Ctrl Pts',(44.2932022201492,-91.3747025381523,19.9135748195146));
#11542=CARTESIAN_POINT('Ctrl Pts',(44.2932022201492,381.374702538152,19.9135748195146));
#11543=CARTESIAN_POINT('',(44.2932022201492,145.,19.9135748195146));
#11544=CARTESIAN_POINT('Ctrl Pts',(44.2932022201492,145.,19.9135748195146));
#11545=CARTESIAN_POINT('Ctrl Pts',(44.4011313863175,145.,19.6782286851314));
#11546=CARTESIAN_POINT('Ctrl Pts',(44.4690513074858,145.,19.2239413178603));
#11547=CARTESIAN_POINT('Ctrl Pts',(44.4543142837667,145.,19.0286254497422));
#11548=CARTESIAN_POINT('',(44.2932022201492,144.,19.9135748195146));
#11549=CARTESIAN_POINT('',(44.2932022201492,-91.3747025381523,19.9135748195146));
#11550=CARTESIAN_POINT('Ctrl Pts',(44.2932022201492,144.,19.9135748195146));
#11551=CARTESIAN_POINT('Ctrl Pts',(44.3651549975947,144.,19.7566773965925));
#11552=CARTESIAN_POINT('Ctrl Pts',(44.4124513731788,144.,19.6025141239196));
#11553=CARTESIAN_POINT('Ctrl Pts',(44.4350913469016,144.,19.4510850014959));
#11554=CARTESIAN_POINT('Ctrl Pts',(44.4577313206244,144.,19.2996558790722));
#11555=CARTESIAN_POINT('Ctrl Pts',(44.4641389662461,144.,19.1588360284876));
#11556=CARTESIAN_POINT('Ctrl Pts',(44.4543142837667,144.,19.0286254497422));
#11557=CARTESIAN_POINT('Ctrl Pts',(44.2932022201492,-91.3747025381523,19.9135748195146));
#11558=CARTESIAN_POINT('Ctrl Pts',(44.2932022201492,381.374702538152,19.9135748195146));
#11559=CARTESIAN_POINT('Ctrl Pts',(44.1746321502742,-91.3747025381523,20.1721240939073));
#11560=CARTESIAN_POINT('Ctrl Pts',(44.1746321502742,381.374702538152,20.1721240939073));
#11561=CARTESIAN_POINT('Ctrl Pts',(43.7578206794411,-91.3747025381523,20.5386241555527));
#11562=CARTESIAN_POINT('Ctrl Pts',(43.7578206794411,381.374702538152,20.5386241555527));
#11563=CARTESIAN_POINT('Ctrl Pts',(43.4765751746788,-91.3747025381523,20.6182624633226));
#11564=CARTESIAN_POINT('Ctrl Pts',(43.4765751746788,381.374702538152,20.6182624633226));
#11565=CARTESIAN_POINT('',(43.4765751746788,145.,20.6182624633226));
#11566=CARTESIAN_POINT('Ctrl Pts',(43.4765751746788,145.,20.6182624633226));
#11567=CARTESIAN_POINT('Ctrl Pts',(43.7578206794411,145.,20.5386241555527));
#11568=CARTESIAN_POINT('Ctrl Pts',(44.1746321502742,145.,20.1721240939073));
#11569=CARTESIAN_POINT('Ctrl Pts',(44.2932022201492,145.,19.9135748195146));
#11570=CARTESIAN_POINT('',(43.4765751746788,144.,20.6182624633226));
#11571=CARTESIAN_POINT('',(43.4765751746788,-91.3747025381523,20.6182624633226));
#11572=CARTESIAN_POINT('Ctrl Pts',(43.4765751746788,144.,20.6182624633226));
#11573=CARTESIAN_POINT('Ctrl Pts',(43.6640721778537,144.,20.5651702581427));
#11574=CARTESIAN_POINT('Ctrl Pts',(43.8272892579133,144.,20.4775408119452));
#11575=CARTESIAN_POINT('Ctrl Pts',(43.9662264148576,144.,20.35537412473));
#11576=CARTESIAN_POINT('Ctrl Pts',(44.105163571802,144.,20.2332074375149));
#11577=CARTESIAN_POINT('Ctrl Pts',(44.2141555068992,144.,20.0859410024431));
#11578=CARTESIAN_POINT('Ctrl Pts',(44.2932022201492,144.,19.9135748195146));
#11579=CARTESIAN_POINT('Ctrl Pts',(43.4765751746788,-91.3747025381523,20.6182624633226));
#11580=CARTESIAN_POINT('Ctrl Pts',(43.4765751746788,381.374702538152,20.6182624633226));
#11581=CARTESIAN_POINT('Ctrl Pts',(43.1871800722414,-91.3747025381523,20.6981752471776));
#11582=CARTESIAN_POINT('Ctrl Pts',(43.1871800722414,381.374702538152,20.6981752471776));
#11583=CARTESIAN_POINT('Ctrl Pts',(42.4878558225459,-91.3747025381523,20.6221904132139));
#11584=CARTESIAN_POINT('Ctrl Pts',(42.4878558225459,381.374702538152,20.6221904132139));
#11585=CARTESIAN_POINT('Ctrl Pts',(42.0668845680859,-91.3747025381523,20.4291340173917));
#11586=CARTESIAN_POINT('Ctrl Pts',(42.0668845680859,381.374702538152,20.4291340173917));
#11587=CARTESIAN_POINT('Ctrl Pts',(42.0668845680859,145.,20.4291340173917));
#11588=CARTESIAN_POINT('Ctrl Pts',(42.4878558225459,145.,20.6221904132139));
#11589=CARTESIAN_POINT('Ctrl Pts',(43.1871800722414,145.,20.6981752471776));
#11590=CARTESIAN_POINT('Ctrl Pts',(43.4765751746788,145.,20.6182624633226));
#11591=CARTESIAN_POINT('Ctrl Pts',(42.0668845680859,144.,20.4291340173917));
#11592=CARTESIAN_POINT('Ctrl Pts',(42.3475320710593,144.,20.5578382812731));
#11593=CARTESIAN_POINT('Ctrl Pts',(42.6044098641618,144.,20.6348545522078));
#11594=CARTESIAN_POINT('Ctrl Pts',(42.8375179473937,144.,20.6601828301957));
#11595=CARTESIAN_POINT('Ctrl Pts',(43.0706260306255,144.,20.6855111081836));
#11596=CARTESIAN_POINT('Ctrl Pts',(43.2836451063872,144.,20.6715376525592));
#11597=CARTESIAN_POINT('Ctrl Pts',(43.4765751746788,144.,20.6182624633226));
#11598=CARTESIAN_POINT('Origin',(0.,144.,-40.5));
#11599=CARTESIAN_POINT('Origin',(0.,144.,-40.5));
#11600=CARTESIAN_POINT('',(41.9755897847765,144.,24.7970984013974));
#11601=CARTESIAN_POINT('',(41.3174305488222,144.,24.4349503563262));
#11602=CARTESIAN_POINT('',(12.0758305739613,144.,8.34494099818716));
#11603=CARTESIAN_POINT('',(42.9942948571331,144.,23.6719125847243));
#11604=CARTESIAN_POINT('Ctrl Pts',(42.9942948571331,144.,23.6719125847243));
#11605=CARTESIAN_POINT('Ctrl Pts',(42.764150115629,144.,24.0901721591959));
#11606=CARTESIAN_POINT('Ctrl Pts',(42.5763990883886,144.,24.2797756325859));
#11607=CARTESIAN_POINT('Ctrl Pts',(42.3395557954984,144.,24.5132626451552));
#11608=CARTESIAN_POINT('Ctrl Pts',(42.1637235324392,144.,24.6631624585173));
#11609=CARTESIAN_POINT('Ctrl Pts',(41.9755897847765,144.,24.7970984013974));
#11610=CARTESIAN_POINT('',(43.2025367798809,144.,22.4462433855726));
#11611=CARTESIAN_POINT('Ctrl Pts',(43.2025367798809,144.,22.4462433855726));
#11612=CARTESIAN_POINT('Ctrl Pts',(43.2484068901797,144.,22.6351993381782));
#11613=CARTESIAN_POINT('Ctrl Pts',(43.2582764347504,144.,22.8265450102798));
#11614=CARTESIAN_POINT('Ctrl Pts',(43.2321454135929,144.,23.0202804018774));
#11615=CARTESIAN_POINT('Ctrl Pts',(43.2060143924354,144.,23.2140157934749));
#11616=CARTESIAN_POINT('Ctrl Pts',(43.1267308736154,144.,23.4312265210906));
#11617=CARTESIAN_POINT('Ctrl Pts',(42.9942948571331,144.,23.6719125847243));
#11618=CARTESIAN_POINT('',(42.5623564945797,144.,21.6278131805456));
#11619=CARTESIAN_POINT('Ctrl Pts',(42.5623564945797,144.,21.6278131805456));
#11620=CARTESIAN_POINT('Ctrl Pts',(42.7178439516174,144.,21.7133691911935));
#11621=CARTESIAN_POINT('Ctrl Pts',(42.8528494587564,144.,21.8285841878049));
#11622=CARTESIAN_POINT('Ctrl Pts',(42.9673730159965,144.,21.9734581703798));
#11623=CARTESIAN_POINT('Ctrl Pts',(43.0818965732366,144.,22.1183321529547));
#11624=CARTESIAN_POINT('Ctrl Pts',(43.1602844945314,144.,22.2759272246856));
#11625=CARTESIAN_POINT('Ctrl Pts',(43.2025367798809,144.,22.4462433855726));
#11626=CARTESIAN_POINT('',(41.1380176915494,144.,21.8638373106022));
#11627=CARTESIAN_POINT('Ctrl Pts',(41.1380176915494,144.,21.8638373106022));
#11628=CARTESIAN_POINT('Ctrl Pts',(41.3699303515049,144.,21.6390397403484));
#11629=CARTESIAN_POINT('Ctrl Pts',(41.604061818508,144.,21.509807988582));
#11630=CARTESIAN_POINT('Ctrl Pts',(41.8404120925585,144.,21.476142055303));
#11631=CARTESIAN_POINT('Ctrl Pts',(42.076762366609,144.,21.442476122024));
#11632=CARTESIAN_POINT('Ctrl Pts',(42.3174105006161,144.,21.4930331637716));
#11633=CARTESIAN_POINT('Ctrl Pts',(42.5623564945797,144.,21.6278131805456));
#11634=CARTESIAN_POINT('',(40.4855720326171,144.,22.5578890764605));
#11635=CARTESIAN_POINT('Ctrl Pts',(40.4855720326171,144.,22.5578890764605));
#11636=CARTESIAN_POINT('Ctrl Pts',(40.5763355525105,144.,22.4635388899278));
#11637=CARTESIAN_POINT('Ctrl Pts',(40.6851300044476,144.,22.3465056129991));
#11638=CARTESIAN_POINT('Ctrl Pts',(40.8119553884283,144.,22.2067892456746));
#11639=CARTESIAN_POINT('Ctrl Pts',(40.9387807724091,144.,22.0670728783501));
#11640=CARTESIAN_POINT('Ctrl Pts',(41.0474682067828,144.,21.9527555666593));
#11641=CARTESIAN_POINT('Ctrl Pts',(41.1380176915494,144.,21.8638373106022));
#11642=CARTESIAN_POINT('',(39.5891040299001,144.,22.7347396217759));
#11643=CARTESIAN_POINT('Ctrl Pts',(39.5891040299001,144.,22.7347396217759));
#11644=CARTESIAN_POINT('Ctrl Pts',(39.7552413127624,144.,22.8261556331531));
#11645=CARTESIAN_POINT('Ctrl Pts',(39.9121506473041,144.,22.8549158650613));
#11646=CARTESIAN_POINT('Ctrl Pts',(40.0598320335252,144.,22.8210203175005));
#11647=CARTESIAN_POINT('Ctrl Pts',(40.2075134197463,144.,22.7871247699397));
#11648=CARTESIAN_POINT('Ctrl Pts',(40.349426752777,144.,22.6994143562597));
#11649=CARTESIAN_POINT('Ctrl Pts',(40.4855720326171,144.,22.5578890764605));
#11650=CARTESIAN_POINT('',(39.417574222706,144.,21.5789759037557));
#11651=CARTESIAN_POINT('Ctrl Pts',(39.417574222706,144.,21.5789759037557));
#11652=CARTESIAN_POINT('Ctrl Pts',(39.2839662060778,144.,21.8217919325544));
#11653=CARTESIAN_POINT('Ctrl Pts',(39.2328257607832,144.,22.0496322229183));
#11654=CARTESIAN_POINT('Ctrl Pts',(39.2641528868221,144.,22.2624967748474));
#11655=CARTESIAN_POINT('Ctrl Pts',(39.2954800128611,144.,22.4753613267765));
#11656=CARTESIAN_POINT('Ctrl Pts',(39.4037970605537,144.,22.632775609086));
#11657=CARTESIAN_POINT('Ctrl Pts',(39.5891040299001,144.,22.7347396217759));
#11658=CARTESIAN_POINT('',(40.4504492961157,144.,20.7154859079851));
#11659=CARTESIAN_POINT('Ctrl Pts',(40.4504492961157,144.,20.7154859079851));
#11660=CARTESIAN_POINT('Ctrl Pts',(40.2662831686052,144.,20.7778658448377));
#11661=CARTESIAN_POINT('Ctrl Pts',(40.0776887948423,144.,20.8835942079322));
#11662=CARTESIAN_POINT('Ctrl Pts',(39.884666174827,144.,21.0326709972686));
#11663=CARTESIAN_POINT('Ctrl Pts',(39.6916435548117,144.,21.181747786605));
#11664=CARTESIAN_POINT('Ctrl Pts',(39.5359462374381,144.,21.3638494221007));
#11665=CARTESIAN_POINT('Ctrl Pts',(39.417574222706,144.,21.5789759037557));
#11666=CARTESIAN_POINT('',(40.4715452987412,144.,20.6771465350169));
#11667=CARTESIAN_POINT('',(48.6882205306358,144.,5.74435657160497));
#11668=CARTESIAN_POINT('',(39.8453355402604,144.,20.3325784921336));
#11669=CARTESIAN_POINT('',(11.7059925382356,144.,4.84907920947788));
#11670=CARTESIAN_POINT('',(38.9445536401755,144.,21.364484297908));
#11671=CARTESIAN_POINT('Ctrl Pts',(38.9445536401755,144.,21.364484297908));
#11672=CARTESIAN_POINT('Ctrl Pts',(39.0664416553451,144.,21.1429679207584));
#11673=CARTESIAN_POINT('Ctrl Pts',(39.2031298125797,144.,20.9462443360932));
#11674=CARTESIAN_POINT('Ctrl Pts',(39.3546181118795,144.,20.7743135439125));
#11675=CARTESIAN_POINT('Ctrl Pts',(39.5061064111792,144.,20.6023827517318));
#11676=CARTESIAN_POINT('Ctrl Pts',(39.6696788873062,144.,20.4551377344722));
#11677=CARTESIAN_POINT('Ctrl Pts',(39.8453355402604,144.,20.3325784921336));
#11678=CARTESIAN_POINT('',(39.3428001041916,144.,23.3109616902924));
#11679=CARTESIAN_POINT('Ctrl Pts',(39.3428001041916,144.,23.3109616902924));
#11680=CARTESIAN_POINT('Ctrl Pts',(39.0233053294565,144.,23.1351616684132));
#11681=CARTESIAN_POINT('Ctrl Pts',(38.8240242185031,144.,22.8631796879244));
#11682=CARTESIAN_POINT('Ctrl Pts',(38.7449567713315,144.,22.4950157488261));
#11683=CARTESIAN_POINT('Ctrl Pts',(38.6658893241599,144.,22.1268518097278));
#11684=CARTESIAN_POINT('Ctrl Pts',(38.7324216137745,144.,21.7500079927551));
#11685=CARTESIAN_POINT('Ctrl Pts',(38.9445536401755,144.,21.364484297908));
#11686=CARTESIAN_POINT('',(40.1959134693543,144.,23.447399919295));
#11687=CARTESIAN_POINT('Ctrl Pts',(40.1959134693543,144.,23.447399919295));
#11688=CARTESIAN_POINT('Ctrl Pts',(40.0640488920506,144.,23.4802865895809));
#11689=CARTESIAN_POINT('Ctrl Pts',(39.9272365598324,144.,23.4868645549442));
#11690=CARTESIAN_POINT('Ctrl Pts',(39.7854764726998,144.,23.4671338153847));
#11691=CARTESIAN_POINT('Ctrl Pts',(39.6437163855672,144.,23.4474030758252));
#11692=CARTESIAN_POINT('Ctrl Pts',(39.4961575960644,144.,23.3953457007945));
#11693=CARTESIAN_POINT('Ctrl Pts',(39.3428001041916,144.,23.3109616902924));
#11694=CARTESIAN_POINT('',(40.9027948184492,144.,22.9872526026838));
#11695=CARTESIAN_POINT('Ctrl Pts',(40.9027948184492,144.,22.9872526026838));
#11696=CARTESIAN_POINT('Ctrl Pts',(40.7915774013107,144.,23.1036463707578));
#11697=CARTESIAN_POINT('Ctrl Pts',(40.679218633206,144.,23.2006818733488));
#11698=CARTESIAN_POINT('Ctrl Pts',(40.565718514135,144.,23.2783591104568));
#11699=CARTESIAN_POINT('Ctrl Pts',(40.452218395064,144.,23.3560363475648));
#11700=CARTESIAN_POINT('Ctrl Pts',(40.3289500468038,144.,23.4123832838442));
#11701=CARTESIAN_POINT('Ctrl Pts',(40.1959134693543,144.,23.447399919295));
#11702=CARTESIAN_POINT('',(41.4737459410915,144.,22.3732272672769));
#11703=CARTESIAN_POINT('Ctrl Pts',(41.4737459410915,144.,22.3732272672769));
#11704=CARTESIAN_POINT('Ctrl Pts',(41.372862490139,144.,22.4758832793424));
#11705=CARTESIAN_POINT('Ctrl Pts',(41.2828709527916,144.,22.5713519572394));
#11706=CARTESIAN_POINT('Ctrl Pts',(41.2037713290492,144.,22.6596333009677));
#11707=CARTESIAN_POINT('Ctrl Pts',(41.1246717053069,144.,22.747914644696));
#11708=CARTESIAN_POINT('Ctrl Pts',(41.0243462017735,144.,22.8571210786014));
#11709=CARTESIAN_POINT('Ctrl Pts',(40.9027948184492,144.,22.9872526026838));
#11710=CARTESIAN_POINT('',(42.3448070985973,144.,22.2198572510313));
#11711=CARTESIAN_POINT('Ctrl Pts',(42.3448070985973,144.,22.2198572510313));
#11712=CARTESIAN_POINT('Ctrl Pts',(42.1871896763946,144.,22.1331292402375));
#11713=CARTESIAN_POINT('Ctrl Pts',(42.0380027638386,144.,22.1016810957453));
#11714=CARTESIAN_POINT('Ctrl Pts',(41.8972463609293,144.,22.1255128175545));
#11715=CARTESIAN_POINT('Ctrl Pts',(41.7564899580199,144.,22.1493445393637));
#11716=CARTESIAN_POINT('Ctrl Pts',(41.6153231514073,144.,22.2319160226045));
#11717=CARTESIAN_POINT('Ctrl Pts',(41.4737459410915,144.,22.3732272672769));
#11718=CARTESIAN_POINT('',(42.5195162743837,144.,23.460615926624));
#11719=CARTESIAN_POINT('Ctrl Pts',(42.5195162743837,144.,23.460615926624));
#11720=CARTESIAN_POINT('Ctrl Pts',(42.6789082942209,144.,23.1709406641975));
#11721=CARTESIAN_POINT('Ctrl Pts',(42.7391597932997,144.,22.9189777393834));
#11722=CARTESIAN_POINT('Ctrl Pts',(42.7002707716202,144.,22.7047271521816));
#11723=CARTESIAN_POINT('Ctrl Pts',(42.6613817499407,144.,22.4904765649799));
#11724=CARTESIAN_POINT('Ctrl Pts',(42.5428938589331,144.,22.3288532645964));
#11725=CARTESIAN_POINT('Ctrl Pts',(42.3448070985973,144.,22.2198572510313));
#11726=CARTESIAN_POINT('',(41.3385265514477,144.,24.396610983358));
#11727=CARTESIAN_POINT('Ctrl Pts',(41.3385265514477,144.,24.396610983358));
#11728=CARTESIAN_POINT('Ctrl Pts',(41.5953359157949,144.,24.3131558160865));
#11729=CARTESIAN_POINT('Ctrl Pts',(41.8285348739068,144.,24.1868795208127));
#11730=CARTESIAN_POINT('Ctrl Pts',(42.0381234257835,144.,24.0177820975366));
#11731=CARTESIAN_POINT('Ctrl Pts',(42.2477119776601,144.,23.8486846742605));
#11732=CARTESIAN_POINT('Ctrl Pts',(42.4081762605269,144.,23.6629626172896));
#11733=CARTESIAN_POINT('Ctrl Pts',(42.5195162743837,144.,23.460615926624));
#11734=CARTESIAN_POINT('',(50.2293948672491,144.,8.23855855883692));
#11735=CARTESIAN_POINT('Origin',(40.4715452987412,-91.3747025381523,20.6771465350169));
#11736=CARTESIAN_POINT('',(40.4715452987412,145.,20.6771465350169));
#11737=CARTESIAN_POINT('',(40.4504492961157,145.,20.7154859079851));
#11738=CARTESIAN_POINT('',(48.6882205306358,145.,5.74435657160498));
#11739=CARTESIAN_POINT('',(40.4715452987412,-91.3747025381523,20.6771465350169));
#11740=CARTESIAN_POINT('',(40.4504492961157,-91.3747025381523,20.7154859079851));
#11741=CARTESIAN_POINT('Ctrl Pts',(39.417574222706,-91.3747025381523,21.5789759037557));
#11742=CARTESIAN_POINT('Ctrl Pts',(39.417574222706,381.374702538152,21.5789759037557));
#11743=CARTESIAN_POINT('Ctrl Pts',(39.5951322448041,-91.3747025381523,21.2562861812732));
#11744=CARTESIAN_POINT('Ctrl Pts',(39.5951322448041,381.374702538152,21.2562861812732));
#11745=CARTESIAN_POINT('Ctrl Pts',(40.1742001048499,-91.3747025381523,20.809055813264));
#11746=CARTESIAN_POINT('Ctrl Pts',(40.1742001048499,381.374702538152,20.809055813264));
#11747=CARTESIAN_POINT('Ctrl Pts',(40.4504492961157,-91.3747025381523,20.7154859079851));
#11748=CARTESIAN_POINT('Ctrl Pts',(40.4504492961157,381.374702538152,20.7154859079851));
#11749=CARTESIAN_POINT('',(39.417574222706,145.,21.5789759037557));
#11750=CARTESIAN_POINT('Ctrl Pts',(40.4504492961157,145.,20.7154859079851));
#11751=CARTESIAN_POINT('Ctrl Pts',(40.1742001048499,145.,20.809055813264));
#11752=CARTESIAN_POINT('Ctrl Pts',(39.5951322448041,145.,21.2562861812732));
#11753=CARTESIAN_POINT('Ctrl Pts',(39.417574222706,145.,21.5789759037557));
#11754=CARTESIAN_POINT('',(39.417574222706,-91.3747025381523,21.5789759037557));
#11755=CARTESIAN_POINT('Ctrl Pts',(39.5891040299001,-91.3747025381523,22.7347396217759));
#11756=CARTESIAN_POINT('Ctrl Pts',(39.5891040299001,381.374702538152,22.7347396217759));
#11757=CARTESIAN_POINT('Ctrl Pts',(39.3111435758806,-91.3747025381523,22.581793602741));
#11758=CARTESIAN_POINT('Ctrl Pts',(39.3111435758806,381.374702538152,22.581793602741));
#11759=CARTESIAN_POINT('Ctrl Pts',(39.2171621977637,-91.3747025381523,21.9431999469537));
#11760=CARTESIAN_POINT('Ctrl Pts',(39.2171621977637,381.374702538152,21.9431999469537));
#11761=CARTESIAN_POINT('Ctrl Pts',(39.417574222706,-91.3747025381523,21.5789759037557));
#11762=CARTESIAN_POINT('Ctrl Pts',(39.417574222706,381.374702538152,21.5789759037557));
#11763=CARTESIAN_POINT('',(39.5891040299001,145.,22.7347396217759));
#11764=CARTESIAN_POINT('Ctrl Pts',(39.417574222706,145.,21.5789759037557));
#11765=CARTESIAN_POINT('Ctrl Pts',(39.2171621977637,145.,21.9431999469537));
#11766=CARTESIAN_POINT('Ctrl Pts',(39.3111435758806,145.,22.581793602741));
#11767=CARTESIAN_POINT('Ctrl Pts',(39.5891040299001,145.,22.7347396217759));
#11768=CARTESIAN_POINT('',(39.5891040299001,-91.3747025381523,22.7347396217759));
#11769=CARTESIAN_POINT('Ctrl Pts',(40.4855720326171,-91.3747025381523,22.5578890764605));
#11770=CARTESIAN_POINT('Ctrl Pts',(40.4855720326171,381.374702538152,22.5578890764605));
#11771=CARTESIAN_POINT('Ctrl Pts',(40.2813541128569,-91.3747025381523,22.7701769961593));
#11772=CARTESIAN_POINT('Ctrl Pts',(40.2813541128569,381.374702538152,22.7701769961593));
#11773=CARTESIAN_POINT('Ctrl Pts',(39.8383099541935,-91.3747025381523,22.8718636388417));
#11774=CARTESIAN_POINT('Ctrl Pts',(39.8383099541935,381.374702538152,22.8718636388417));
#11775=CARTESIAN_POINT('Ctrl Pts',(39.5891040299001,-91.3747025381523,22.7347396217759));
#11776=CARTESIAN_POINT('Ctrl Pts',(39.5891040299001,381.374702538152,22.7347396217759));
#11777=CARTESIAN_POINT('',(40.4855720326171,145.,22.5578890764605));
#11778=CARTESIAN_POINT('Ctrl Pts',(39.5891040299001,145.,22.7347396217759));
#11779=CARTESIAN_POINT('Ctrl Pts',(39.8383099541935,145.,22.8718636388417));
#11780=CARTESIAN_POINT('Ctrl Pts',(40.2813541128569,145.,22.7701769961593));
#11781=CARTESIAN_POINT('Ctrl Pts',(40.4855720326171,145.,22.5578890764605));
#11782=CARTESIAN_POINT('',(40.4855720326171,-91.3747025381523,22.5578890764605));
#11783=CARTESIAN_POINT('Ctrl Pts',(41.1380176915494,-91.3747025381523,21.8638373106022));
#11784=CARTESIAN_POINT('Ctrl Pts',(41.1380176915494,381.374702538152,21.8638373106022));
#11785=CARTESIAN_POINT('Ctrl Pts',(41.0021934643995,-91.3747025381523,21.9972146946879));
#11786=CARTESIAN_POINT('Ctrl Pts',(41.0021934643995,381.374702538152,21.9972146946879));
#11787=CARTESIAN_POINT('Ctrl Pts',(40.6217173124572,-91.3747025381523,22.4163637966614));
#11788=CARTESIAN_POINT('Ctrl Pts',(40.6217173124572,381.374702538152,22.4163637966614));
#11789=CARTESIAN_POINT('Ctrl Pts',(40.4855720326171,-91.3747025381523,22.5578890764605));
#11790=CARTESIAN_POINT('Ctrl Pts',(40.4855720326171,381.374702538152,22.5578890764605));
#11791=CARTESIAN_POINT('',(41.1380176915494,145.,21.8638373106022));
#11792=CARTESIAN_POINT('Ctrl Pts',(40.4855720326171,145.,22.5578890764605));
#11793=CARTESIAN_POINT('Ctrl Pts',(40.6217173124572,145.,22.4163637966614));
#11794=CARTESIAN_POINT('Ctrl Pts',(41.0021934643995,145.,21.9972146946879));
#11795=CARTESIAN_POINT('Ctrl Pts',(41.1380176915494,145.,21.8638373106022));
#11796=CARTESIAN_POINT('',(41.1380176915494,-91.3747025381523,21.8638373106022));
#11797=CARTESIAN_POINT('Ctrl Pts',(42.5623564945797,-91.3747025381523,21.6278131805456));
#11798=CARTESIAN_POINT('Ctrl Pts',(42.5623564945797,381.374702538152,21.6278131805456));
#11799=CARTESIAN_POINT('Ctrl Pts',(42.1949375036343,-91.3747025381523,21.4256431553845));
#11800=CARTESIAN_POINT('Ctrl Pts',(42.1949375036343,381.374702538152,21.4256431553845));
#11801=CARTESIAN_POINT('Ctrl Pts',(41.4858866814827,-91.3747025381523,21.5266409552215));
#11802=CARTESIAN_POINT('Ctrl Pts',(41.4858866814827,381.374702538152,21.5266409552215));
#11803=CARTESIAN_POINT('Ctrl Pts',(41.1380176915494,-91.3747025381523,21.8638373106022));
#11804=CARTESIAN_POINT('Ctrl Pts',(41.1380176915494,381.374702538152,21.8638373106022));
#11805=CARTESIAN_POINT('',(42.5623564945797,145.,21.6278131805456));
#11806=CARTESIAN_POINT('Ctrl Pts',(41.1380176915494,145.,21.8638373106022));
#11807=CARTESIAN_POINT('Ctrl Pts',(41.4858866814827,145.,21.5266409552215));
#11808=CARTESIAN_POINT('Ctrl Pts',(42.1949375036343,145.,21.4256431553845));
#11809=CARTESIAN_POINT('Ctrl Pts',(42.5623564945797,145.,21.6278131805456));
#11810=CARTESIAN_POINT('',(42.5623564945797,-91.3747025381523,21.6278131805456));
#11811=CARTESIAN_POINT('Ctrl Pts',(43.2025367798809,-91.3747025381523,22.4462433855726));
#11812=CARTESIAN_POINT('Ctrl Pts',(43.2025367798809,381.374702538152,22.4462433855726));
#11813=CARTESIAN_POINT('Ctrl Pts',(43.1391583518567,-91.3747025381523,22.1907691442421));
#11814=CARTESIAN_POINT('Ctrl Pts',(43.1391583518567,381.374702538152,22.1907691442421));
#11815=CARTESIAN_POINT('Ctrl Pts',(42.7955876801363,-91.3747025381523,21.7561471965175));
#11816=CARTESIAN_POINT('Ctrl Pts',(42.7955876801363,381.374702538152,21.7561471965175));
#11817=CARTESIAN_POINT('Ctrl Pts',(42.5623564945797,-91.3747025381523,21.6278131805456));
#11818=CARTESIAN_POINT('Ctrl Pts',(42.5623564945797,381.374702538152,21.6278131805456));
#11819=CARTESIAN_POINT('',(43.2025367798809,145.,22.4462433855726));
#11820=CARTESIAN_POINT('Ctrl Pts',(42.5623564945797,145.,21.6278131805456));
#11821=CARTESIAN_POINT('Ctrl Pts',(42.7955876801363,145.,21.7561471965175));
#11822=CARTESIAN_POINT('Ctrl Pts',(43.1391583518567,145.,22.1907691442421));
#11823=CARTESIAN_POINT('Ctrl Pts',(43.2025367798809,145.,22.4462433855726));
#11824=CARTESIAN_POINT('',(43.2025367798809,-91.3747025381523,22.4462433855726));
#11825=CARTESIAN_POINT('Ctrl Pts',(42.9942948571331,-91.3747025381523,23.6719125847243));
#11826=CARTESIAN_POINT('Ctrl Pts',(42.9942948571331,381.374702538152,23.6719125847243));
#11827=CARTESIAN_POINT('Ctrl Pts',(43.1929488818566,-91.3747025381523,23.3108834892737));
#11828=CARTESIAN_POINT('Ctrl Pts',(43.1929488818566,381.374702538152,23.3108834892737));
#11829=CARTESIAN_POINT('Ctrl Pts',(43.2713419453291,-91.3747025381523,22.7296773144811));
#11830=CARTESIAN_POINT('Ctrl Pts',(43.2713419453291,381.374702538152,22.7296773144811));
#11831=CARTESIAN_POINT('Ctrl Pts',(43.2025367798809,-91.3747025381523,22.4462433855726));
#11832=CARTESIAN_POINT('Ctrl Pts',(43.2025367798809,381.374702538152,22.4462433855726));
#11833=CARTESIAN_POINT('',(42.9942948571331,145.,23.6719125847243));
#11834=CARTESIAN_POINT('Ctrl Pts',(43.2025367798809,145.,22.4462433855726));
#11835=CARTESIAN_POINT('Ctrl Pts',(43.2713419453291,145.,22.7296773144811));
#11836=CARTESIAN_POINT('Ctrl Pts',(43.1929488818566,145.,23.3108834892737));
#11837=CARTESIAN_POINT('Ctrl Pts',(42.9942948571331,145.,23.6719125847243));
#11838=CARTESIAN_POINT('',(42.9942948571331,-91.3747025381523,23.6719125847243));
#11839=CARTESIAN_POINT('Ctrl Pts',(41.9755897847765,-91.3747025381523,24.7970984013974));
#11840=CARTESIAN_POINT('Ctrl Pts',(41.9755897847765,381.374702538152,24.7970984013974));
#11841=CARTESIAN_POINT('Ctrl Pts',(42.2493017128303,-91.3747025381523,24.602237747119));
#11842=CARTESIAN_POINT('Ctrl Pts',(42.2493017128303,381.374702538152,24.602237747119));
#11843=CARTESIAN_POINT('Ctrl Pts',(42.7587228278149,-91.3747025381523,24.1000355828694));
#11844=CARTESIAN_POINT('Ctrl Pts',(42.7587228278149,381.374702538152,24.1000355828694));
#11845=CARTESIAN_POINT('Ctrl Pts',(42.9942948571331,-91.3747025381523,23.6719125847243));
#11846=CARTESIAN_POINT('Ctrl Pts',(42.9942948571331,381.374702538152,23.6719125847243));
#11847=CARTESIAN_POINT('',(41.9755897847765,145.,24.7970984013974));
#11848=CARTESIAN_POINT('Ctrl Pts',(42.9942948571331,145.,23.6719125847243));
#11849=CARTESIAN_POINT('Ctrl Pts',(42.7587228278149,145.,24.1000355828694));
#11850=CARTESIAN_POINT('Ctrl Pts',(42.2493017128303,145.,24.602237747119));
#11851=CARTESIAN_POINT('Ctrl Pts',(41.9755897847765,145.,24.7970984013974));
#11852=CARTESIAN_POINT('',(41.9755897847765,-91.3747025381523,24.7970984013974));
#11853=CARTESIAN_POINT('Origin',(41.9755897847765,-91.3747025381523,24.7970984013974));
#11854=CARTESIAN_POINT('',(41.3174305488222,145.,24.4349503563262));
#11855=CARTESIAN_POINT('',(12.0758305739613,145.,8.34494099818717));
#11856=CARTESIAN_POINT('',(41.3174305488222,-91.3747025381523,24.4349503563262));
#11857=CARTESIAN_POINT('Origin',(41.3174305488222,-91.3747025381523,24.4349503563262));
#11858=CARTESIAN_POINT('',(41.3385265514477,145.,24.396610983358));
#11859=CARTESIAN_POINT('',(50.2293948672491,145.,8.23855855883692));
#11860=CARTESIAN_POINT('',(41.3385265514477,-91.3747025381523,24.396610983358));
#11861=CARTESIAN_POINT('Ctrl Pts',(42.5195162743837,-91.3747025381523,23.460615926624));
#11862=CARTESIAN_POINT('Ctrl Pts',(42.5195162743837,381.374702538152,23.460615926624));
#11863=CARTESIAN_POINT('Ctrl Pts',(42.3525062535984,-91.3747025381523,23.7641359626224));
#11864=CARTESIAN_POINT('Ctrl Pts',(42.3525062535984,381.374702538152,23.7641359626224));
#11865=CARTESIAN_POINT('Ctrl Pts',(41.7237405979685,-91.3747025381523,24.2714282324508));
#11866=CARTESIAN_POINT('Ctrl Pts',(41.7237405979685,381.374702538152,24.2714282324508));
#11867=CARTESIAN_POINT('Ctrl Pts',(41.3385265514477,-91.3747025381523,24.396610983358));
#11868=CARTESIAN_POINT('Ctrl Pts',(41.3385265514477,381.374702538152,24.396610983358));
#11869=CARTESIAN_POINT('',(42.5195162743837,145.,23.460615926624));
#11870=CARTESIAN_POINT('Ctrl Pts',(41.3385265514477,145.,24.396610983358));
#11871=CARTESIAN_POINT('Ctrl Pts',(41.7237405979685,145.,24.2714282324508));
#11872=CARTESIAN_POINT('Ctrl Pts',(42.3525062535984,145.,23.7641359626224));
#11873=CARTESIAN_POINT('Ctrl Pts',(42.5195162743837,145.,23.460615926624));
#11874=CARTESIAN_POINT('',(42.5195162743837,-91.3747025381523,23.460615926624));
#11875=CARTESIAN_POINT('Ctrl Pts',(42.3448070985973,-91.3747025381523,22.2198572510313));
#11876=CARTESIAN_POINT('Ctrl Pts',(42.3448070985973,381.374702538152,22.2198572510313));
#11877=CARTESIAN_POINT('Ctrl Pts',(42.6419372391009,-91.3747025381523,22.383351271379));
#11878=CARTESIAN_POINT('Ctrl Pts',(42.6419372391009,381.374702538152,22.383351271379));
#11879=CARTESIAN_POINT('Ctrl Pts',(42.7586043041395,-91.3747025381523,23.0261030329843));
#11880=CARTESIAN_POINT('Ctrl Pts',(42.7586043041395,381.374702538152,23.0261030329843));
#11881=CARTESIAN_POINT('Ctrl Pts',(42.5195162743837,-91.3747025381523,23.460615926624));
#11882=CARTESIAN_POINT('Ctrl Pts',(42.5195162743837,381.374702538152,23.460615926624));
#11883=CARTESIAN_POINT('',(42.3448070985973,145.,22.2198572510313));
#11884=CARTESIAN_POINT('Ctrl Pts',(42.5195162743837,145.,23.460615926624));
#11885=CARTESIAN_POINT('Ctrl Pts',(42.7586043041395,145.,23.0261030329843));
#11886=CARTESIAN_POINT('Ctrl Pts',(42.6419372391009,145.,22.383351271379));
#11887=CARTESIAN_POINT('Ctrl Pts',(42.3448070985973,145.,22.2198572510313));
#11888=CARTESIAN_POINT('',(42.3448070985973,-91.3747025381523,22.2198572510313));
#11889=CARTESIAN_POINT('Ctrl Pts',(41.4737459410915,-91.3747025381523,22.3732272672769));
#11890=CARTESIAN_POINT('Ctrl Pts',(41.4737459410915,381.374702538152,22.3732272672769));
#11891=CARTESIAN_POINT('Ctrl Pts',(41.6861117565652,-91.3747025381523,22.1612604002684));
#11892=CARTESIAN_POINT('Ctrl Pts',(41.6861117565652,381.374702538152,22.1612604002684));
#11893=CARTESIAN_POINT('Ctrl Pts',(42.1083809652933,-91.3747025381523,22.0897652348406));
#11894=CARTESIAN_POINT('Ctrl Pts',(42.1083809652933,381.374702538152,22.0897652348406));
#11895=CARTESIAN_POINT('Ctrl Pts',(42.3448070985973,-91.3747025381523,22.2198572510313));
#11896=CARTESIAN_POINT('Ctrl Pts',(42.3448070985973,381.374702538152,22.2198572510313));
#11897=CARTESIAN_POINT('',(41.4737459410915,145.,22.3732272672769));
#11898=CARTESIAN_POINT('Ctrl Pts',(42.3448070985973,145.,22.2198572510313));
#11899=CARTESIAN_POINT('Ctrl Pts',(42.1083809652933,145.,22.0897652348406));
#11900=CARTESIAN_POINT('Ctrl Pts',(41.6861117565652,145.,22.1612604002684));
#11901=CARTESIAN_POINT('Ctrl Pts',(41.4737459410915,145.,22.3732272672769));
#11902=CARTESIAN_POINT('',(41.4737459410915,-91.3747025381523,22.3732272672769));
#11903=CARTESIAN_POINT('Ctrl Pts',(40.9027948184492,-91.3747025381523,22.9872526026838));
#11904=CARTESIAN_POINT('Ctrl Pts',(40.9027948184492,381.374702538152,22.9872526026838));
#11905=CARTESIAN_POINT('Ctrl Pts',(41.0851218934357,-91.3747025381523,22.7920553165601));
#11906=CARTESIAN_POINT('Ctrl Pts',(41.0851218934357,381.374702538152,22.7920553165601));
#11907=CARTESIAN_POINT('Ctrl Pts',(41.3224207646627,-91.3747025381523,22.5272112853752));
#11908=CARTESIAN_POINT('Ctrl Pts',(41.3224207646627,381.374702538152,22.5272112853752));
#11909=CARTESIAN_POINT('Ctrl Pts',(41.4737459410915,-91.3747025381523,22.3732272672769));
#11910=CARTESIAN_POINT('Ctrl Pts',(41.4737459410915,381.374702538152,22.3732272672769));
#11911=CARTESIAN_POINT('',(40.9027948184492,145.,22.9872526026838));
#11912=CARTESIAN_POINT('Ctrl Pts',(41.4737459410915,145.,22.3732272672769));
#11913=CARTESIAN_POINT('Ctrl Pts',(41.3224207646627,145.,22.5272112853752));
#11914=CARTESIAN_POINT('Ctrl Pts',(41.0851218934357,145.,22.7920553165601));
#11915=CARTESIAN_POINT('Ctrl Pts',(40.9027948184492,145.,22.9872526026838));
#11916=CARTESIAN_POINT('',(40.9027948184492,-91.3747025381523,22.9872526026838));
#11917=CARTESIAN_POINT('Ctrl Pts',(40.1959134693543,-91.3747025381523,23.447399919295));
#11918=CARTESIAN_POINT('Ctrl Pts',(40.1959134693543,381.374702538152,23.447399919295));
#11919=CARTESIAN_POINT('Ctrl Pts',(40.3954683355285,-91.3747025381523,23.3948749661188));
#11920=CARTESIAN_POINT('Ctrl Pts',(40.3954683355285,381.374702538152,23.3948749661188));
#11921=CARTESIAN_POINT('Ctrl Pts',(40.7359686927415,-91.3747025381523,23.1618432547948));
#11922=CARTESIAN_POINT('Ctrl Pts',(40.7359686927415,381.374702538152,23.1618432547948));
#11923=CARTESIAN_POINT('Ctrl Pts',(40.9027948184492,-91.3747025381523,22.9872526026838));
#11924=CARTESIAN_POINT('Ctrl Pts',(40.9027948184492,381.374702538152,22.9872526026838));
#11925=CARTESIAN_POINT('',(40.1959134693543,145.,23.447399919295));
#11926=CARTESIAN_POINT('Ctrl Pts',(40.9027948184492,145.,22.9872526026838));
#11927=CARTESIAN_POINT('Ctrl Pts',(40.7359686927415,145.,23.1618432547948));
#11928=CARTESIAN_POINT('Ctrl Pts',(40.3954683355285,145.,23.3948749661188));
#11929=CARTESIAN_POINT('Ctrl Pts',(40.1959134693543,145.,23.447399919295));
#11930=CARTESIAN_POINT('',(40.1959134693543,-91.3747025381523,23.447399919295));
#11931=CARTESIAN_POINT('Ctrl Pts',(39.3428001041916,-91.3747025381523,23.3109616902924));
#11932=CARTESIAN_POINT('Ctrl Pts',(39.3428001041916,381.374702538152,23.3109616902924));
#11933=CARTESIAN_POINT('Ctrl Pts',(39.5728363420009,-91.3747025381523,23.4375377060455));
#11934=CARTESIAN_POINT('Ctrl Pts',(39.5728363420009,381.374702538152,23.4375377060455));
#11935=CARTESIAN_POINT('Ctrl Pts',(39.9981166033987,-91.3747025381523,23.4967299247239));
#11936=CARTESIAN_POINT('Ctrl Pts',(39.9981166033987,381.374702538152,23.4967299247239));
#11937=CARTESIAN_POINT('Ctrl Pts',(40.1959134693543,-91.3747025381523,23.447399919295));
#11938=CARTESIAN_POINT('Ctrl Pts',(40.1959134693543,381.374702538152,23.447399919295));
#11939=CARTESIAN_POINT('',(39.3428001041916,145.,23.3109616902924));
#11940=CARTESIAN_POINT('Ctrl Pts',(40.1959134693543,145.,23.447399919295));
#11941=CARTESIAN_POINT('Ctrl Pts',(39.9981166033987,145.,23.4967299247239));
#11942=CARTESIAN_POINT('Ctrl Pts',(39.5728363420009,145.,23.4375377060455));
#11943=CARTESIAN_POINT('Ctrl Pts',(39.3428001041916,145.,23.3109616902924));
#11944=CARTESIAN_POINT('',(39.3428001041916,-91.3747025381523,23.3109616902924));
#11945=CARTESIAN_POINT('Ctrl Pts',(38.9445536401755,-91.3747025381523,21.364484297908));
#11946=CARTESIAN_POINT('Ctrl Pts',(38.9445536401755,381.374702538152,21.364484297908));
#11947=CARTESIAN_POINT('Ctrl Pts',(38.6263556005741,-91.3747025381523,21.9427698401786));
#11948=CARTESIAN_POINT('Ctrl Pts',(38.6263556005741,381.374702538152,21.9427698401786));
#11949=CARTESIAN_POINT('Ctrl Pts',(38.8635579420889,-91.3747025381523,23.0472616574736));
#11950=CARTESIAN_POINT('Ctrl Pts',(38.8635579420889,381.374702538152,23.0472616574736));
#11951=CARTESIAN_POINT('Ctrl Pts',(39.3428001041916,-91.3747025381523,23.3109616902924));
#11952=CARTESIAN_POINT('Ctrl Pts',(39.3428001041916,381.374702538152,23.3109616902924));
#11953=CARTESIAN_POINT('',(38.9445536401755,145.,21.364484297908));
#11954=CARTESIAN_POINT('Ctrl Pts',(39.3428001041916,145.,23.3109616902924));
#11955=CARTESIAN_POINT('Ctrl Pts',(38.8635579420889,145.,23.0472616574736));
#11956=CARTESIAN_POINT('Ctrl Pts',(38.6263556005741,145.,21.9427698401786));
#11957=CARTESIAN_POINT('Ctrl Pts',(38.9445536401755,145.,21.364484297908));
#11958=CARTESIAN_POINT('',(38.9445536401755,-91.3747025381523,21.364484297908));
#11959=CARTESIAN_POINT('Ctrl Pts',(39.8453355402604,-91.3747025381523,20.3325784921336));
#11960=CARTESIAN_POINT('Ctrl Pts',(39.8453355402604,381.374702538152,20.3325784921336));
#11961=CARTESIAN_POINT('Ctrl Pts',(39.5818505608291,-91.3747025381523,20.5164173556414));
#11962=CARTESIAN_POINT('Ctrl Pts',(39.5818505608291,381.374702538152,20.5164173556414));
#11963=CARTESIAN_POINT('Ctrl Pts',(39.1273856629299,-91.3747025381523,21.0322097321835));
#11964=CARTESIAN_POINT('Ctrl Pts',(39.1273856629299,381.374702538152,21.0322097321835));
#11965=CARTESIAN_POINT('Ctrl Pts',(38.9445536401755,-91.3747025381523,21.364484297908));
#11966=CARTESIAN_POINT('Ctrl Pts',(38.9445536401755,381.374702538152,21.364484297908));
#11967=CARTESIAN_POINT('',(39.8453355402604,145.,20.3325784921336));
#11968=CARTESIAN_POINT('Ctrl Pts',(38.9445536401755,145.,21.364484297908));
#11969=CARTESIAN_POINT('Ctrl Pts',(39.1273856629299,145.,21.0322097321835));
#11970=CARTESIAN_POINT('Ctrl Pts',(39.5818505608291,145.,20.5164173556414));
#11971=CARTESIAN_POINT('Ctrl Pts',(39.8453355402604,145.,20.3325784921336));
#11972=CARTESIAN_POINT('',(39.8453355402604,-91.3747025381523,20.3325784921336));
#11973=CARTESIAN_POINT('Origin',(39.8453355402604,-91.3747025381523,20.3325784921336));
#11974=CARTESIAN_POINT('',(11.7059925382356,145.,4.84907920947788));
#11975=CARTESIAN_POINT('Origin',(43.4194505264446,-91.3747025381524,10.7617762677142));
#11976=CARTESIAN_POINT('',(43.4194505264446,145.,10.7617762677142));
#11977=CARTESIAN_POINT('',(44.1075081488114,145.,10.9552769294597));
#11978=CARTESIAN_POINT('',(16.6210702407234,145.,3.22533723931369));
#11979=CARTESIAN_POINT('',(43.4194505264446,144.,10.7617762677142));
#11980=CARTESIAN_POINT('',(43.4194505264446,-91.3747025381524,10.7617762677142));
#11981=CARTESIAN_POINT('',(44.1075081488114,144.,10.9552769294597));
#11982=CARTESIAN_POINT('',(16.6210702407234,144.,3.22533723931369));
#11983=CARTESIAN_POINT('',(44.1075081488114,-91.3747025381524,10.9552769294597));
#11984=CARTESIAN_POINT('Ctrl Pts',(43.4194505264446,-91.3747025381524,10.7617762677142));
#11985=CARTESIAN_POINT('Ctrl Pts',(43.4194505264446,381.374702538152,10.7617762677142));
#11986=CARTESIAN_POINT('Ctrl Pts',(43.2045484879232,-91.3747025381524,11.0006029328107));
#11987=CARTESIAN_POINT('Ctrl Pts',(43.2045484879232,381.374702538152,11.0006029328107));
#11988=CARTESIAN_POINT('Ctrl Pts',(42.8789643844629,-91.3747025381524,11.6060573990552));
#11989=CARTESIAN_POINT('Ctrl Pts',(42.8789643844629,381.374702538152,11.6060573990552));
#11990=CARTESIAN_POINT('Ctrl Pts',(42.7762905639449,-91.3747025381524,11.9711491986784));
#11991=CARTESIAN_POINT('Ctrl Pts',(42.7762905639449,381.374702538152,11.9711491986784));
#11992=CARTESIAN_POINT('',(42.7762905639449,145.,11.9711491986784));
#11993=CARTESIAN_POINT('Ctrl Pts',(42.7762905639449,145.,11.9711491986784));
#11994=CARTESIAN_POINT('Ctrl Pts',(42.8789643844629,145.,11.6060573990552));
#11995=CARTESIAN_POINT('Ctrl Pts',(43.2045484879232,145.,11.0006029328107));
#11996=CARTESIAN_POINT('Ctrl Pts',(43.4194505264446,145.,10.7617762677142));
#11997=CARTESIAN_POINT('',(42.7762905639449,144.,11.9711491986784));
#11998=CARTESIAN_POINT('',(42.7762905639449,-91.3747025381524,11.9711491986784));
#11999=CARTESIAN_POINT('Ctrl Pts',(42.7762905639449,144.,11.9711491986784));
#12000=CARTESIAN_POINT('Ctrl Pts',(42.8447397776236,144.,11.7277546655963));
#12001=CARTESIAN_POINT('Ctrl Pts',(42.9332284017063,144.,11.5051483213478));
#12002=CARTESIAN_POINT('Ctrl Pts',(43.0417564361931,144.,11.303330165933));
#12003=CARTESIAN_POINT('Ctrl Pts',(43.1502844706798,144.,11.1015120105181));
#12004=CARTESIAN_POINT('Ctrl Pts',(43.2761825007637,144.,10.9209940444452));
#12005=CARTESIAN_POINT('Ctrl Pts',(43.4194505264446,144.,10.7617762677142));
#12006=CARTESIAN_POINT('Ctrl Pts',(42.7762905639449,-91.3747025381524,11.9711491986784));
#12007=CARTESIAN_POINT('Ctrl Pts',(42.7762905639449,381.374702538152,11.9711491986784));
#12008=CARTESIAN_POINT('Ctrl Pts',(42.5975986263126,-91.3747025381524,12.6065493499458));
#12009=CARTESIAN_POINT('Ctrl Pts',(42.5975986263126,381.374702538152,12.6065493499458));
#12010=CARTESIAN_POINT('Ctrl Pts',(43.079213639027,-91.3747025381524,13.6284172987629));
#12011=CARTESIAN_POINT('Ctrl Pts',(43.079213639027,381.374702538152,13.6284172987629));
#12012=CARTESIAN_POINT('Ctrl Pts',(43.6057883500221,-91.3747025381524,13.7765045398947));
#12013=CARTESIAN_POINT('Ctrl Pts',(43.6057883500221,381.374702538152,13.7765045398947));
#12014=CARTESIAN_POINT('',(43.6057883500221,145.,13.7765045398947));
#12015=CARTESIAN_POINT('Ctrl Pts',(43.6057883500221,145.,13.7765045398947));
#12016=CARTESIAN_POINT('Ctrl Pts',(43.079213639027,145.,13.6284172987629));
#12017=CARTESIAN_POINT('Ctrl Pts',(42.5975986263126,145.,12.6065493499458));
#12018=CARTESIAN_POINT('Ctrl Pts',(42.7762905639449,145.,11.9711491986784));
#12019=CARTESIAN_POINT('',(43.6057883500221,144.,13.7765045398947));
#12020=CARTESIAN_POINT('',(43.6057883500221,-91.3747025381524,13.7765045398947));
#12021=CARTESIAN_POINT('Ctrl Pts',(43.6057883500221,144.,13.7765045398947));
#12022=CARTESIAN_POINT('Ctrl Pts',(43.254738542692,144.,13.6777797124735));
#12023=CARTESIAN_POINT('Ctrl Pts',(42.9989444702413,144.,13.4581059739601));
#12024=CARTESIAN_POINT('Ctrl Pts',(42.8384061326698,144.,13.1174833243543));
#12025=CARTESIAN_POINT('Ctrl Pts',(42.6778677950984,144.,12.7768606747486));
#12026=CARTESIAN_POINT('Ctrl Pts',(42.6571626055234,144.,12.3947492995233));
#12027=CARTESIAN_POINT('Ctrl Pts',(42.7762905639449,144.,11.9711491986784));
#12028=CARTESIAN_POINT('Ctrl Pts',(43.6057883500221,-91.3747025381524,13.7765045398947));
#12029=CARTESIAN_POINT('Ctrl Pts',(43.6057883500221,381.374702538152,13.7765045398947));
#12030=CARTESIAN_POINT('Ctrl Pts',(43.8585442112997,-91.3747025381524,13.8475864156379));
#12031=CARTESIAN_POINT('Ctrl Pts',(43.8585442112997,381.374702538152,13.8475864156379));
#12032=CARTESIAN_POINT('Ctrl Pts',(44.2861634268796,-91.3747025381524,13.8087428067226));
#12033=CARTESIAN_POINT('Ctrl Pts',(44.2861634268796,381.374702538152,13.8087428067226));
#12034=CARTESIAN_POINT('Ctrl Pts',(44.4676092823049,-91.3747025381524,13.7158210591799));
#12035=CARTESIAN_POINT('Ctrl Pts',(44.4676092823049,381.374702538152,13.7158210591799));
#12036=CARTESIAN_POINT('',(44.4676092823049,145.,13.7158210591799));
#12037=CARTESIAN_POINT('Ctrl Pts',(44.4676092823049,145.,13.7158210591799));
#12038=CARTESIAN_POINT('Ctrl Pts',(44.2861634268796,145.,13.8087428067226));
#12039=CARTESIAN_POINT('Ctrl Pts',(43.8585442112997,145.,13.8475864156379));
#12040=CARTESIAN_POINT('Ctrl Pts',(43.6057883500221,145.,13.7765045398947));
#12041=CARTESIAN_POINT('',(44.4676092823049,144.,13.7158210591799));
#12042=CARTESIAN_POINT('',(44.4676092823049,-91.3747025381524,13.7158210591799));
#12043=CARTESIAN_POINT('Ctrl Pts',(44.4676092823049,144.,13.7158210591799));
#12044=CARTESIAN_POINT('Ctrl Pts',(44.346645378688,144.,13.777768890875));
#12045=CARTESIAN_POINT('Ctrl Pts',(44.2148935576163,144.,13.8152167415418));
#12046=CARTESIAN_POINT('Ctrl Pts',(44.0723538190896,144.,13.8281646111802));
#12047=CARTESIAN_POINT('Ctrl Pts',(43.929814080563,144.,13.8411124808187));
#12048=CARTESIAN_POINT('Ctrl Pts',(43.7742922575405,144.,13.8238924570568));
#12049=CARTESIAN_POINT('Ctrl Pts',(43.6057883500221,144.,13.7765045398947));
#12050=CARTESIAN_POINT('Ctrl Pts',(44.4676092823049,-91.3747025381524,13.7158210591799));
#12051=CARTESIAN_POINT('Ctrl Pts',(44.4676092823049,381.374702538152,13.7158210591799));
#12052=CARTESIAN_POINT('Ctrl Pts',(44.6500423860045,-91.3747025381524,13.6193888135638));
#12053=CARTESIAN_POINT('Ctrl Pts',(44.6500423860045,381.374702538152,13.6193888135638));
#12054=CARTESIAN_POINT('Ctrl Pts',(44.9287898634381,-91.3747025381524,13.3151781701453));
#12055=CARTESIAN_POINT('Ctrl Pts',(44.9287898634381,381.374702538152,13.3151781701453));
#12056=CARTESIAN_POINT('Ctrl Pts',(45.0516522202338,-91.3747025381524,13.1072895141157));
#12057=CARTESIAN_POINT('Ctrl Pts',(45.0516522202338,381.374702538152,13.1072895141157));
#12058=CARTESIAN_POINT('',(45.0516522202338,145.,13.1072895141157));
#12059=CARTESIAN_POINT('Ctrl Pts',(45.0516522202338,145.,13.1072895141157));
#12060=CARTESIAN_POINT('Ctrl Pts',(44.9287898634381,145.,13.3151781701453));
#12061=CARTESIAN_POINT('Ctrl Pts',(44.6500423860045,145.,13.6193888135638));
#12062=CARTESIAN_POINT('Ctrl Pts',(44.4676092823049,145.,13.7158210591799));
#12063=CARTESIAN_POINT('',(45.0516522202338,144.,13.1072895141157));
#12064=CARTESIAN_POINT('',(45.0516522202338,-91.3747025381524,13.1072895141157));
#12065=CARTESIAN_POINT('Ctrl Pts',(45.0516522202338,144.,13.1072895141157));
#12066=CARTESIAN_POINT('Ctrl Pts',(44.9350511386987,144.,13.304583809652));
#12067=CARTESIAN_POINT('Ctrl Pts',(44.8363410875137,144.,13.4160720037547));
#12068=CARTESIAN_POINT('Ctrl Pts',(44.696489414907,144.,13.5686989179012));
#12069=CARTESIAN_POINT('Ctrl Pts',(44.5892171039995,144.,13.651540426484));
#12070=CARTESIAN_POINT('Ctrl Pts',(44.4676092823049,144.,13.7158210591799));
#12071=CARTESIAN_POINT('Ctrl Pts',(45.0516522202338,-91.3747025381524,13.1072895141157));
#12072=CARTESIAN_POINT('Ctrl Pts',(45.0516522202338,381.374702538152,13.1072895141157));
#12073=CARTESIAN_POINT('Ctrl Pts',(45.1849358130222,-91.3747025381524,12.8758146198472));
#12074=CARTESIAN_POINT('Ctrl Pts',(45.1849358130222,381.374702538152,12.8758146198472));
#12075=CARTESIAN_POINT('Ctrl Pts',(45.3559553566849,-91.3747025381524,12.5640367649164));
#12076=CARTESIAN_POINT('Ctrl Pts',(45.3559553566849,381.374702538152,12.5640367649164));
#12077=CARTESIAN_POINT('Ctrl Pts',(45.4683964774878,-91.3747025381524,12.3797343471256));
#12078=CARTESIAN_POINT('Ctrl Pts',(45.4683964774878,381.374702538152,12.3797343471256));
#12079=CARTESIAN_POINT('',(45.4683964774878,145.,12.3797343471256));
#12080=CARTESIAN_POINT('Ctrl Pts',(45.4683964774878,145.,12.3797343471256));
#12081=CARTESIAN_POINT('Ctrl Pts',(45.3559553566849,145.,12.5640367649164));
#12082=CARTESIAN_POINT('Ctrl Pts',(45.1849358130222,145.,12.8758146198472));
#12083=CARTESIAN_POINT('Ctrl Pts',(45.0516522202338,145.,13.1072895141157));
#12084=CARTESIAN_POINT('',(45.4683964774878,144.,12.3797343471256));
#12085=CARTESIAN_POINT('',(45.4683964774878,-91.3747025381524,12.3797343471256));
#12086=CARTESIAN_POINT('Ctrl Pts',(45.4683964774878,144.,12.3797343471256));
#12087=CARTESIAN_POINT('Ctrl Pts',(45.3934357302859,144.,12.5026026256528));
#12088=CARTESIAN_POINT('Ctrl Pts',(45.3274520994078,144.,12.6159997407382));
#12089=CARTESIAN_POINT('Ctrl Pts',(45.2704455848536,144.,12.7199256923818));
#12090=CARTESIAN_POINT('Ctrl Pts',(45.2134390702993,144.,12.8238516440254));
#12091=CARTESIAN_POINT('Ctrl Pts',(45.1405079487594,144.,12.9529729179367));
#12092=CARTESIAN_POINT('Ctrl Pts',(45.0516522202338,144.,13.1072895141157));
#12093=CARTESIAN_POINT('Ctrl Pts',(45.4683964774878,-91.3747025381524,12.3797343471256));
#12094=CARTESIAN_POINT('Ctrl Pts',(45.4683964774878,381.374702538152,12.3797343471256));
#12095=CARTESIAN_POINT('Ctrl Pts',(45.6271305468364,-91.3747025381524,12.1251117096418));
#12096=CARTESIAN_POINT('Ctrl Pts',(45.6271305468364,381.374702538152,12.1251117096418));
#12097=CARTESIAN_POINT('Ctrl Pts',(46.0221654935975,-91.3747025381524,11.9596721915183));
#12098=CARTESIAN_POINT('Ctrl Pts',(46.0221654935975,381.374702538152,11.9596721915183));
#12099=CARTESIAN_POINT('Ctrl Pts',(46.2819423510217,-91.3747025381524,12.03272856381));
#12100=CARTESIAN_POINT('Ctrl Pts',(46.2819423510217,381.374702538152,12.03272856381));
#12101=CARTESIAN_POINT('',(46.2819423510217,145.,12.03272856381));
#12102=CARTESIAN_POINT('Ctrl Pts',(46.2819423510217,145.,12.03272856381));
#12103=CARTESIAN_POINT('Ctrl Pts',(46.0221654935975,145.,11.9596721915183));
#12104=CARTESIAN_POINT('Ctrl Pts',(45.6271305468364,145.,12.1251117096418));
#12105=CARTESIAN_POINT('Ctrl Pts',(45.4683964774878,145.,12.3797343471256));
#12106=CARTESIAN_POINT('',(46.2819423510217,144.,12.03272856381));
#12107=CARTESIAN_POINT('',(46.2819423510217,-91.3747025381524,12.03272856381));
#12108=CARTESIAN_POINT('Ctrl Pts',(46.2819423510217,144.,12.03272856381));
#12109=CARTESIAN_POINT('Ctrl Pts',(46.1087577794055,144.,11.9840243156156));
#12110=CARTESIAN_POINT('Ctrl Pts',(45.9563263358039,144.,11.9872454445389));
#12111=CARTESIAN_POINT('Ctrl Pts',(45.8246480202169,144.,12.0423919505801));
#12112=CARTESIAN_POINT('Ctrl Pts',(45.6929697046299,144.,12.0975384566212));
#12113=CARTESIAN_POINT('Ctrl Pts',(45.5742191903869,144.,12.2099859221364));
#12114=CARTESIAN_POINT('Ctrl Pts',(45.4683964774878,144.,12.3797343471256));
#12115=CARTESIAN_POINT('Ctrl Pts',(46.2819423510217,-91.3747025381524,12.03272856381));
#12116=CARTESIAN_POINT('Ctrl Pts',(46.2819423510217,381.374702538152,12.03272856381));
#12117=CARTESIAN_POINT('Ctrl Pts',(46.6084186718386,-91.3747025381524,12.1245426533117));
#12118=CARTESIAN_POINT('Ctrl Pts',(46.6084186718386,381.374702538152,12.1245426533117));
#12119=CARTESIAN_POINT('Ctrl Pts',(46.8678774440061,-91.3747025381524,12.7240609404863));
#12120=CARTESIAN_POINT('Ctrl Pts',(46.8678774440061,381.374702538152,12.7240609404863));
#12121=CARTESIAN_POINT('Ctrl Pts',(46.7336116787133,-91.3747025381524,13.2014886784551));
#12122=CARTESIAN_POINT('Ctrl Pts',(46.7336116787133,381.374702538152,13.2014886784551));
#12123=CARTESIAN_POINT('',(46.7336116787133,145.,13.2014886784551));
#12124=CARTESIAN_POINT('Ctrl Pts',(46.7336116787133,145.,13.2014886784551));
#12125=CARTESIAN_POINT('Ctrl Pts',(46.8678774440061,145.,12.7240609404863));
#12126=CARTESIAN_POINT('Ctrl Pts',(46.6084186718386,145.,12.1245426533117));
#12127=CARTESIAN_POINT('Ctrl Pts',(46.2819423510217,145.,12.03272856381));
#12128=CARTESIAN_POINT('',(46.7336116787133,144.,13.2014886784551));
#12129=CARTESIAN_POINT('',(46.7336116787133,-91.3747025381524,13.2014886784551));
#12130=CARTESIAN_POINT('Ctrl Pts',(46.7336116787133,144.,13.2014886784551));
#12131=CARTESIAN_POINT('Ctrl Pts',(46.8231221889085,144.,12.8832035198093));
#12132=CARTESIAN_POINT('Ctrl Pts',(46.8246343153115,144.,12.6241412259572));
#12133=CARTESIAN_POINT('Ctrl Pts',(46.7381480579223,144.,12.424301796899));
#12134=CARTESIAN_POINT('Ctrl Pts',(46.6516618005331,144.,12.2244623678408));
#12135=CARTESIAN_POINT('Ctrl Pts',(46.4995932315663,144.,12.0939379568111));
#12136=CARTESIAN_POINT('Ctrl Pts',(46.2819423510217,144.,12.03272856381));
#12137=CARTESIAN_POINT('Ctrl Pts',(46.7336116787133,-91.3747025381524,13.2014886784551));
#12138=CARTESIAN_POINT('Ctrl Pts',(46.7336116787133,381.374702538152,13.2014886784551));
#12139=CARTESIAN_POINT('Ctrl Pts',(46.6398230926632,-91.3747025381524,13.5349859954186));
#12140=CARTESIAN_POINT('Ctrl Pts',(46.6398230926632,381.374702538152,13.5349859954186));
#12141=CARTESIAN_POINT('Ctrl Pts',(46.1425553582926,-91.3747025381524,14.1717092454114));
#12142=CARTESIAN_POINT('Ctrl Pts',(46.1425553582926,381.374702538152,14.1717092454114));
#12143=CARTESIAN_POINT('Ctrl Pts',(45.7957903945107,-91.3747025381524,14.3810287205086));
#12144=CARTESIAN_POINT('Ctrl Pts',(45.7957903945107,381.374702538152,14.3810287205086));
#12145=CARTESIAN_POINT('',(45.7957903945107,145.,14.3810287205086));
#12146=CARTESIAN_POINT('Ctrl Pts',(45.7957903945107,145.,14.3810287205086));
#12147=CARTESIAN_POINT('Ctrl Pts',(46.1425553582926,145.,14.1717092454114));
#12148=CARTESIAN_POINT('Ctrl Pts',(46.6398230926632,145.,13.5349859954186));
#12149=CARTESIAN_POINT('Ctrl Pts',(46.7336116787133,145.,13.2014886784551));
#12150=CARTESIAN_POINT('',(45.7957903945107,144.,14.3810287205086));
#12151=CARTESIAN_POINT('',(45.7957903945107,-91.3747025381524,14.3810287205086));
#12152=CARTESIAN_POINT('Ctrl Pts',(45.7957903945107,144.,14.3810287205086));
#12153=CARTESIAN_POINT('Ctrl Pts',(46.026967037032,144.,14.2414824037771));
#12154=CARTESIAN_POINT('Ctrl Pts',(46.225433314021,144.,14.0655887037459));
#12155=CARTESIAN_POINT('Ctrl Pts',(46.3911892254779,144.,13.853347620415));
#12156=CARTESIAN_POINT('Ctrl Pts',(46.5569451369348,144.,13.6411065370841));
#12157=CARTESIAN_POINT('Ctrl Pts',(46.6710859546799,144.,13.4238202230975));
#12158=CARTESIAN_POINT('Ctrl Pts',(46.7336116787133,144.,13.2014886784551));
#12159=CARTESIAN_POINT('Origin',(45.7839434152201,-91.3747025381524,14.4231546973882));
#12160=CARTESIAN_POINT('',(45.7839434152201,145.,14.4231546973882));
#12161=CARTESIAN_POINT('',(51.2630551301708,145.,-5.05969639605523));
#12162=CARTESIAN_POINT('',(45.7839434152201,144.,14.4231546973882));
#12163=CARTESIAN_POINT('',(45.7839434152201,-91.3747025381524,14.4231546973882));
#12164=CARTESIAN_POINT('',(51.2630551301708,144.,-5.05969639605523));
#12165=CARTESIAN_POINT('Origin',(46.5071060183199,-91.3747025381524,14.6265278418758));
#12166=CARTESIAN_POINT('',(46.5071060183199,145.,14.6265278418758));
#12167=CARTESIAN_POINT('',(17.7744412942103,145.,6.54611501438435));
#12168=CARTESIAN_POINT('',(46.5071060183199,144.,14.6265278418758));
#12169=CARTESIAN_POINT('',(46.5071060183199,-91.3747025381524,14.6265278418758));
#12170=CARTESIAN_POINT('',(17.7744412942103,144.,6.54611501438435));
#12171=CARTESIAN_POINT('Ctrl Pts',(46.5071060183199,-91.3747025381524,14.6265278418758));
#12172=CARTESIAN_POINT('Ctrl Pts',(46.5071060183199,381.374702538152,14.6265278418758));
#12173=CARTESIAN_POINT('Ctrl Pts',(46.7294675480115,-91.3747025381524,14.3746464327604));
#12174=CARTESIAN_POINT('Ctrl Pts',(46.7294675480115,381.374702538152,14.3746464327604));
#12175=CARTESIAN_POINT('Ctrl Pts',(47.1116581156681,-91.3747025381524,13.7699586983358));
#12176=CARTESIAN_POINT('Ctrl Pts',(47.1116581156681,381.374702538152,13.7699586983358));
#12177=CARTESIAN_POINT('Ctrl Pts',(47.2439493844124,-91.3747025381524,13.2995519565136));
#12178=CARTESIAN_POINT('Ctrl Pts',(47.2439493844124,381.374702538152,13.2995519565136));
#12179=CARTESIAN_POINT('',(47.2439493844124,145.,13.2995519565136));
#12180=CARTESIAN_POINT('Ctrl Pts',(47.2439493844124,145.,13.2995519565136));
#12181=CARTESIAN_POINT('Ctrl Pts',(47.1116581156681,145.,13.7699586983358));
#12182=CARTESIAN_POINT('Ctrl Pts',(46.7294675480115,145.,14.3746464327604));
#12183=CARTESIAN_POINT('Ctrl Pts',(46.5071060183199,145.,14.6265278418758));
#12184=CARTESIAN_POINT('',(47.2439493844124,144.,13.2995519565136));
#12185=CARTESIAN_POINT('',(47.2439493844124,-91.3747025381524,13.2995519565136));
#12186=CARTESIAN_POINT('Ctrl Pts',(47.2439493844124,144.,13.2995519565136));
#12187=CARTESIAN_POINT('Ctrl Pts',(47.1557552052495,144.,13.6131564510617));
#12188=CARTESIAN_POINT('Ctrl Pts',(47.0479596877253,144.,13.8707399874066));
#12189=CARTESIAN_POINT('Ctrl Pts',(46.9205628318398,144.,14.0723025655481));
#12190=CARTESIAN_POINT('Ctrl Pts',(46.7931659759543,144.,14.2738651436896));
#12191=CARTESIAN_POINT('Ctrl Pts',(46.6553470381143,144.,14.4586069024655));
#12192=CARTESIAN_POINT('Ctrl Pts',(46.5071060183199,144.,14.6265278418758));
#12193=CARTESIAN_POINT('Ctrl Pts',(47.2439493844124,-91.3747025381524,13.2995519565136));
#12194=CARTESIAN_POINT('Ctrl Pts',(47.2439493844124,381.374702538152,13.2995519565136));
#12195=CARTESIAN_POINT('Ctrl Pts',(47.3555084393983,-91.3747025381524,12.9028656742307));
#12196=CARTESIAN_POINT('Ctrl Pts',(47.3555084393983,381.374702538152,12.9028656742307));
#12197=CARTESIAN_POINT('Ctrl Pts',(47.2999867922787,-91.3747025381524,12.3190305633314));
#12198=CARTESIAN_POINT('Ctrl Pts',(47.2999867922787,381.374702538152,12.3190305633314));
#12199=CARTESIAN_POINT('Ctrl Pts',(47.168667544499,-91.3747025381524,12.0585997701992));
#12200=CARTESIAN_POINT('Ctrl Pts',(47.168667544499,381.374702538152,12.0585997701992));
#12201=CARTESIAN_POINT('',(47.168667544499,145.,12.0585997701992));
#12202=CARTESIAN_POINT('Ctrl Pts',(47.168667544499,145.,12.0585997701992));
#12203=CARTESIAN_POINT('Ctrl Pts',(47.2999867922787,145.,12.3190305633314));
#12204=CARTESIAN_POINT('Ctrl Pts',(47.3555084393983,145.,12.9028656742307));
#12205=CARTESIAN_POINT('Ctrl Pts',(47.2439493844124,145.,13.2995519565136));
#12206=CARTESIAN_POINT('',(47.168667544499,144.,12.0585997701992));
#12207=CARTESIAN_POINT('',(47.168667544499,-91.3747025381524,12.0585997701992));
#12208=CARTESIAN_POINT('Ctrl Pts',(47.168667544499,144.,12.0585997701992));
#12209=CARTESIAN_POINT('Ctrl Pts',(47.2932435374315,144.,12.3056574193496));
#12210=CARTESIAN_POINT('Ctrl Pts',(47.3184635262377,144.,12.5133217376681));
#12211=CARTESIAN_POINT('Ctrl Pts',(47.3483244825125,144.,12.8273231339289));
#12212=CARTESIAN_POINT('Ctrl Pts',(47.3096301776191,144.,13.0660014869632));
#12213=CARTESIAN_POINT('Ctrl Pts',(47.2439493844124,144.,13.2995519565136));
#12214=CARTESIAN_POINT('Ctrl Pts',(47.168667544499,-91.3747025381524,12.0585997701992));
#12215=CARTESIAN_POINT('Ctrl Pts',(47.168667544499,381.374702538152,12.0585997701992));
#12216=CARTESIAN_POINT('Ctrl Pts',(47.0489772974405,-91.3747025381524,11.824168206878));
#12217=CARTESIAN_POINT('Ctrl Pts',(47.0489772974405,381.374702538152,11.824168206878));
#12218=CARTESIAN_POINT('Ctrl Pts',(46.615755215357,-91.3747025381524,11.4788340621636));
#12219=CARTESIAN_POINT('Ctrl Pts',(46.615755215357,381.374702538152,11.4788340621636));
#12220=CARTESIAN_POINT('Ctrl Pts',(46.3594888560061,-91.3747025381524,11.4067649381462));
#12221=CARTESIAN_POINT('Ctrl Pts',(46.3594888560061,381.374702538152,11.4067649381462));
#12222=CARTESIAN_POINT('',(46.3594888560061,145.,11.4067649381462));
#12223=CARTESIAN_POINT('Ctrl Pts',(46.3594888560061,145.,11.4067649381462));
#12224=CARTESIAN_POINT('Ctrl Pts',(46.615755215357,145.,11.4788340621636));
#12225=CARTESIAN_POINT('Ctrl Pts',(47.0489772974405,145.,11.824168206878));
#12226=CARTESIAN_POINT('Ctrl Pts',(47.168667544499,145.,12.0585997701992));
#12227=CARTESIAN_POINT('',(46.3594888560061,144.,11.4067649381462));
#12228=CARTESIAN_POINT('',(46.3594888560061,-91.3747025381524,11.4067649381462));
#12229=CARTESIAN_POINT('Ctrl Pts',(46.3594888560061,144.,11.4067649381462));
#12230=CARTESIAN_POINT('Ctrl Pts',(46.5303330955733,144.,11.4548110208245));
#12231=CARTESIAN_POINT('Ctrl Pts',(46.6879588957042,144.,11.5363897529494));
#12232=CARTESIAN_POINT('Ctrl Pts',(46.8323662563987,144.,11.6515011345208));
#12233=CARTESIAN_POINT('Ctrl Pts',(46.9767736170932,144.,11.7666125160923));
#12234=CARTESIAN_POINT('Ctrl Pts',(47.08887404646,144.,11.9023120613184));
#12235=CARTESIAN_POINT('Ctrl Pts',(47.168667544499,144.,12.0585997701992));
#12236=CARTESIAN_POINT('Ctrl Pts',(46.3594888560061,-91.3747025381524,11.4067649381462));
#12237=CARTESIAN_POINT('Ctrl Pts',(46.3594888560061,381.374702538152,11.4067649381462));
#12238=CARTESIAN_POINT('Ctrl Pts',(45.9557815775765,-91.3747025381524,11.2932313866119));
#12239=CARTESIAN_POINT('Ctrl Pts',(45.9557815775765,381.374702538152,11.2932313866119));
#12240=CARTESIAN_POINT('Ctrl Pts',(45.2881380837115,-91.3747025381524,11.55247218021));
#12241=CARTESIAN_POINT('Ctrl Pts',(45.2881380837115,381.374702538152,11.55247218021));
#12242=CARTESIAN_POINT('Ctrl Pts',(45.0258481280279,-91.3747025381524,11.9598027528249));
#12243=CARTESIAN_POINT('Ctrl Pts',(45.0258481280279,381.374702538152,11.9598027528249));
#12244=CARTESIAN_POINT('',(45.0258481280279,145.,11.9598027528249));
#12245=CARTESIAN_POINT('Ctrl Pts',(45.0258481280279,145.,11.9598027528249));
#12246=CARTESIAN_POINT('Ctrl Pts',(45.2881380837115,145.,11.55247218021));
#12247=CARTESIAN_POINT('Ctrl Pts',(45.9557815775765,145.,11.2932313866119));
#12248=CARTESIAN_POINT('Ctrl Pts',(46.3594888560061,145.,11.4067649381462));
#12249=CARTESIAN_POINT('',(45.0258481280279,144.,11.9598027528249));
#12250=CARTESIAN_POINT('',(45.0258481280279,-91.3747025381524,11.9598027528249));
#12251=CARTESIAN_POINT('Ctrl Pts',(45.0258481280279,144.,11.9598027528249));
#12252=CARTESIAN_POINT('Ctrl Pts',(45.2007080984836,144.,11.6882490377483));
#12253=CARTESIAN_POINT('Ctrl Pts',(45.3994119993556,144.,11.509265381277));
#12254=CARTESIAN_POINT('Ctrl Pts',(45.621959830644,144.,11.422851783411));
#12255=CARTESIAN_POINT('Ctrl Pts',(45.8445076619324,144.,11.3364381855449));
#12256=CARTESIAN_POINT('Ctrl Pts',(46.0903506703864,144.,11.33107590379));
#12257=CARTESIAN_POINT('Ctrl Pts',(46.3594888560061,144.,11.4067649381462));
#12258=CARTESIAN_POINT('Ctrl Pts',(45.0258481280279,-91.3747025381524,11.9598027528249));
#12259=CARTESIAN_POINT('Ctrl Pts',(45.0258481280279,381.374702538152,11.9598027528249));
#12260=CARTESIAN_POINT('Ctrl Pts',(44.9238282432178,-91.3747025381524,12.1205189323767));
#12261=CARTESIAN_POINT('Ctrl Pts',(44.9238282432178,381.374702538152,12.1205189323767));
#12262=CARTESIAN_POINT('Ctrl Pts',(44.648375823173,-91.3747025381524,12.6150632035734));
#12263=CARTESIAN_POINT('Ctrl Pts',(44.648375823173,381.374702538152,12.6150632035734));
#12264=CARTESIAN_POINT('Ctrl Pts',(44.5478919398878,-91.3747025381524,12.7837876275461));
#12265=CARTESIAN_POINT('Ctrl Pts',(44.5478919398878,381.374702538152,12.7837876275461));
#12266=CARTESIAN_POINT('',(44.5478919398878,145.,12.7837876275461));
#12267=CARTESIAN_POINT('Ctrl Pts',(44.5478919398878,145.,12.7837876275461));
#12268=CARTESIAN_POINT('Ctrl Pts',(44.648375823173,145.,12.6150632035734));
#12269=CARTESIAN_POINT('Ctrl Pts',(44.9238282432178,145.,12.1205189323767));
#12270=CARTESIAN_POINT('Ctrl Pts',(45.0258481280279,145.,11.9598027528249));
#12271=CARTESIAN_POINT('',(44.5478919398878,144.,12.7837876275461));
#12272=CARTESIAN_POINT('',(44.5478919398878,-91.3747025381524,12.7837876275461));
#12273=CARTESIAN_POINT('Ctrl Pts',(44.5478919398878,144.,12.7837876275461));
#12274=CARTESIAN_POINT('Ctrl Pts',(44.6148811954113,144.,12.671304678231));
#12275=CARTESIAN_POINT('Ctrl Pts',(44.6942845598472,144.,12.532639158374));
#12276=CARTESIAN_POINT('Ctrl Pts',(44.7861020331954,144.,12.3677910679751));
#12277=CARTESIAN_POINT('Ctrl Pts',(44.8779195065437,144.,12.2029429775762));
#12278=CARTESIAN_POINT('Ctrl Pts',(44.9578348714878,144.,12.0669468725261));
#12279=CARTESIAN_POINT('Ctrl Pts',(45.0258481280279,144.,11.9598027528249));
#12280=CARTESIAN_POINT('Ctrl Pts',(44.5478919398878,-91.3747025381524,12.7837876275461));
#12281=CARTESIAN_POINT('Ctrl Pts',(44.5478919398878,381.374702538152,12.7837876275461));
#12282=CARTESIAN_POINT('Ctrl Pts',(44.39716611496,-91.3747025381524,13.036874263505));
#12283=CARTESIAN_POINT('Ctrl Pts',(44.39716611496,381.374702538152,13.036874263505));
#12284=CARTESIAN_POINT('Ctrl Pts',(43.9887481873835,-91.3747025381524,13.2364315140873));
#12285=CARTESIAN_POINT('Ctrl Pts',(43.9887481873835,381.374702538152,13.2364315140873));
#12286=CARTESIAN_POINT('Ctrl Pts',(43.7149293376661,-91.3747025381524,13.1594261486988));
#12287=CARTESIAN_POINT('Ctrl Pts',(43.7149293376661,381.374702538152,13.1594261486988));
#12288=CARTESIAN_POINT('',(43.7149293376661,145.,13.1594261486988));
#12289=CARTESIAN_POINT('Ctrl Pts',(43.7149293376661,145.,13.1594261486988));
#12290=CARTESIAN_POINT('Ctrl Pts',(43.9887481873835,145.,13.2364315140873));
#12291=CARTESIAN_POINT('Ctrl Pts',(44.39716611496,145.,13.036874263505));
#12292=CARTESIAN_POINT('Ctrl Pts',(44.5478919398878,145.,12.7837876275461));
#12293=CARTESIAN_POINT('',(43.7149293376661,144.,13.1594261486988));
#12294=CARTESIAN_POINT('',(43.7149293376661,-91.3747025381524,13.1594261486988));
#12295=CARTESIAN_POINT('Ctrl Pts',(43.7149293376661,144.,13.1594261486988));
#12296=CARTESIAN_POINT('Ctrl Pts',(43.8974752374777,144.,13.2107630589578));
#12297=CARTESIAN_POINT('Ctrl Pts',(44.0568178419796,144.,13.2031719723236));
#12298=CARTESIAN_POINT('Ctrl Pts',(44.1929571511718,144.,13.1366528887962));
#12299=CARTESIAN_POINT('Ctrl Pts',(44.3290964603639,144.,13.0701338052687));
#12300=CARTESIAN_POINT('Ctrl Pts',(44.4474080566026,144.,12.9525120515187));
#12301=CARTESIAN_POINT('Ctrl Pts',(44.5478919398878,144.,12.7837876275461));
#12302=CARTESIAN_POINT('Ctrl Pts',(43.7149293376661,-91.3747025381524,13.1594261486988));
#12303=CARTESIAN_POINT('Ctrl Pts',(43.7149293376661,381.374702538152,13.1594261486988));
#12304=CARTESIAN_POINT('Ctrl Pts',(43.409516005289,-91.3747025381524,13.0735355488424));
#12305=CARTESIAN_POINT('Ctrl Pts',(43.409516005289,381.374702538152,13.0735355488424));
#12306=CARTESIAN_POINT('Ctrl Pts',(43.1730947181098,-91.3747025381524,12.4729197551664));
#12307=CARTESIAN_POINT('Ctrl Pts',(43.1730947181098,381.374702538152,12.4729197551664));
#12308=CARTESIAN_POINT('Ctrl Pts',(43.2856410213699,-91.3747025381524,12.0727229748102));
#12309=CARTESIAN_POINT('Ctrl Pts',(43.2856410213699,381.374702538152,12.0727229748102));
#12310=CARTESIAN_POINT('',(43.2856410213699,145.,12.0727229748102));
#12311=CARTESIAN_POINT('Ctrl Pts',(43.2856410213699,145.,12.0727229748102));
#12312=CARTESIAN_POINT('Ctrl Pts',(43.1730947181098,145.,12.4729197551664));
#12313=CARTESIAN_POINT('Ctrl Pts',(43.409516005289,145.,13.0735355488424));
#12314=CARTESIAN_POINT('Ctrl Pts',(43.7149293376661,145.,13.1594261486988));
#12315=CARTESIAN_POINT('',(43.2856410213699,144.,12.0727229748102));
#12316=CARTESIAN_POINT('',(43.2856410213699,-91.3747025381524,12.0727229748102));
#12317=CARTESIAN_POINT('Ctrl Pts',(43.2856410213699,144.,12.0727229748102));
#12318=CARTESIAN_POINT('Ctrl Pts',(43.2106101525298,144.,12.339520828381));
#12319=CARTESIAN_POINT('Ctrl Pts',(43.212498265973,144.,12.5730223874457));
#12320=CARTESIAN_POINT('Ctrl Pts',(43.2913053616994,144.,12.7732276520044));
#12321=CARTESIAN_POINT('Ctrl Pts',(43.3701124574258,144.,12.973432916563));
#12322=CARTESIAN_POINT('Ctrl Pts',(43.5113204494147,144.,13.1021657487945));
#12323=CARTESIAN_POINT('Ctrl Pts',(43.7149293376661,144.,13.1594261486988));
#12324=CARTESIAN_POINT('Ctrl Pts',(43.2856410213699,-91.3747025381524,12.0727229748102));
#12325=CARTESIAN_POINT('Ctrl Pts',(43.2856410213699,381.374702538152,12.0727229748102));
#12326=CARTESIAN_POINT('Ctrl Pts',(43.3853530970653,-91.3747025381524,11.7181626694069));
#12327=CARTESIAN_POINT('Ctrl Pts',(43.3853530970653,381.374702538152,11.7181626694069));
#12328=CARTESIAN_POINT('Ctrl Pts',(43.8478466253842,-91.3747025381524,11.1512108858566));
#12329=CARTESIAN_POINT('Ctrl Pts',(43.8478466253842,381.374702538152,11.1512108858566));
#12330=CARTESIAN_POINT('Ctrl Pts',(44.0956611695209,-91.3747025381524,10.9974029063393));
#12331=CARTESIAN_POINT('Ctrl Pts',(44.0956611695209,381.374702538152,10.9974029063393));
#12332=CARTESIAN_POINT('',(44.0956611695209,145.,10.9974029063393));
#12333=CARTESIAN_POINT('Ctrl Pts',(44.0956611695209,145.,10.9974029063393));
#12334=CARTESIAN_POINT('Ctrl Pts',(43.8478466253842,145.,11.1512108858566));
#12335=CARTESIAN_POINT('Ctrl Pts',(43.3853530970653,145.,11.7181626694069));
#12336=CARTESIAN_POINT('Ctrl Pts',(43.2856410213699,145.,12.0727229748102));
#12337=CARTESIAN_POINT('',(44.0956611695209,144.,10.9974029063393));
#12338=CARTESIAN_POINT('',(44.0956611695209,-91.3747025381524,10.9974029063393));
#12339=CARTESIAN_POINT('Ctrl Pts',(44.0956611695209,144.,10.9974029063393));
#12340=CARTESIAN_POINT('Ctrl Pts',(43.8681434327343,144.,11.1386135181757));
#12341=CARTESIAN_POINT('Ctrl Pts',(43.6956037962828,144.,11.3347366971046));
#12342=CARTESIAN_POINT('Ctrl Pts',(43.454135992761,144.,11.6393483697107));
#12343=CARTESIAN_POINT('Ctrl Pts',(43.3495043711995,144.,11.8456350452715));
#12344=CARTESIAN_POINT('Ctrl Pts',(43.2856410213699,144.,12.0727229748102));
#12345=CARTESIAN_POINT('Origin',(44.1075081488114,-91.3747025381524,10.9552769294597));
#12346=CARTESIAN_POINT('',(49.1961631713093,145.,-7.139172176));
#12347=CARTESIAN_POINT('',(49.1961631713093,144.,-7.139172176));
#12348=CARTESIAN_POINT('Origin',(0.,144.,-40.5));
#12349=CARTESIAN_POINT('Origin',(0.,144.,-40.5));
#12350=CARTESIAN_POINT('',(45.3047626127047,144.,17.8484611421559));
#12351=CARTESIAN_POINT('',(43.8692351708029,144.,17.7815275830484));
#12352=CARTESIAN_POINT('Ctrl Pts',(45.3047626127047,144.,17.8484611421559));
#12353=CARTESIAN_POINT('Ctrl Pts',(45.1043530750892,144.,17.9434133545368));
#12354=CARTESIAN_POINT('Ctrl Pts',(44.8903401188378,144.,17.9835573317695));
#12355=CARTESIAN_POINT('Ctrl Pts',(44.6627237439505,144.,17.968893073854));
#12356=CARTESIAN_POINT('Ctrl Pts',(44.4351073690631,144.,17.9542288159385));
#12357=CARTESIAN_POINT('Ctrl Pts',(44.1706111780139,144.,17.8917736523366));
#12358=CARTESIAN_POINT('Ctrl Pts',(43.8692351708029,144.,17.7815275830484));
#12359=CARTESIAN_POINT('',(46.1060986984841,144.,16.8679693414018));
#12360=CARTESIAN_POINT('Ctrl Pts',(46.1060986984841,144.,16.8679693414018));
#12361=CARTESIAN_POINT('Ctrl Pts',(46.0150621715718,144.,17.1168328625079));
#12362=CARTESIAN_POINT('Ctrl Pts',(45.9031834997147,144.,17.3218306973389));
#12363=CARTESIAN_POINT('Ctrl Pts',(45.7704626829128,144.,17.4829628458948));
#12364=CARTESIAN_POINT('Ctrl Pts',(45.6377418661108,144.,17.6440949944507));
#12365=CARTESIAN_POINT('Ctrl Pts',(45.4825085093748,144.,17.7659277598711));
#12366=CARTESIAN_POINT('Ctrl Pts',(45.3047626127047,144.,17.8484611421559));
#12367=CARTESIAN_POINT('',(46.1278497436405,144.,15.5984152701373));
#12368=CARTESIAN_POINT('Ctrl Pts',(46.1278497436405,144.,15.5984152701373));
#12369=CARTESIAN_POINT('Ctrl Pts',(46.2109958825059,144.,15.7815626674415));
#12370=CARTESIAN_POINT('Ctrl Pts',(46.2519603716258,144.,15.9738720422396));
#12371=CARTESIAN_POINT('Ctrl Pts',(46.2507432110003,144.,16.1753433945315));
#12372=CARTESIAN_POINT('Ctrl Pts',(46.2495260503747,144.,16.3768147468234));
#12373=CARTESIAN_POINT('Ctrl Pts',(46.2013112128693,144.,16.6076900624469));
#12374=CARTESIAN_POINT('Ctrl Pts',(46.1060986984841,144.,16.8679693414018));
#12375=CARTESIAN_POINT('',(44.9879822148298,144.,14.7232460553274));
#12376=CARTESIAN_POINT('Ctrl Pts',(44.9879822148298,144.,14.7232460553274));
#12377=CARTESIAN_POINT('Ctrl Pts',(45.2825087673315,144.,14.8309865321318));
#12378=CARTESIAN_POINT('Ctrl Pts',(45.5239394483623,144.,14.9529568256931));
#12379=CARTESIAN_POINT('Ctrl Pts',(45.7122742579223,144.,15.0891569360113));
#12380=CARTESIAN_POINT('Ctrl Pts',(45.9006090674823,144.,15.2253570463295));
#12381=CARTESIAN_POINT('Ctrl Pts',(46.0391342293884,144.,15.3951098243715));
#12382=CARTESIAN_POINT('Ctrl Pts',(46.1278497436405,144.,15.5984152701373));
#12383=CARTESIAN_POINT('',(42.3509421517333,144.,13.7585929490556));
#12384=CARTESIAN_POINT('',(14.9217948755183,144.,3.72476278747756));
#12385=CARTESIAN_POINT('',(42.1454835680598,144.,14.3202482352216));
#12386=CARTESIAN_POINT('',(48.5018890602449,144.,-3.05604572081124));
#12387=CARTESIAN_POINT('',(44.796222540575,144.,15.2899125264611));
#12388=CARTESIAN_POINT('',(16.0417057781024,144.,4.77125021926324));
#12389=CARTESIAN_POINT('',(45.568882541648,144.,15.7783581555269));
#12390=CARTESIAN_POINT('Ctrl Pts',(45.568882541648,144.,15.7783581555269));
#12391=CARTESIAN_POINT('Ctrl Pts',(45.4874655402012,144.,15.6683261746172));
#12392=CARTESIAN_POINT('Ctrl Pts',(45.3857100180669,144.,15.5767409225585));
#12393=CARTESIAN_POINT('Ctrl Pts',(45.2636159752452,144.,15.503602399351));
#12394=CARTESIAN_POINT('Ctrl Pts',(45.1415219324235,144.,15.4304638761435));
#12395=CARTESIAN_POINT('Ctrl Pts',(44.9857241208668,144.,15.3592339185135));
#12396=CARTESIAN_POINT('Ctrl Pts',(44.796222540575,144.,15.2899125264611));
#12397=CARTESIAN_POINT('',(45.6266368688302,144.,16.6925778675342));
#12398=CARTESIAN_POINT('Ctrl Pts',(45.6266368688302,144.,16.6925778675342));
#12399=CARTESIAN_POINT('Ctrl Pts',(45.6909470759149,144.,16.5167751966611));
#12400=CARTESIAN_POINT('Ctrl Pts',(45.7190479217809,144.,16.3497305460749));
#12401=CARTESIAN_POINT('Ctrl Pts',(45.7109394064279,144.,16.1914439157756));
#12402=CARTESIAN_POINT('Ctrl Pts',(45.702830891075,144.,16.0331572854763));
#12403=CARTESIAN_POINT('Ctrl Pts',(45.655478602815,144.,15.89546203206));
#12404=CARTESIAN_POINT('Ctrl Pts',(45.568882541648,144.,15.7783581555269));
#12405=CARTESIAN_POINT('',(44.9938490666107,144.,17.3503080113208));
#12406=CARTESIAN_POINT('Ctrl Pts',(44.9938490666107,144.,17.3503080113208));
#12407=CARTESIAN_POINT('Ctrl Pts',(45.1355681624218,144.,17.3167238842484));
#12408=CARTESIAN_POINT('Ctrl Pts',(45.2593410214383,144.,17.2455107690297));
#12409=CARTESIAN_POINT('Ctrl Pts',(45.3651676436604,144.,17.1366686656647));
#12410=CARTESIAN_POINT('Ctrl Pts',(45.4709942658824,144.,17.0278265622997));
#12411=CARTESIAN_POINT('Ctrl Pts',(45.5581506742723,144.,16.8797962962562));
#12412=CARTESIAN_POINT('Ctrl Pts',(45.6266368688302,144.,16.6925778675342));
#12413=CARTESIAN_POINT('',(44.0746937544764,144.,17.2198722968824));
#12414=CARTESIAN_POINT('Ctrl Pts',(44.0746937544764,144.,17.2198722968824));
#12415=CARTESIAN_POINT('Ctrl Pts',(44.2710447894775,144.,17.2916992814187));
#12416=CARTESIAN_POINT('Ctrl Pts',(44.440025288722,144.,17.3392761673966));
#12417=CARTESIAN_POINT('Ctrl Pts',(44.58163525221,144.,17.3626029548163));
#12418=CARTESIAN_POINT('Ctrl Pts',(44.7232452156979,144.,17.3859297422359));
#12419=CARTESIAN_POINT('Ctrl Pts',(44.8606498204982,144.,17.3818314277374));
#12420=CARTESIAN_POINT('Ctrl Pts',(44.9938490666107,144.,17.3503080113208));
#12421=CARTESIAN_POINT('',(41.4376536913799,144.,16.2552191906106));
#12422=CARTESIAN_POINT('',(14.0085064151648,144.,6.22138902903254));
#12423=CARTESIAN_POINT('',(41.2321951077064,144.,16.8168744767766));
#12424=CARTESIAN_POINT('',(48.0452448300683,144.,-1.80773260003357));
#12425=CARTESIAN_POINT('',(15.1215678630396,144.,7.26537086833445));
#12426=CARTESIAN_POINT('Origin',(44.796222540575,-91.3747025381523,15.2899125264611));
#12427=CARTESIAN_POINT('',(44.796222540575,145.,15.2899125264611));
#12428=CARTESIAN_POINT('',(42.1454835680598,145.,14.3202482352216));
#12429=CARTESIAN_POINT('',(16.0417057781024,145.,4.77125021926324));
#12430=CARTESIAN_POINT('',(44.796222540575,-91.3747025381523,15.2899125264611));
#12431=CARTESIAN_POINT('',(42.1454835680598,-91.3747025381523,14.3202482352216));
#12432=CARTESIAN_POINT('Origin',(42.1454835680598,-91.3747025381523,14.3202482352216));
#12433=CARTESIAN_POINT('',(42.3509421517333,145.,13.7585929490556));
#12434=CARTESIAN_POINT('',(48.501889060245,145.,-3.05604572081124));
#12435=CARTESIAN_POINT('',(42.3509421517333,-91.3747025381523,13.7585929490556));
#12436=CARTESIAN_POINT('Origin',(42.3509421517333,-91.3747025381523,13.7585929490556));
#12437=CARTESIAN_POINT('',(44.9879822148298,145.,14.7232460553274));
#12438=CARTESIAN_POINT('',(14.9217948755183,145.,3.72476278747756));
#12439=CARTESIAN_POINT('',(44.9879822148298,-91.3747025381523,14.7232460553274));
#12440=CARTESIAN_POINT('Ctrl Pts',(46.1278497436405,-91.3747025381523,15.5984152701373));
#12441=CARTESIAN_POINT('Ctrl Pts',(46.1278497436405,381.374702538152,15.5984152701373));
#12442=CARTESIAN_POINT('Ctrl Pts',(45.9947764722624,-91.3747025381523,15.2934571014886));
#12443=CARTESIAN_POINT('Ctrl Pts',(45.9947764722624,381.374702538152,15.2934571014886));
#12444=CARTESIAN_POINT('Ctrl Pts',(45.4297720435823,-91.3747025381523,14.884856770534));
#12445=CARTESIAN_POINT('Ctrl Pts',(45.4297720435823,381.374702538152,14.884856770534));
#12446=CARTESIAN_POINT('Ctrl Pts',(44.9879822148298,-91.3747025381523,14.7232460553274));
#12447=CARTESIAN_POINT('Ctrl Pts',(44.9879822148298,381.374702538152,14.7232460553274));
#12448=CARTESIAN_POINT('',(46.1278497436405,145.,15.5984152701373));
#12449=CARTESIAN_POINT('Ctrl Pts',(44.9879822148298,145.,14.7232460553274));
#12450=CARTESIAN_POINT('Ctrl Pts',(45.4297720435823,145.,14.884856770534));
#12451=CARTESIAN_POINT('Ctrl Pts',(45.9947764722624,145.,15.2934571014886));
#12452=CARTESIAN_POINT('Ctrl Pts',(46.1278497436405,145.,15.5984152701373));
#12453=CARTESIAN_POINT('',(46.1278497436405,-91.3747025381523,15.5984152701373));
#12454=CARTESIAN_POINT('Ctrl Pts',(46.1060986984841,-91.3747025381523,16.8679693414018));
#12455=CARTESIAN_POINT('Ctrl Pts',(46.1060986984841,381.374702538152,16.8679693414018));
#12456=CARTESIAN_POINT('Ctrl Pts',(46.248917470062,-91.3747025381523,16.4775504229694));
#12457=CARTESIAN_POINT('Ctrl Pts',(46.248917470062,381.374702538152,16.4775504229694));
#12458=CARTESIAN_POINT('Ctrl Pts',(46.2525689519386,-91.3747025381523,15.8731363660937));
#12459=CARTESIAN_POINT('Ctrl Pts',(46.2525689519386,381.374702538152,15.8731363660937));
#12460=CARTESIAN_POINT('Ctrl Pts',(46.1278497436405,-91.3747025381523,15.5984152701373));
#12461=CARTESIAN_POINT('Ctrl Pts',(46.1278497436405,381.374702538152,15.5984152701373));
#12462=CARTESIAN_POINT('',(46.1060986984841,145.,16.8679693414018));
#12463=CARTESIAN_POINT('Ctrl Pts',(46.1278497436405,145.,15.5984152701373));
#12464=CARTESIAN_POINT('Ctrl Pts',(46.2525689519386,145.,15.8731363660937));
#12465=CARTESIAN_POINT('Ctrl Pts',(46.248917470062,145.,16.4775504229694));
#12466=CARTESIAN_POINT('Ctrl Pts',(46.1060986984841,145.,16.8679693414018));
#12467=CARTESIAN_POINT('',(46.1060986984841,-91.3747025381523,16.8679693414018));
#12468=CARTESIAN_POINT('Ctrl Pts',(45.3047626127047,-91.3747025381523,17.8484611421559));
#12469=CARTESIAN_POINT('Ctrl Pts',(45.3047626127047,381.374702538152,17.8484611421559));
#12470=CARTESIAN_POINT('Ctrl Pts',(45.5713814577098,-91.3747025381523,17.7246610687287));
#12471=CARTESIAN_POINT('Ctrl Pts',(45.5713814577098,381.374702538152,17.7246610687287));
#12472=CARTESIAN_POINT('Ctrl Pts',(45.9695439081157,-91.3747025381523,17.2412646230609));
#12473=CARTESIAN_POINT('Ctrl Pts',(45.9695439081157,381.374702538152,17.2412646230609));
#12474=CARTESIAN_POINT('Ctrl Pts',(46.1060986984841,-91.3747025381523,16.8679693414018));
#12475=CARTESIAN_POINT('Ctrl Pts',(46.1060986984841,381.374702538152,16.8679693414018));
#12476=CARTESIAN_POINT('',(45.3047626127047,145.,17.8484611421559));
#12477=CARTESIAN_POINT('Ctrl Pts',(46.1060986984841,145.,16.8679693414018));
#12478=CARTESIAN_POINT('Ctrl Pts',(45.9695439081157,145.,17.2412646230609));
#12479=CARTESIAN_POINT('Ctrl Pts',(45.5713814577098,145.,17.7246610687287));
#12480=CARTESIAN_POINT('Ctrl Pts',(45.3047626127047,145.,17.8484611421559));
#12481=CARTESIAN_POINT('',(45.3047626127047,-91.3747025381523,17.8484611421559));
#12482=CARTESIAN_POINT('Ctrl Pts',(43.8692351708029,-91.3747025381523,17.7815275830484));
#12483=CARTESIAN_POINT('Ctrl Pts',(43.8692351708029,381.374702538152,17.7815275830484));
#12484=CARTESIAN_POINT('Ctrl Pts',(44.3212991816194,-91.3747025381523,17.9468966869807));
#12485=CARTESIAN_POINT('Ctrl Pts',(44.3212991816194,381.374702538152,17.9468966869807));
#12486=CARTESIAN_POINT('Ctrl Pts',(45.0041483062815,-91.3747025381523,17.9908894607272));
#12487=CARTESIAN_POINT('Ctrl Pts',(45.0041483062815,381.374702538152,17.9908894607272));
#12488=CARTESIAN_POINT('Ctrl Pts',(45.3047626127047,-91.3747025381523,17.8484611421559));
#12489=CARTESIAN_POINT('Ctrl Pts',(45.3047626127047,381.374702538152,17.8484611421559));
#12490=CARTESIAN_POINT('',(43.8692351708029,145.,17.7815275830484));
#12491=CARTESIAN_POINT('Ctrl Pts',(45.3047626127047,145.,17.8484611421559));
#12492=CARTESIAN_POINT('Ctrl Pts',(45.0041483062815,145.,17.9908894607272));
#12493=CARTESIAN_POINT('Ctrl Pts',(44.3212991816194,145.,17.9468966869807));
#12494=CARTESIAN_POINT('Ctrl Pts',(43.8692351708029,145.,17.7815275830484));
#12495=CARTESIAN_POINT('',(43.8692351708029,-91.3747025381523,17.7815275830484));
#12496=CARTESIAN_POINT('Origin',(43.8692351708029,-91.3747025381523,17.7815275830484));
#12497=CARTESIAN_POINT('',(41.2321951077064,145.,16.8168744767766));
#12498=CARTESIAN_POINT('',(15.1215678630396,145.,7.26537086833445));
#12499=CARTESIAN_POINT('',(41.2321951077064,-91.3747025381523,16.8168744767766));
#12500=CARTESIAN_POINT('Origin',(41.2321951077064,-91.3747025381523,16.8168744767766));
#12501=CARTESIAN_POINT('',(41.4376536913799,145.,16.2552191906106));
#12502=CARTESIAN_POINT('',(48.0452448300683,145.,-1.80773260003357));
#12503=CARTESIAN_POINT('',(41.4376536913799,-91.3747025381523,16.2552191906106));
#12504=CARTESIAN_POINT('Origin',(41.4376536913799,-91.3747025381523,16.2552191906106));
#12505=CARTESIAN_POINT('',(44.0746937544764,145.,17.2198722968824));
#12506=CARTESIAN_POINT('',(14.0085064151648,145.,6.22138902903255));
#12507=CARTESIAN_POINT('',(44.0746937544764,-91.3747025381523,17.2198722968824));
#12508=CARTESIAN_POINT('Ctrl Pts',(44.9938490666107,-91.3747025381523,17.3503080113208));
#12509=CARTESIAN_POINT('Ctrl Pts',(44.9938490666107,381.374702538152,17.3503080113208));
#12510=CARTESIAN_POINT('Ctrl Pts',(44.7940501974419,-91.3747025381523,17.3975931359457));
#12511=CARTESIAN_POINT('Ctrl Pts',(44.7940501974419,381.374702538152,17.3975931359457));
#12512=CARTESIAN_POINT('Ctrl Pts',(44.3692203069781,-91.3747025381523,17.3276127736868));
#12513=CARTESIAN_POINT('Ctrl Pts',(44.3692203069781,381.374702538152,17.3276127736868));
#12514=CARTESIAN_POINT('Ctrl Pts',(44.0746937544764,-91.3747025381523,17.2198722968824));
#12515=CARTESIAN_POINT('Ctrl Pts',(44.0746937544764,381.374702538152,17.2198722968824));
#12516=CARTESIAN_POINT('',(44.9938490666107,145.,17.3503080113208));
#12517=CARTESIAN_POINT('Ctrl Pts',(44.0746937544764,145.,17.2198722968824));
#12518=CARTESIAN_POINT('Ctrl Pts',(44.3692203069781,145.,17.3276127736868));
#12519=CARTESIAN_POINT('Ctrl Pts',(44.7940501974419,145.,17.3975931359457));
#12520=CARTESIAN_POINT('Ctrl Pts',(44.9938490666107,145.,17.3503080113208));
#12521=CARTESIAN_POINT('',(44.9938490666107,-91.3747025381523,17.3503080113208));
#12522=CARTESIAN_POINT('Ctrl Pts',(45.6266368688302,-91.3747025381523,16.6925778675342));
#12523=CARTESIAN_POINT('Ctrl Pts',(45.6266368688302,381.374702538152,16.6925778675342));
#12524=CARTESIAN_POINT('Ctrl Pts',(45.5239075769934,-91.3747025381523,16.9734055106172));
#12525=CARTESIAN_POINT('Ctrl Pts',(45.5239075769934,381.374702538152,16.9734055106172));
#12526=CARTESIAN_POINT('Ctrl Pts',(45.2064277103273,-91.3747025381523,17.2999318207122));
#12527=CARTESIAN_POINT('Ctrl Pts',(45.2064277103273,381.374702538152,17.2999318207122));
#12528=CARTESIAN_POINT('Ctrl Pts',(44.9938490666107,-91.3747025381523,17.3503080113208));
#12529=CARTESIAN_POINT('Ctrl Pts',(44.9938490666107,381.374702538152,17.3503080113208));
#12530=CARTESIAN_POINT('',(45.6266368688302,145.,16.6925778675342));
#12531=CARTESIAN_POINT('Ctrl Pts',(44.9938490666107,145.,17.3503080113208));
#12532=CARTESIAN_POINT('Ctrl Pts',(45.2064277103273,145.,17.2999318207122));
#12533=CARTESIAN_POINT('Ctrl Pts',(45.5239075769934,145.,16.9734055106172));
#12534=CARTESIAN_POINT('Ctrl Pts',(45.6266368688302,145.,16.6925778675342));
#12535=CARTESIAN_POINT('',(45.6266368688302,-91.3747025381523,16.6925778675342));
#12536=CARTESIAN_POINT('Ctrl Pts',(45.568882541648,-91.3747025381523,15.7783581555269));
#12537=CARTESIAN_POINT('Ctrl Pts',(45.568882541648,381.374702538152,15.7783581555269));
#12538=CARTESIAN_POINT('Ctrl Pts',(45.6987766333985,-91.3747025381523,15.9540139703266));
#12539=CARTESIAN_POINT('Ctrl Pts',(45.6987766333985,381.374702538152,15.9540139703266));
#12540=CARTESIAN_POINT('Ctrl Pts',(45.7231021794573,-91.3747025381523,16.4288738612246));
#12541=CARTESIAN_POINT('Ctrl Pts',(45.7231021794573,381.374702538152,16.4288738612246));
#12542=CARTESIAN_POINT('Ctrl Pts',(45.6266368688302,-91.3747025381523,16.6925778675342));
#12543=CARTESIAN_POINT('Ctrl Pts',(45.6266368688302,381.374702538152,16.6925778675342));
#12544=CARTESIAN_POINT('',(45.568882541648,145.,15.7783581555269));
#12545=CARTESIAN_POINT('Ctrl Pts',(45.6266368688302,145.,16.6925778675342));
#12546=CARTESIAN_POINT('Ctrl Pts',(45.7231021794573,145.,16.4288738612246));
#12547=CARTESIAN_POINT('Ctrl Pts',(45.6987766333985,145.,15.9540139703266));
#12548=CARTESIAN_POINT('Ctrl Pts',(45.568882541648,145.,15.7783581555269));
#12549=CARTESIAN_POINT('',(45.568882541648,-91.3747025381523,15.7783581555269));
#12550=CARTESIAN_POINT('Ctrl Pts',(44.796222540575,-91.3747025381523,15.2899125264611));
#12551=CARTESIAN_POINT('Ctrl Pts',(44.796222540575,381.374702538152,15.2899125264611));
#12552=CARTESIAN_POINT('Ctrl Pts',(45.0804749110127,-91.3747025381523,15.3938946145397));
#12553=CARTESIAN_POINT('Ctrl Pts',(45.0804749110127,381.374702538152,15.3938946145397));
#12554=CARTESIAN_POINT('Ctrl Pts',(45.4467570394778,-91.3747025381523,15.6133101841623));
#12555=CARTESIAN_POINT('Ctrl Pts',(45.4467570394778,381.374702538152,15.6133101841623));
#12556=CARTESIAN_POINT('Ctrl Pts',(45.568882541648,-91.3747025381523,15.7783581555269));
#12557=CARTESIAN_POINT('Ctrl Pts',(45.568882541648,381.374702538152,15.7783581555269));
#12558=CARTESIAN_POINT('Ctrl Pts',(45.568882541648,145.,15.7783581555269));
#12559=CARTESIAN_POINT('Ctrl Pts',(45.4467570394778,145.,15.6133101841623));
#12560=CARTESIAN_POINT('Ctrl Pts',(45.0804749110127,145.,15.3938946145397));
#12561=CARTESIAN_POINT('Ctrl Pts',(44.796222540575,145.,15.2899125264611));
#12562=CARTESIAN_POINT('Origin',(46.7371571658481,-91.3747025381523,2.74876293265999));
#12563=CARTESIAN_POINT('',(46.7371571658481,145.,2.74876293265999));
#12564=CARTESIAN_POINT('',(46.554719894554,145.,4.80836474511531));
#12565=CARTESIAN_POINT('',(48.4557814078114,145.,-16.653421602158));
#12566=CARTESIAN_POINT('',(46.7371571658481,144.,2.74876293265999));
#12567=CARTESIAN_POINT('',(46.7371571658481,-91.3747025381523,2.74876293265999));
#12568=CARTESIAN_POINT('',(46.554719894554,144.,4.80836474511531));
#12569=CARTESIAN_POINT('',(48.4557814078114,144.,-16.653421602158));
#12570=CARTESIAN_POINT('',(46.554719894554,-91.3747025381523,4.80836474511531));
#12571=CARTESIAN_POINT('Origin',(46.2068187802776,-91.3747025381523,2.7017861396989));
#12572=CARTESIAN_POINT('',(46.2068187802776,145.,2.7017861396989));
#12573=CARTESIAN_POINT('',(21.3847851481756,145.,0.503077604667683));
#12574=CARTESIAN_POINT('',(46.2068187802776,144.,2.7017861396989));
#12575=CARTESIAN_POINT('',(46.2068187802776,-91.3747025381523,2.7017861396989));
#12576=CARTESIAN_POINT('',(21.3847851481756,144.,0.503077604667683));
#12577=CARTESIAN_POINT('Origin',(46.0243815089835,-91.3747025381523,4.76138795215422));
#12578=CARTESIAN_POINT('',(46.0243815089835,145.,4.76138795215422));
#12579=CARTESIAN_POINT('',(47.8342243865939,145.,-15.6705974888914));
#12580=CARTESIAN_POINT('',(46.0243815089835,144.,4.76138795215422));
#12581=CARTESIAN_POINT('',(46.0243815089835,-91.3747025381523,4.76138795215422));
#12582=CARTESIAN_POINT('',(47.8342243865939,144.,-15.6705974888914));
#12583=CARTESIAN_POINT('Origin',(44.7966118218408,-91.3747025381523,4.65263345886072));
#12584=CARTESIAN_POINT('',(44.7966118218408,145.,4.65263345886072));
#12585=CARTESIAN_POINT('',(20.58846303331,145.,2.50830217047603));
#12586=CARTESIAN_POINT('',(44.7966118218408,144.,4.65263345886072));
#12587=CARTESIAN_POINT('',(44.7966118218408,-91.3747025381523,4.65263345886072));
#12588=CARTESIAN_POINT('',(20.58846303331,144.,2.50830217047602));
#12589=CARTESIAN_POINT('Origin',(44.9922412062267,-91.3747025381523,2.44410100388216));
#12590=CARTESIAN_POINT('',(44.9922412062267,145.,2.44410100388216));
#12591=CARTESIAN_POINT('',(46.7042693916442,145.,-16.8836182096742));
#12592=CARTESIAN_POINT('',(44.9922412062267,144.,2.44410100388216));
#12593=CARTESIAN_POINT('',(44.9922412062267,-91.3747025381523,2.44410100388216));
#12594=CARTESIAN_POINT('',(46.7042693916442,144.,-16.8836182096742));
#12595=CARTESIAN_POINT('Origin',(44.4619028206562,-91.3747025381523,2.39712421092107));
#12596=CARTESIAN_POINT('',(44.4619028206562,145.,2.39712421092107));
#12597=CARTESIAN_POINT('',(20.5189232249109,145.,0.276281319017186));
#12598=CARTESIAN_POINT('',(44.4619028206562,144.,2.39712421092107));
#12599=CARTESIAN_POINT('',(44.4619028206562,-91.3747025381523,2.39712421092107));
#12600=CARTESIAN_POINT('',(20.5189232249109,144.,0.276281319017186));
#12601=CARTESIAN_POINT('Origin',(44.213504983903,-91.3747025381523,5.20137923599252));
#12602=CARTESIAN_POINT('',(44.213504983903,145.,5.20137923599252));
#12603=CARTESIAN_POINT('',(46.049732087697,145.,-15.5284674900996));
#12604=CARTESIAN_POINT('',(44.213504983903,144.,5.20137923599252));
#12605=CARTESIAN_POINT('',(44.213504983903,-91.3747025381523,5.20137923599252));
#12606=CARTESIAN_POINT('',(46.049732087697,144.,-15.5284674900996));
#12607=CARTESIAN_POINT('Origin',(48.6959540783825,-91.3747025381523,5.59842966417056));
#12608=CARTESIAN_POINT('',(48.6959540783825,145.,5.59842966417056));
#12609=CARTESIAN_POINT('',(22.5117499353973,145.,3.27906155817744));
#12610=CARTESIAN_POINT('',(48.6959540783825,144.,5.59842966417056));
#12611=CARTESIAN_POINT('',(48.6959540783825,-91.3747025381523,5.59842966417056));
#12612=CARTESIAN_POINT('',(22.5117499353973,144.,3.27906155817744));
#12613=CARTESIAN_POINT('Origin',(48.9443519151357,-91.3747025381523,2.79417463909911));
#12614=CARTESIAN_POINT('',(48.9443519151357,145.,2.79417463909911));
#12615=CARTESIAN_POINT('',(50.6563801005531,145.,-16.5335445744573));
#12616=CARTESIAN_POINT('',(48.9443519151357,144.,2.79417463909911));
#12617=CARTESIAN_POINT('',(48.9443519151357,-91.3747025381523,2.79417463909911));
#12618=CARTESIAN_POINT('',(50.6563801005531,144.,-16.5335445744573));
#12619=CARTESIAN_POINT('Origin',(48.4140135295652,-91.3747025381523,2.74719784613802));
#12620=CARTESIAN_POINT('',(48.4140135295652,145.,2.74719784613802));
#12621=CARTESIAN_POINT('',(22.4949785793653,145.,0.451318136625638));
#12622=CARTESIAN_POINT('',(48.4140135295652,144.,2.74719784613802));
#12623=CARTESIAN_POINT('',(48.4140135295652,-91.3747025381523,2.74719784613802));
#12624=CARTESIAN_POINT('',(22.4949785793653,144.,0.451318136625638));
#12625=CARTESIAN_POINT('Origin',(48.2183841451793,-91.3747025381523,4.95573030111657));
#12626=CARTESIAN_POINT('',(48.2183841451793,145.,4.95573030111657));
#12627=CARTESIAN_POINT('',(50.0282270227896,145.,-15.4762551399291));
#12628=CARTESIAN_POINT('',(48.2183841451793,144.,4.95573030111657));
#12629=CARTESIAN_POINT('',(48.2183841451793,-91.3747025381523,4.95573030111657));
#12630=CARTESIAN_POINT('',(50.0282270227896,144.,-15.4762551399291));
#12631=CARTESIAN_POINT('Origin',(46.554719894554,-91.3747025381523,4.80836474511531));
#12632=CARTESIAN_POINT('',(21.4675170696665,145.,2.58616781360321));
#12633=CARTESIAN_POINT('',(21.4675170696665,144.,2.5861678136032));
#12634=CARTESIAN_POINT('Origin',(0.,144.,-40.5));
#12635=CARTESIAN_POINT('Origin',(0.,144.,-40.5));
#12636=CARTESIAN_POINT('',(47.6814551286914,144.,8.8825630271239));
#12637=CARTESIAN_POINT('',(45.8772913333577,144.,9.16103963437102));
#12638=CARTESIAN_POINT('Ctrl Pts',(47.6814551286914,144.,8.8825630271239));
#12639=CARTESIAN_POINT('Ctrl Pts',(47.4605452201782,144.,9.02881610234118));
#12640=CARTESIAN_POINT('Ctrl Pts',(47.1982011845067,144.,9.12705286664642));
#12641=CARTESIAN_POINT('Ctrl Pts',(46.8944230216769,144.,9.17727332003963));
#12642=CARTESIAN_POINT('Ctrl Pts',(46.5906448588471,144.,9.22749377343284));
#12643=CARTESIAN_POINT('Ctrl Pts',(46.2516009627407,144.,9.22208254487664));
#12644=CARTESIAN_POINT('Ctrl Pts',(45.8772913333577,144.,9.16103963437102));
#12645=CARTESIAN_POINT('',(48.4975339309104,144.,7.54879407170885));
#12646=CARTESIAN_POINT('Ctrl Pts',(48.4975339309104,144.,7.54879407170885));
#12647=CARTESIAN_POINT('Ctrl Pts',(48.4505778459061,144.,7.83672455584967));
#12648=CARTESIAN_POINT('Ctrl Pts',(48.3586530232555,144.,8.09453655916015));
#12649=CARTESIAN_POINT('Ctrl Pts',(48.2217594629584,144.,8.32223008164029));
#12650=CARTESIAN_POINT('Ctrl Pts',(48.0848659026614,144.,8.54992360412044));
#12651=CARTESIAN_POINT('Ctrl Pts',(47.9047644579057,144.,8.73670125261497));
#12652=CARTESIAN_POINT('Ctrl Pts',(47.6814551286914,144.,8.8825630271239));
#12653=CARTESIAN_POINT('',(48.497094446809,144.,6.73585500206968));
#12654=CARTESIAN_POINT('Ctrl Pts',(48.497094446809,144.,6.73585500206968));
#12655=CARTESIAN_POINT('Ctrl Pts',(48.5191537811781,144.,6.87246713268368));
#12656=CARTESIAN_POINT('Ctrl Pts',(48.5319809252255,144.,6.99772072730534));
#12657=CARTESIAN_POINT('Ctrl Pts',(48.5355758789511,144.,7.11161578593465));
#12658=CARTESIAN_POINT('Ctrl Pts',(48.5391708326767,144.,7.22551084456395));
#12659=CARTESIAN_POINT('Ctrl Pts',(48.5264901833298,144.,7.37123693982202));
#12660=CARTESIAN_POINT('Ctrl Pts',(48.4975339309104,144.,7.54879407170885));
#12661=CARTESIAN_POINT('',(48.3414152474446,144.,6.10451093520222));
#12662=CARTESIAN_POINT('Ctrl Pts',(48.3414152474446,144.,6.10451093520222));
#12663=CARTESIAN_POINT('Ctrl Pts',(48.3709609117238,144.,6.21032189740935));
#12664=CARTESIAN_POINT('Ctrl Pts',(48.399685262248,144.,6.30984083233228));
#12665=CARTESIAN_POINT('Ctrl Pts',(48.4275882990172,144.,6.40306773997098));
#12666=CARTESIAN_POINT('Ctrl Pts',(48.4554913357864,144.,6.49629464760969));
#12667=CARTESIAN_POINT('Ctrl Pts',(48.478660051717,144.,6.60722373497592));
#12668=CARTESIAN_POINT('Ctrl Pts',(48.497094446809,144.,6.73585500206968));
#12669=CARTESIAN_POINT('',(47.6359855612996,144.,5.98946852694164));
#12670=CARTESIAN_POINT('',(20.742458021446,144.,1.60363640848566));
#12671=CARTESIAN_POINT('',(47.628942148549,144.,6.03265809956277));
#12672=CARTESIAN_POINT('',(50.7079986141282,144.,-12.8478388317624));
#12673=CARTESIAN_POINT('',(47.9083655334786,144.,6.56225242253619));
#12674=CARTESIAN_POINT('Ctrl Pts',(47.9083655334786,144.,6.56225242253619));
#12675=CARTESIAN_POINT('Ctrl Pts',(47.8635891271248,144.,6.44410467256578));
#12676=CARTESIAN_POINT('Ctrl Pts',(47.8153630313472,144.,6.33955794127294));
#12677=CARTESIAN_POINT('Ctrl Pts',(47.7636872461458,144.,6.24861222865766));
#12678=CARTESIAN_POINT('Ctrl Pts',(47.7120114609445,144.,6.15766651604237));
#12679=CARTESIAN_POINT('Ctrl Pts',(47.6670964284122,144.,6.08568180634408));
#12680=CARTESIAN_POINT('Ctrl Pts',(47.628942148549,144.,6.03265809956277));
#12681=CARTESIAN_POINT('',(47.9876312236856,144.,7.45824875872266));
#12682=CARTESIAN_POINT('Ctrl Pts',(47.9876312236856,144.,7.45824875872266));
#12683=CARTESIAN_POINT('Ctrl Pts',(48.0154135739798,144.,7.28788988893935));
#12684=CARTESIAN_POINT('Ctrl Pts',(48.0201466644198,144.,7.12670409663896));
#12685=CARTESIAN_POINT('Ctrl Pts',(48.0018304950057,144.,6.97469138182151));
#12686=CARTESIAN_POINT('Ctrl Pts',(47.9835143255915,144.,6.82267866700406));
#12687=CARTESIAN_POINT('Ctrl Pts',(47.9523593384158,144.,6.68519901390895));
#12688=CARTESIAN_POINT('Ctrl Pts',(47.9083655334786,144.,6.56225242253619));
#12689=CARTESIAN_POINT('',(47.3870482684921,144.,8.35422003095202));
#12690=CARTESIAN_POINT('Ctrl Pts',(47.3870482684921,144.,8.35422003095202));
#12691=CARTESIAN_POINT('Ctrl Pts',(47.5537605680989,144.,8.25331949770153));
#12692=CARTESIAN_POINT('Ctrl Pts',(47.6879054383863,144.,8.12555452269023));
#12693=CARTESIAN_POINT('Ctrl Pts',(47.7894828793543,144.,7.97092510591812));
#12694=CARTESIAN_POINT('Ctrl Pts',(47.8910603203224,144.,7.81629568914601));
#12695=CARTESIAN_POINT('Ctrl Pts',(47.9571097684328,144.,7.64540357341419));
#12696=CARTESIAN_POINT('Ctrl Pts',(47.9876312236856,144.,7.45824875872266));
#12697=CARTESIAN_POINT('',(45.9776599650544,144.,8.54558822452003));
#12698=CARTESIAN_POINT('Ctrl Pts',(45.9776599650544,144.,8.54558822452003));
#12699=CARTESIAN_POINT('Ctrl Pts',(46.2823863941034,144.,8.59528341448294));
#12700=CARTESIAN_POINT('Ctrl Pts',(46.5504904415092,144.,8.60144185117939));
#12701=CARTESIAN_POINT('Ctrl Pts',(46.7819721072719,144.,8.56406353460939));
#12702=CARTESIAN_POINT('Ctrl Pts',(47.0134537730345,144.,8.5266852180394));
#12703=CARTESIAN_POINT('Ctrl Pts',(47.2151458267746,144.,8.45673738348694));
#12704=CARTESIAN_POINT('Ctrl Pts',(47.3870482684921,144.,8.35422003095202));
#12705=CARTESIAN_POINT('',(44.6997486996288,144.,7.93075106249378));
#12706=CARTESIAN_POINT('Ctrl Pts',(44.6997486996288,144.,7.93075106249378));
#12707=CARTESIAN_POINT('Ctrl Pts',(44.8305645669675,144.,8.08017288358207));
#12708=CARTESIAN_POINT('Ctrl Pts',(45.0048709788465,144.,8.20836000311786));
#12709=CARTESIAN_POINT('Ctrl Pts',(45.2226679352659,144.,8.31531242110116));
#12710=CARTESIAN_POINT('Ctrl Pts',(45.4404648916853,144.,8.42226483908446));
#12711=CARTESIAN_POINT('Ctrl Pts',(45.6921289016148,144.,8.49902344022409));
#12712=CARTESIAN_POINT('Ctrl Pts',(45.9776599650544,144.,8.54558822452003));
#12713=CARTESIAN_POINT('',(44.4028966961325,144.,6.8736455004189));
#12714=CARTESIAN_POINT('Ctrl Pts',(44.4028966961325,144.,6.8736455004189));
#12715=CARTESIAN_POINT('Ctrl Pts',(44.3719839401713,144.,7.0631997358116));
#12716=CARTESIAN_POINT('Ctrl Pts',(44.3817247986148,144.,7.24891506973532));
#12717=CARTESIAN_POINT('Ctrl Pts',(44.4321192714629,144.,7.43079150219005));
#12718=CARTESIAN_POINT('Ctrl Pts',(44.482513744311,144.,7.61266793464478));
#12719=CARTESIAN_POINT('Ctrl Pts',(44.5717235536996,144.,7.77932112141269));
#12720=CARTESIAN_POINT('Ctrl Pts',(44.6997486996288,144.,7.93075106249378));
#12721=CARTESIAN_POINT('',(44.7502441725737,144.,6.08047547120475));
#12722=CARTESIAN_POINT('Ctrl Pts',(44.7502441725737,144.,6.08047547120475));
#12723=CARTESIAN_POINT('Ctrl Pts',(44.6367056936902,144.,6.22468809523408));
#12724=CARTESIAN_POINT('Ctrl Pts',(44.5698945440143,144.,6.35669928724496));
#12725=CARTESIAN_POINT('Ctrl Pts',(44.4693414340413,144.,6.56452372722062));
#12726=CARTESIAN_POINT('Ctrl Pts',(44.4279213036965,144.,6.72019686068089));
#12727=CARTESIAN_POINT('Ctrl Pts',(44.4028966961325,144.,6.8736455004189));
#12728=CARTESIAN_POINT('',(45.2025408686001,144.,5.64065221445315));
#12729=CARTESIAN_POINT('Ctrl Pts',(45.2025408686001,144.,5.64065221445315));
#12730=CARTESIAN_POINT('Ctrl Pts',(45.1459438389925,144.,5.68561345571158));
#12731=CARTESIAN_POINT('Ctrl Pts',(45.07740132233,144.,5.74340601834357));
#12732=CARTESIAN_POINT('Ctrl Pts',(44.9969133186126,144.,5.81402990234912));
#12733=CARTESIAN_POINT('Ctrl Pts',(44.9164253148951,144.,5.88465378635467));
#12734=CARTESIAN_POINT('Ctrl Pts',(44.8342022662155,144.,5.97346897597322));
#12735=CARTESIAN_POINT('Ctrl Pts',(44.7502441725737,144.,6.08047547120475));
#12736=CARTESIAN_POINT('',(45.2101712324133,144.,5.59386351078025));
#12737=CARTESIAN_POINT('',(48.2857059916193,144.,-13.2650386342302));
#12738=CARTESIAN_POINT('',(44.4975432841647,144.,5.47764720039456));
#12739=CARTESIAN_POINT('',(19.1732368828786,144.,1.34772574521216));
#12740=CARTESIAN_POINT('',(44.1421458741792,144.,6.02564421637935));
#12741=CARTESIAN_POINT('Ctrl Pts',(44.1421458741792,144.,6.02564421637935));
#12742=CARTESIAN_POINT('Ctrl Pts',(44.2078446581413,144.,5.89817231536365));
#12743=CARTESIAN_POINT('Ctrl Pts',(44.2719953523379,144.,5.79856478580888));
#12744=CARTESIAN_POINT('Ctrl Pts',(44.3647015516376,144.,5.65737316414216));
#12745=CARTESIAN_POINT('Ctrl Pts',(44.4295330381247,144.,5.56634496266144));
#12746=CARTESIAN_POINT('Ctrl Pts',(44.4975432841647,144.,5.47764720039456));
#12747=CARTESIAN_POINT('',(43.8996052999486,144.,6.78787322060958));
#12748=CARTESIAN_POINT('Ctrl Pts',(43.8996052999486,144.,6.78787322060958));
#12749=CARTESIAN_POINT('Ctrl Pts',(43.9238659438675,144.,6.63910913713683));
#12750=CARTESIAN_POINT('Ctrl Pts',(43.9574566032853,144.,6.50110373448114));
#12751=CARTESIAN_POINT('Ctrl Pts',(44.000377278202,144.,6.37385701264251));
#12752=CARTESIAN_POINT('Ctrl Pts',(44.0432979531187,144.,6.24661029080388));
#12753=CARTESIAN_POINT('Ctrl Pts',(44.0905541517777,144.,6.13053935871616));
#12754=CARTESIAN_POINT('Ctrl Pts',(44.1421458741792,144.,6.02564421637935));
#12755=CARTESIAN_POINT('',(44.2760902026637,144.,8.33090645299959));
#12756=CARTESIAN_POINT('Ctrl Pts',(44.2760902026637,144.,8.33090645299959));
#12757=CARTESIAN_POINT('Ctrl Pts',(44.1058945368856,144.,8.1208713623181));
#12758=CARTESIAN_POINT('Ctrl Pts',(43.9883699895187,144.,7.88617228116107));
#12759=CARTESIAN_POINT('Ctrl Pts',(43.923516560563,144.,7.62680920952848));
#12760=CARTESIAN_POINT('Ctrl Pts',(43.8586631316072,144.,7.3674461378959));
#12761=CARTESIAN_POINT('Ctrl Pts',(43.8506927114025,144.,7.08780080825627));
#12762=CARTESIAN_POINT('Ctrl Pts',(43.8996052999486,144.,6.78787322060958));
#12763=CARTESIAN_POINT('Ctrl Pts',(45.8772913333577,144.,9.16103963437102));
#12764=CARTESIAN_POINT('Ctrl Pts',(45.5053811246758,144.,9.10038802457378));
#12765=CARTESIAN_POINT('Ctrl Pts',(45.1891875190077,144.,9.00017387009574));
#12766=CARTESIAN_POINT('Ctrl Pts',(44.9287105163533,144.,8.86039717093692));
#12767=CARTESIAN_POINT('Ctrl Pts',(44.6682335136989,144.,8.72062047177809));
#12768=CARTESIAN_POINT('Ctrl Pts',(44.4506934091357,144.,8.54412356579898));
#12769=CARTESIAN_POINT('Ctrl Pts',(44.2760902026637,144.,8.33090645299959));
#12770=CARTESIAN_POINT('Ctrl Pts',(47.3870482684921,-91.3747025381523,8.35422003095202));
#12771=CARTESIAN_POINT('Ctrl Pts',(47.3870482684921,381.374702538152,8.35422003095202));
#12772=CARTESIAN_POINT('Ctrl Pts',(47.1291946059158,-91.3747025381523,8.5079960597544));
#12773=CARTESIAN_POINT('Ctrl Pts',(47.1291946059158,381.374702538152,8.5079960597544));
#12774=CARTESIAN_POINT('Ctrl Pts',(46.4347496086279,-91.3747025381523,8.62013100946439));
#12775=CARTESIAN_POINT('Ctrl Pts',(46.4347496086279,381.374702538152,8.62013100946439));
#12776=CARTESIAN_POINT('Ctrl Pts',(45.9776599650544,-91.3747025381523,8.54558822452003));
#12777=CARTESIAN_POINT('Ctrl Pts',(45.9776599650544,381.374702538152,8.54558822452003));
#12778=CARTESIAN_POINT('',(45.9776599650544,145.,8.54558822452003));
#12779=CARTESIAN_POINT('',(47.3870482684921,145.,8.35422003095202));
#12780=CARTESIAN_POINT('Ctrl Pts',(45.9776599650544,145.,8.54558822452003));
#12781=CARTESIAN_POINT('Ctrl Pts',(46.4347496086279,145.,8.62013100946439));
#12782=CARTESIAN_POINT('Ctrl Pts',(47.1291946059158,145.,8.5079960597544));
#12783=CARTESIAN_POINT('Ctrl Pts',(47.3870482684921,145.,8.35422003095202));
#12784=CARTESIAN_POINT('',(45.9776599650544,-91.3747025381523,8.54558822452003));
#12785=CARTESIAN_POINT('',(47.3870482684921,-91.3747025381523,8.35422003095202));
#12786=CARTESIAN_POINT('Ctrl Pts',(47.9876312236856,-91.3747025381523,7.45824875872266));
#12787=CARTESIAN_POINT('Ctrl Pts',(47.9876312236856,381.374702538152,7.45824875872266));
#12788=CARTESIAN_POINT('Ctrl Pts',(47.9418490408064,-91.3747025381523,7.73898098075996));
#12789=CARTESIAN_POINT('Ctrl Pts',(47.9418490408064,381.374702538152,7.73898098075996));
#12790=CARTESIAN_POINT('Ctrl Pts',(47.6371167179023,-91.3747025381523,8.20286923107628));
#12791=CARTESIAN_POINT('Ctrl Pts',(47.6371167179023,381.374702538152,8.20286923107628));
#12792=CARTESIAN_POINT('Ctrl Pts',(47.3870482684921,-91.3747025381523,8.35422003095202));
#12793=CARTESIAN_POINT('Ctrl Pts',(47.3870482684921,381.374702538152,8.35422003095202));
#12794=CARTESIAN_POINT('',(47.9876312236856,145.,7.45824875872266));
#12795=CARTESIAN_POINT('Ctrl Pts',(47.3870482684921,145.,8.35422003095202));
#12796=CARTESIAN_POINT('Ctrl Pts',(47.6371167179023,145.,8.20286923107628));
#12797=CARTESIAN_POINT('Ctrl Pts',(47.9418490408064,145.,7.73898098075996));
#12798=CARTESIAN_POINT('Ctrl Pts',(47.9876312236856,145.,7.45824875872266));
#12799=CARTESIAN_POINT('',(47.9876312236856,-91.3747025381523,7.45824875872266));
#12800=CARTESIAN_POINT('Ctrl Pts',(47.9083655334786,-91.3747025381523,6.56225242253619));
#12801=CARTESIAN_POINT('Ctrl Pts',(47.9083655334786,381.374702538152,6.56225242253619));
#12802=CARTESIAN_POINT('Ctrl Pts',(47.9743562408844,-91.3747025381523,6.74667230959533));
#12803=CARTESIAN_POINT('Ctrl Pts',(47.9743562408844,381.374702538152,6.74667230959533));
#12804=CARTESIAN_POINT('Ctrl Pts',(48.029304749127,-91.3747025381523,7.20271045404769));
#12805=CARTESIAN_POINT('Ctrl Pts',(48.029304749127,381.374702538152,7.20271045404769));
#12806=CARTESIAN_POINT('Ctrl Pts',(47.9876312236856,-91.3747025381523,7.45824875872266));
#12807=CARTESIAN_POINT('Ctrl Pts',(47.9876312236856,381.374702538152,7.45824875872266));
#12808=CARTESIAN_POINT('',(47.9083655334786,145.,6.56225242253619));
#12809=CARTESIAN_POINT('Ctrl Pts',(47.9876312236856,145.,7.45824875872266));
#12810=CARTESIAN_POINT('Ctrl Pts',(48.029304749127,145.,7.20271045404769));
#12811=CARTESIAN_POINT('Ctrl Pts',(47.9743562408844,145.,6.74667230959533));
#12812=CARTESIAN_POINT('Ctrl Pts',(47.9083655334786,145.,6.56225242253619));
#12813=CARTESIAN_POINT('',(47.9083655334786,-91.3747025381523,6.56225242253619));
#12814=CARTESIAN_POINT('Ctrl Pts',(47.628942148549,-91.3747025381523,6.03265809956277));
#12815=CARTESIAN_POINT('Ctrl Pts',(47.628942148549,381.374702538152,6.03265809956277));
#12816=CARTESIAN_POINT('Ctrl Pts',(47.6861735683439,-91.3747025381523,6.11219365973473));
#12817=CARTESIAN_POINT('Ctrl Pts',(47.6861735683439,381.374702538152,6.11219365973473));
#12818=CARTESIAN_POINT('Ctrl Pts',(47.8412009239478,-91.3747025381523,6.38503079758058));
#12819=CARTESIAN_POINT('Ctrl Pts',(47.8412009239478,381.374702538152,6.38503079758058));
#12820=CARTESIAN_POINT('Ctrl Pts',(47.9083655334786,-91.3747025381523,6.56225242253619));
#12821=CARTESIAN_POINT('Ctrl Pts',(47.9083655334786,381.374702538152,6.56225242253619));
#12822=CARTESIAN_POINT('',(47.628942148549,145.,6.03265809956277));
#12823=CARTESIAN_POINT('Ctrl Pts',(47.9083655334786,145.,6.56225242253619));
#12824=CARTESIAN_POINT('Ctrl Pts',(47.8412009239478,145.,6.38503079758058));
#12825=CARTESIAN_POINT('Ctrl Pts',(47.6861735683439,145.,6.11219365973473));
#12826=CARTESIAN_POINT('Ctrl Pts',(47.628942148549,145.,6.03265809956277));
#12827=CARTESIAN_POINT('',(47.628942148549,-91.3747025381523,6.03265809956277));
#12828=CARTESIAN_POINT('Origin',(47.628942148549,-91.3747025381523,6.03265809956277));
#12829=CARTESIAN_POINT('',(47.6359855612996,145.,5.98946852694164));
#12830=CARTESIAN_POINT('',(50.7079986141282,145.,-12.8478388317624));
#12831=CARTESIAN_POINT('',(47.6359855612996,-91.3747025381523,5.98946852694164));
#12832=CARTESIAN_POINT('Origin',(47.6359855612996,-91.3747025381523,5.98946852694164));
#12833=CARTESIAN_POINT('',(48.3414152474446,145.,6.10451093520222));
#12834=CARTESIAN_POINT('',(20.742458021446,145.,1.60363640848567));
#12835=CARTESIAN_POINT('',(48.3414152474446,-91.3747025381523,6.10451093520222));
#12836=CARTESIAN_POINT('Ctrl Pts',(48.497094446809,-91.3747025381523,6.73585500206968));
#12837=CARTESIAN_POINT('Ctrl Pts',(48.497094446809,381.374702538152,6.73585500206968));
#12838=CARTESIAN_POINT('Ctrl Pts',(48.4694428541711,-91.3747025381523,6.54290810142904));
#12839=CARTESIAN_POINT('Ctrl Pts',(48.4694428541711,381.374702538152,6.54290810142904));
#12840=CARTESIAN_POINT('Ctrl Pts',(48.3857337438633,-91.3747025381523,6.26322737851292));
#12841=CARTESIAN_POINT('Ctrl Pts',(48.3857337438633,381.374702538152,6.26322737851292));
#12842=CARTESIAN_POINT('Ctrl Pts',(48.3414152474446,-91.3747025381523,6.10451093520222));
#12843=CARTESIAN_POINT('Ctrl Pts',(48.3414152474446,381.374702538152,6.10451093520222));
#12844=CARTESIAN_POINT('',(48.497094446809,145.,6.73585500206968));
#12845=CARTESIAN_POINT('Ctrl Pts',(48.3414152474446,145.,6.10451093520222));
#12846=CARTESIAN_POINT('Ctrl Pts',(48.3857337438633,145.,6.26322737851292));
#12847=CARTESIAN_POINT('Ctrl Pts',(48.4694428541711,145.,6.54290810142904));
#12848=CARTESIAN_POINT('Ctrl Pts',(48.497094446809,145.,6.73585500206968));
#12849=CARTESIAN_POINT('',(48.497094446809,-91.3747025381523,6.73585500206968));
#12850=CARTESIAN_POINT('Ctrl Pts',(48.4975339309104,-91.3747025381523,7.54879407170885));
#12851=CARTESIAN_POINT('Ctrl Pts',(48.4975339309104,381.374702538152,7.54879407170885));
#12852=CARTESIAN_POINT('Ctrl Pts',(48.5409683095394,-91.3747025381523,7.28245837387861));
#12853=CARTESIAN_POINT('Ctrl Pts',(48.5409683095394,381.374702538152,7.28245837387861));
#12854=CARTESIAN_POINT('Ctrl Pts',(48.5301834483627,-91.3747025381523,6.94077319799069));
#12855=CARTESIAN_POINT('Ctrl Pts',(48.5301834483627,381.374702538152,6.94077319799069));
#12856=CARTESIAN_POINT('Ctrl Pts',(48.497094446809,-91.3747025381523,6.73585500206968));
#12857=CARTESIAN_POINT('Ctrl Pts',(48.497094446809,381.374702538152,6.73585500206968));
#12858=CARTESIAN_POINT('',(48.4975339309104,145.,7.54879407170885));
#12859=CARTESIAN_POINT('Ctrl Pts',(48.497094446809,145.,6.73585500206968));
#12860=CARTESIAN_POINT('Ctrl Pts',(48.5301834483627,145.,6.94077319799069));
#12861=CARTESIAN_POINT('Ctrl Pts',(48.5409683095394,145.,7.28245837387861));
#12862=CARTESIAN_POINT('Ctrl Pts',(48.4975339309104,145.,7.54879407170885));
#12863=CARTESIAN_POINT('',(48.4975339309104,-91.3747025381523,7.54879407170885));
#12864=CARTESIAN_POINT('Ctrl Pts',(47.6814551286914,-91.3747025381523,8.8825630271239));
#12865=CARTESIAN_POINT('Ctrl Pts',(47.6814551286914,381.374702538152,8.8825630271239));
#12866=CARTESIAN_POINT('Ctrl Pts',(48.0164191225129,-91.3747025381523,8.66377036536051));
#12867=CARTESIAN_POINT('Ctrl Pts',(48.0164191225129,381.374702538152,8.66377036536051));
#12868=CARTESIAN_POINT('Ctrl Pts',(48.427099803404,-91.3747025381523,7.98068979792007));
#12869=CARTESIAN_POINT('Ctrl Pts',(48.427099803404,381.374702538152,7.98068979792007));
#12870=CARTESIAN_POINT('Ctrl Pts',(48.4975339309104,-91.3747025381523,7.54879407170885));
#12871=CARTESIAN_POINT('Ctrl Pts',(48.4975339309104,381.374702538152,7.54879407170885));
#12872=CARTESIAN_POINT('',(47.6814551286914,145.,8.8825630271239));
#12873=CARTESIAN_POINT('Ctrl Pts',(48.4975339309104,145.,7.54879407170885));
#12874=CARTESIAN_POINT('Ctrl Pts',(48.427099803404,145.,7.98068979792007));
#12875=CARTESIAN_POINT('Ctrl Pts',(48.0164191225129,145.,8.66377036536051));
#12876=CARTESIAN_POINT('Ctrl Pts',(47.6814551286914,145.,8.8825630271239));
#12877=CARTESIAN_POINT('',(47.6814551286914,-91.3747025381523,8.8825630271239));
#12878=CARTESIAN_POINT('Ctrl Pts',(45.8772913333577,-91.3747025381523,9.16103963437102));
#12879=CARTESIAN_POINT('Ctrl Pts',(45.8772913333577,381.374702538152,9.16103963437102));
#12880=CARTESIAN_POINT('Ctrl Pts',(46.4387557774322,-91.3747025381523,9.25260400012944));
#12881=CARTESIAN_POINT('Ctrl Pts',(46.4387557774322,381.374702538152,9.25260400012944));
#12882=CARTESIAN_POINT('Ctrl Pts',(47.3500902659216,-91.3747025381523,9.10194263994982));
#12883=CARTESIAN_POINT('Ctrl Pts',(47.3500902659216,381.374702538152,9.10194263994982));
#12884=CARTESIAN_POINT('Ctrl Pts',(47.6814551286914,-91.3747025381523,8.8825630271239));
#12885=CARTESIAN_POINT('Ctrl Pts',(47.6814551286914,381.374702538152,8.8825630271239));
#12886=CARTESIAN_POINT('',(45.8772913333577,145.,9.16103963437102));
#12887=CARTESIAN_POINT('Ctrl Pts',(47.6814551286914,145.,8.8825630271239));
#12888=CARTESIAN_POINT('Ctrl Pts',(47.3500902659216,145.,9.10194263994982));
#12889=CARTESIAN_POINT('Ctrl Pts',(46.4387557774322,145.,9.25260400012944));
#12890=CARTESIAN_POINT('Ctrl Pts',(45.8772913333577,145.,9.16103963437102));
#12891=CARTESIAN_POINT('',(45.8772913333577,-91.3747025381523,9.16103963437102));
#12892=CARTESIAN_POINT('Ctrl Pts',(44.2760902026637,-91.3747025381523,8.33090645299959));
#12893=CARTESIAN_POINT('Ctrl Pts',(44.2760902026637,381.374702538152,8.33090645299959));
#12894=CARTESIAN_POINT('Ctrl Pts',(44.5379950123718,-91.3747025381523,8.65073212219868));
#12895=CARTESIAN_POINT('Ctrl Pts',(44.5379950123718,381.374702538152,8.65073212219868));
#12896=CARTESIAN_POINT('Ctrl Pts',(45.3194260203348,-91.3747025381523,9.07006221967515));
#12897=CARTESIAN_POINT('Ctrl Pts',(45.3194260203348,381.374702538152,9.07006221967515));
#12898=CARTESIAN_POINT('Ctrl Pts',(45.8772913333577,-91.3747025381523,9.16103963437102));
#12899=CARTESIAN_POINT('Ctrl Pts',(45.8772913333577,381.374702538152,9.16103963437102));
#12900=CARTESIAN_POINT('',(44.2760902026637,145.,8.33090645299959));
#12901=CARTESIAN_POINT('Ctrl Pts',(45.8772913333577,145.,9.16103963437102));
#12902=CARTESIAN_POINT('Ctrl Pts',(45.3194260203348,145.,9.07006221967515));
#12903=CARTESIAN_POINT('Ctrl Pts',(44.5379950123718,145.,8.65073212219868));
#12904=CARTESIAN_POINT('Ctrl Pts',(44.2760902026637,145.,8.33090645299959));
#12905=CARTESIAN_POINT('',(44.2760902026637,-91.3747025381523,8.33090645299959));
#12906=CARTESIAN_POINT('Ctrl Pts',(43.8996052999486,-91.3747025381523,6.78787322060958));
#12907=CARTESIAN_POINT('Ctrl Pts',(43.8996052999486,381.374702538152,6.78787322060958));
#12908=CARTESIAN_POINT('Ctrl Pts',(43.8262364171294,-91.3747025381523,7.23776460207961));
#12909=CARTESIAN_POINT('Ctrl Pts',(43.8262364171294,381.374702538152,7.23776460207961));
#12910=CARTESIAN_POINT('Ctrl Pts',(44.0207967039966,-91.3747025381523,8.01585381697736));
#12911=CARTESIAN_POINT('Ctrl Pts',(44.0207967039966,381.374702538152,8.01585381697736));
#12912=CARTESIAN_POINT('Ctrl Pts',(44.2760902026637,-91.3747025381523,8.33090645299959));
#12913=CARTESIAN_POINT('Ctrl Pts',(44.2760902026637,381.374702538152,8.33090645299959));
#12914=CARTESIAN_POINT('',(43.8996052999486,145.,6.78787322060958));
#12915=CARTESIAN_POINT('Ctrl Pts',(44.2760902026637,145.,8.33090645299959));
#12916=CARTESIAN_POINT('Ctrl Pts',(44.0207967039966,145.,8.01585381697736));
#12917=CARTESIAN_POINT('Ctrl Pts',(43.8262364171294,145.,7.23776460207961));
#12918=CARTESIAN_POINT('Ctrl Pts',(43.8996052999486,145.,6.78787322060958));
#12919=CARTESIAN_POINT('',(43.8996052999486,-91.3747025381523,6.78787322060958));
#12920=CARTESIAN_POINT('Ctrl Pts',(44.1421458741792,-91.3747025381523,6.02564421637935));
#12921=CARTESIAN_POINT('Ctrl Pts',(44.1421458741792,381.374702538152,6.02564421637935));
#12922=CARTESIAN_POINT('Ctrl Pts',(44.064758290577,-91.3747025381523,6.18298692988456));
#12923=CARTESIAN_POINT('Ctrl Pts',(44.064758290577,381.374702538152,6.18298692988456));
#12924=CARTESIAN_POINT('Ctrl Pts',(43.935996265827,-91.3747025381523,6.56472709540045));
#12925=CARTESIAN_POINT('Ctrl Pts',(43.935996265827,381.374702538152,6.56472709540045));
#12926=CARTESIAN_POINT('Ctrl Pts',(43.8996052999486,-91.3747025381523,6.78787322060958));
#12927=CARTESIAN_POINT('Ctrl Pts',(43.8996052999486,381.374702538152,6.78787322060958));
#12928=CARTESIAN_POINT('',(44.1421458741792,145.,6.02564421637935));
#12929=CARTESIAN_POINT('Ctrl Pts',(43.8996052999486,145.,6.78787322060958));
#12930=CARTESIAN_POINT('Ctrl Pts',(43.935996265827,145.,6.56472709540045));
#12931=CARTESIAN_POINT('Ctrl Pts',(44.064758290577,145.,6.18298692988456));
#12932=CARTESIAN_POINT('Ctrl Pts',(44.1421458741792,145.,6.02564421637935));
#12933=CARTESIAN_POINT('',(44.1421458741792,-91.3747025381523,6.02564421637935));
#12934=CARTESIAN_POINT('Ctrl Pts',(44.4975432841647,-91.3747025381523,5.47764720039456));
#12935=CARTESIAN_POINT('Ctrl Pts',(44.4975432841647,381.374702538152,5.47764720039456));
#12936=CARTESIAN_POINT('Ctrl Pts',(44.3942974074613,-91.3747025381523,5.61229865014055));
#12937=CARTESIAN_POINT('Ctrl Pts',(44.3942974074613,381.374702538152,5.61229865014055));
#12938=CARTESIAN_POINT('Ctrl Pts',(44.2124126203542,-91.3747025381523,5.88930933812215));
#12939=CARTESIAN_POINT('Ctrl Pts',(44.2124126203542,381.374702538152,5.88930933812215));
#12940=CARTESIAN_POINT('Ctrl Pts',(44.1421458741792,-91.3747025381523,6.02564421637935));
#12941=CARTESIAN_POINT('Ctrl Pts',(44.1421458741792,381.374702538152,6.02564421637935));
#12942=CARTESIAN_POINT('',(44.4975432841647,145.,5.47764720039456));
#12943=CARTESIAN_POINT('Ctrl Pts',(44.1421458741792,145.,6.02564421637935));
#12944=CARTESIAN_POINT('Ctrl Pts',(44.2124126203542,145.,5.88930933812215));
#12945=CARTESIAN_POINT('Ctrl Pts',(44.3942974074613,145.,5.61229865014055));
#12946=CARTESIAN_POINT('Ctrl Pts',(44.4975432841647,145.,5.47764720039456));
#12947=CARTESIAN_POINT('',(44.4975432841647,-91.3747025381523,5.47764720039456));
#12948=CARTESIAN_POINT('Origin',(44.4975432841647,-91.3747025381523,5.47764720039456));
#12949=CARTESIAN_POINT('',(45.2101712324133,145.,5.59386351078025));
#12950=CARTESIAN_POINT('',(19.1732368828786,145.,1.34772574521216));
#12951=CARTESIAN_POINT('',(45.2101712324133,-91.3747025381523,5.59386351078025));
#12952=CARTESIAN_POINT('Origin',(45.2101712324133,-91.3747025381523,5.59386351078025));
#12953=CARTESIAN_POINT('',(45.2025408686001,145.,5.64065221445315));
#12954=CARTESIAN_POINT('',(48.2857059916193,145.,-13.2650386342302));
#12955=CARTESIAN_POINT('',(45.2025408686001,-91.3747025381523,5.64065221445315));
#12956=CARTESIAN_POINT('Ctrl Pts',(44.7502441725737,-91.3747025381523,6.08047547120475));
#12957=CARTESIAN_POINT('Ctrl Pts',(44.7502441725737,381.374702538152,6.08047547120475));
#12958=CARTESIAN_POINT('Ctrl Pts',(44.8761813130364,-91.3747025381523,5.91996572835745));
#12959=CARTESIAN_POINT('Ctrl Pts',(44.8761813130364,381.374702538152,5.91996572835745));
#12960=CARTESIAN_POINT('Ctrl Pts',(45.1176453241887,-91.3747025381523,5.70809407634079));
#12961=CARTESIAN_POINT('Ctrl Pts',(45.1176453241887,381.374702538152,5.70809407634079));
#12962=CARTESIAN_POINT('Ctrl Pts',(45.2025408686001,-91.3747025381523,5.64065221445315));
#12963=CARTESIAN_POINT('Ctrl Pts',(45.2025408686001,381.374702538152,5.64065221445315));
#12964=CARTESIAN_POINT('',(44.7502441725737,145.,6.08047547120475));
#12965=CARTESIAN_POINT('Ctrl Pts',(45.2025408686001,145.,5.64065221445315));
#12966=CARTESIAN_POINT('Ctrl Pts',(45.1176453241887,145.,5.70809407634079));
#12967=CARTESIAN_POINT('Ctrl Pts',(44.8761813130364,145.,5.91996572835745));
#12968=CARTESIAN_POINT('Ctrl Pts',(44.7502441725737,145.,6.08047547120475));
#12969=CARTESIAN_POINT('',(44.7502441725737,-91.3747025381523,6.08047547120475));
#12970=CARTESIAN_POINT('Ctrl Pts',(44.4028966961325,-91.3747025381523,6.8736455004189));
#12971=CARTESIAN_POINT('Ctrl Pts',(44.4028966961325,381.374702538152,6.8736455004189));
#12972=CARTESIAN_POINT('Ctrl Pts',(44.4451571726364,-91.3747025381523,6.61450806469217));
#12973=CARTESIAN_POINT('Ctrl Pts',(44.4451571726364,381.374702538152,6.61450806469217));
#12974=CARTESIAN_POINT('Ctrl Pts',(44.629080065288,-91.3747025381523,6.23437390301107));
#12975=CARTESIAN_POINT('Ctrl Pts',(44.629080065288,381.374702538152,6.23437390301107));
#12976=CARTESIAN_POINT('Ctrl Pts',(44.7502441725737,-91.3747025381523,6.08047547120475));
#12977=CARTESIAN_POINT('Ctrl Pts',(44.7502441725737,381.374702538152,6.08047547120475));
#12978=CARTESIAN_POINT('',(44.4028966961325,145.,6.8736455004189));
#12979=CARTESIAN_POINT('Ctrl Pts',(44.7502441725737,145.,6.08047547120475));
#12980=CARTESIAN_POINT('Ctrl Pts',(44.629080065288,145.,6.23437390301107));
#12981=CARTESIAN_POINT('Ctrl Pts',(44.4451571726364,145.,6.61450806469217));
#12982=CARTESIAN_POINT('Ctrl Pts',(44.4028966961325,145.,6.8736455004189));
#12983=CARTESIAN_POINT('',(44.4028966961325,-91.3747025381523,6.8736455004189));
#12984=CARTESIAN_POINT('Ctrl Pts',(44.6997486996288,-91.3747025381523,7.93075106249378));
#12985=CARTESIAN_POINT('Ctrl Pts',(44.6997486996288,381.374702538152,7.93075106249378));
#12986=CARTESIAN_POINT('Ctrl Pts',(44.507710980735,-91.3747025381523,7.70360615087214));
#12987=CARTESIAN_POINT('Ctrl Pts',(44.507710980735,381.374702538152,7.70360615087214));
#12988=CARTESIAN_POINT('Ctrl Pts',(44.3565275621907,-91.3747025381523,7.15797685350795));
#12989=CARTESIAN_POINT('Ctrl Pts',(44.3565275621907,381.374702538152,7.15797685350795));
#12990=CARTESIAN_POINT('Ctrl Pts',(44.4028966961325,-91.3747025381523,6.8736455004189));
#12991=CARTESIAN_POINT('Ctrl Pts',(44.4028966961325,381.374702538152,6.8736455004189));
#12992=CARTESIAN_POINT('',(44.6997486996288,145.,7.93075106249378));
#12993=CARTESIAN_POINT('Ctrl Pts',(44.4028966961325,145.,6.8736455004189));
#12994=CARTESIAN_POINT('Ctrl Pts',(44.3565275621907,145.,7.15797685350795));
#12995=CARTESIAN_POINT('Ctrl Pts',(44.507710980735,145.,7.70360615087214));
#12996=CARTESIAN_POINT('Ctrl Pts',(44.6997486996288,145.,7.93075106249378));
#12997=CARTESIAN_POINT('',(44.6997486996288,-91.3747025381523,7.93075106249378));
#12998=CARTESIAN_POINT('Ctrl Pts',(45.9776599650544,-91.3747025381523,8.54558822452003));
#12999=CARTESIAN_POINT('Ctrl Pts',(45.9776599650544,381.374702538152,8.54558822452003));
#13000=CARTESIAN_POINT('Ctrl Pts',(45.5493633698949,-91.3747025381523,8.47574104807611));
#13001=CARTESIAN_POINT('Ctrl Pts',(45.5493633698949,381.374702538152,8.47574104807611));
#13002=CARTESIAN_POINT('Ctrl Pts',(44.8959725006369,-91.3747025381523,8.15488379412621));
#13003=CARTESIAN_POINT('Ctrl Pts',(44.8959725006369,381.374702538152,8.15488379412621));
#13004=CARTESIAN_POINT('Ctrl Pts',(44.6997486996288,-91.3747025381523,7.93075106249378));
#13005=CARTESIAN_POINT('Ctrl Pts',(44.6997486996288,381.374702538152,7.93075106249378));
#13006=CARTESIAN_POINT('Ctrl Pts',(44.6997486996288,145.,7.93075106249378));
#13007=CARTESIAN_POINT('Ctrl Pts',(44.8959725006369,145.,8.15488379412621));
#13008=CARTESIAN_POINT('Ctrl Pts',(45.5493633698949,145.,8.47574104807611));
#13009=CARTESIAN_POINT('Ctrl Pts',(45.9776599650544,145.,8.54558822452003));
#13010=CARTESIAN_POINT('Origin',(44.8045757476424,-91.3747025381523,-4.87101626123581));
#13011=CARTESIAN_POINT('',(44.8045757476424,145.,-4.87101626123581));
#13012=CARTESIAN_POINT('',(44.9075020801221,145.,-3.36480444529637));
#13013=CARTESIAN_POINT('',(43.4887644700713,145.,-24.1264433815582));
#13014=CARTESIAN_POINT('',(44.8045757476424,144.,-4.87101626123581));
#13015=CARTESIAN_POINT('',(44.8045757476424,-91.3747025381523,-4.87101626123581));
#13016=CARTESIAN_POINT('',(44.9075020801221,144.,-3.36480444529637));
#13017=CARTESIAN_POINT('',(43.4887644700713,144.,-24.1264433815582));
#13018=CARTESIAN_POINT('',(44.9075020801221,-91.3747025381523,-3.36480444529637));
#13019=CARTESIAN_POINT('Origin',(44.2733995999923,-91.3747025381523,-4.8347185691053));
#13020=CARTESIAN_POINT('',(44.2733995999923,145.,-4.8347185691053));
#13021=CARTESIAN_POINT('',(23.4525110775674,145.,-3.41193216423011));
#13022=CARTESIAN_POINT('',(44.2733995999923,144.,-4.8347185691053));
#13023=CARTESIAN_POINT('',(44.2733995999923,-91.3747025381523,-4.8347185691053));
#13024=CARTESIAN_POINT('',(23.4525110775674,144.,-3.41193216423011));
#13025=CARTESIAN_POINT('Origin',(44.520025015016,-91.3747025381523,-1.22563131931806));
#13026=CARTESIAN_POINT('',(44.520025015016,145.,-1.22563131931806));
#13027=CARTESIAN_POINT('',(43.0809010299331,145.,-22.2856020645341));
#13028=CARTESIAN_POINT('',(44.520025015016,144.,-1.22563131931806));
#13029=CARTESIAN_POINT('',(44.520025015016,-91.3747025381523,-1.22563131931806));
#13030=CARTESIAN_POINT('',(43.0809010299331,144.,-22.2856020645341));
#13031=CARTESIAN_POINT('Origin',(45.0512011626661,-91.3747025381523,-1.26192901144857));
#13032=CARTESIAN_POINT('',(45.0512011626661,145.,-1.26192901144857));
#13033=CARTESIAN_POINT('',(23.9647245664161,145.,0.179006239491852));
#13034=CARTESIAN_POINT('',(45.0512011626661,144.,-1.26192901144857));
#13035=CARTESIAN_POINT('',(45.0512011626661,-91.3747025381523,-1.26192901144857));
#13036=CARTESIAN_POINT('',(23.9647245664161,144.,0.179006239491848));
#13037=CARTESIAN_POINT('Origin',(44.9482748301865,-91.3747025381523,-2.768140827388));
#13038=CARTESIAN_POINT('',(44.9482748301865,145.,-2.768140827388));
#13039=CARTESIAN_POINT('',(43.5606140113433,145.,-23.0750056646343));
#13040=CARTESIAN_POINT('',(44.9482748301865,144.,-2.768140827388));
#13041=CARTESIAN_POINT('',(44.9482748301865,-91.3747025381523,-2.768140827388));
#13042=CARTESIAN_POINT('',(43.5606140113433,144.,-23.0750056646343));
#13043=CARTESIAN_POINT('Origin',(48.9066285880176,-91.3747025381523,-3.03863321805915));
#13044=CARTESIAN_POINT('',(48.9066285880176,145.,-3.03863321805915));
#13045=CARTESIAN_POINT('',(25.8409751128519,145.,-1.46245177178325));
#13046=CARTESIAN_POINT('',(48.9066285880176,144.,-3.03863321805915));
#13047=CARTESIAN_POINT('',(48.9066285880176,-91.3747025381523,-3.03863321805915));
#13048=CARTESIAN_POINT('',(25.8409751128519,144.,-1.46245177178325));
#13049=CARTESIAN_POINT('Origin',(48.8658558379532,-91.3747025381523,-3.63529683596752));
#13050=CARTESIAN_POINT('',(48.8658558379532,145.,-3.63529683596752));
#13051=CARTESIAN_POINT('',(47.4985813941426,145.,-23.6438298642594));
#13052=CARTESIAN_POINT('',(48.8658558379532,144.,-3.63529683596752));
#13053=CARTESIAN_POINT('',(48.8658558379532,-91.3747025381523,-3.63529683596752));
#13054=CARTESIAN_POINT('',(47.4985813941426,144.,-23.6438298642594));
#13055=CARTESIAN_POINT('Origin',(44.9075020801221,-91.3747025381523,-3.36480444529637));
#13056=CARTESIAN_POINT('',(23.821025483872,145.,-1.92386919435604));
#13057=CARTESIAN_POINT('',(23.821025483872,144.,-1.92386919435605));
#13058=CARTESIAN_POINT('Origin',(0.,144.,-40.5));
#13059=CARTESIAN_POINT('Origin',(0.,144.,-40.5));
#13060=CARTESIAN_POINT('',(49.0072848539562,144.,-0.409620182980506));
#13061=CARTESIAN_POINT('',(45.1059369464131,144.,1.53943334103864));
#13062=CARTESIAN_POINT('',(37.4119349257283,144.,5.38323863798027));
#13063=CARTESIAN_POINT('',(49.0145335090262,144.,-1.08056966542382));
#13064=CARTESIAN_POINT('',(49.2245840157877,144.,-20.5232493676405));
#13065=CARTESIAN_POINT('',(44.5147962191619,144.,-1.12918292823049));
#13066=CARTESIAN_POINT('',(22.0473476028194,144.,-1.3719117618986));
#13067=CARTESIAN_POINT('',(44.5087688048917,144.,-0.571273847720564));
#13068=CARTESIAN_POINT('',(44.7218330187885,144.,-20.292908090192));
#13069=CARTESIAN_POINT('',(48.0713646980825,144.,-0.53278506509324));
#13070=CARTESIAN_POINT('',(23.8226181351446,144.,-0.794758290075002));
#13071=CARTESIAN_POINT('',(44.4891895572297,144.,1.24101904779206));
#13072=CARTESIAN_POINT('',(34.9244191448352,144.,5.97725567196497));
#13073=CARTESIAN_POINT('',(44.4800105537986,144.,2.09064529458169));
#13074=CARTESIAN_POINT('',(44.7074538932417,144.,-18.9619485190411));
#13075=CARTESIAN_POINT('',(48.9797478436629,144.,2.13925855738836));
#13076=CARTESIAN_POINT('',(24.2624305823883,144.,1.87222309231691));
#13077=CARTESIAN_POINT('',(48.9857752579331,144.,1.58134947687843));
#13078=CARTESIAN_POINT('',(49.2102048902414,144.,-19.1922897964891));
#13079=CARTESIAN_POINT('',(22.3285388408984,144.,1.29335594388704));
#13080=CARTESIAN_POINT('Origin',(48.0713646980825,-91.3747025381523,-0.53278506509324));
#13081=CARTESIAN_POINT('',(48.0713646980825,145.,-0.53278506509324));
#13082=CARTESIAN_POINT('',(44.5087688048917,145.,-0.571273847720564));
#13083=CARTESIAN_POINT('',(23.8226181351446,145.,-0.794758290075002));
#13084=CARTESIAN_POINT('',(48.0713646980825,-91.3747025381523,-0.53278506509324));
#13085=CARTESIAN_POINT('',(44.5087688048917,-91.3747025381523,-0.571273847720564));
#13086=CARTESIAN_POINT('Origin',(44.5087688048917,-91.3747025381523,-0.571273847720564));
#13087=CARTESIAN_POINT('',(44.5147962191619,145.,-1.12918292823049));
#13088=CARTESIAN_POINT('',(44.7218330187885,145.,-20.292908090192));
#13089=CARTESIAN_POINT('',(44.5147962191619,-91.3747025381523,-1.12918292823049));
#13090=CARTESIAN_POINT('Origin',(44.5147962191619,-91.3747025381523,-1.12918292823049));
#13091=CARTESIAN_POINT('',(49.0145335090262,145.,-1.08056966542382));
#13092=CARTESIAN_POINT('',(22.0473476028194,145.,-1.3719117618986));
#13093=CARTESIAN_POINT('',(49.0145335090262,-91.3747025381523,-1.08056966542382));
#13094=CARTESIAN_POINT('Origin',(49.0145335090262,-91.3747025381523,-1.08056966542382));
#13095=CARTESIAN_POINT('',(49.0072848539562,145.,-0.409620182980506));
#13096=CARTESIAN_POINT('',(49.2245840157877,145.,-20.5232493676405));
#13097=CARTESIAN_POINT('',(49.0072848539562,-91.3747025381523,-0.409620182980506));
#13098=CARTESIAN_POINT('Origin',(49.0072848539562,-91.3747025381523,-0.409620182980506));
#13099=CARTESIAN_POINT('',(45.1059369464131,145.,1.53943334103864));
#13100=CARTESIAN_POINT('',(37.4119349257283,145.,5.38323863798027));
#13101=CARTESIAN_POINT('',(45.1059369464131,-91.3747025381523,1.53943334103864));
#13102=CARTESIAN_POINT('Origin',(45.1059369464131,-91.3747025381523,1.53943334103864));
#13103=CARTESIAN_POINT('',(48.9857752579331,145.,1.58134947687843));
#13104=CARTESIAN_POINT('',(22.3285388408984,145.,1.29335594388704));
#13105=CARTESIAN_POINT('',(48.9857752579331,-91.3747025381523,1.58134947687843));
#13106=CARTESIAN_POINT('Origin',(48.9857752579331,-91.3747025381523,1.58134947687843));
#13107=CARTESIAN_POINT('',(48.9797478436629,145.,2.13925855738836));
#13108=CARTESIAN_POINT('',(49.2102048902414,145.,-19.1922897964891));
#13109=CARTESIAN_POINT('',(48.9797478436629,-91.3747025381523,2.13925855738836));
#13110=CARTESIAN_POINT('Origin',(48.9797478436629,-91.3747025381523,2.13925855738836));
#13111=CARTESIAN_POINT('',(44.4800105537986,145.,2.09064529458169));
#13112=CARTESIAN_POINT('',(24.2624305823883,145.,1.87222309231691));
#13113=CARTESIAN_POINT('',(44.4800105537986,-91.3747025381523,2.09064529458169));
#13114=CARTESIAN_POINT('Origin',(44.4800105537986,-91.3747025381523,2.09064529458169));
#13115=CARTESIAN_POINT('',(44.4891895572297,145.,1.24101904779206));
#13116=CARTESIAN_POINT('',(44.7074538932417,145.,-18.9619485190411));
#13117=CARTESIAN_POINT('',(44.4891895572297,-91.3747025381523,1.24101904779206));
#13118=CARTESIAN_POINT('Origin',(44.4891895572297,-91.3747025381523,1.24101904779206));
#13119=CARTESIAN_POINT('',(34.9244191448352,145.,5.97725567196497));
#13120=CARTESIAN_POINT('Origin',(43.7869467531214,-91.3747025381523,-8.0682720110444));
#13121=CARTESIAN_POINT('',(43.7869467531214,145.,-8.0682720110444));
#13122=CARTESIAN_POINT('',(43.5394171092321,145.,-9.20118944085125));
#13123=CARTESIAN_POINT('',(39.4078735863502,145.,-28.1108343445204));
#13124=CARTESIAN_POINT('',(43.7869467531214,144.,-8.0682720110444));
#13125=CARTESIAN_POINT('',(43.7869467531214,-91.3747025381523,-8.0682720110444));
#13126=CARTESIAN_POINT('',(43.5394171092321,144.,-9.20118944085125));
#13127=CARTESIAN_POINT('',(39.4078735863502,144.,-28.1108343445204));
#13128=CARTESIAN_POINT('',(43.5394171092321,-91.3747025381523,-9.20118944085125));
#13129=CARTESIAN_POINT('Origin',(48.1832364021204,-91.3747025381523,-9.02881157255198));
#13130=CARTESIAN_POINT('',(48.1832364021204,145.,-9.02881157255198));
#13131=CARTESIAN_POINT('',(28.4706913678315,145.,-4.72184345279992));
#13132=CARTESIAN_POINT('',(48.1832364021204,144.,-9.02881157255198));
#13133=CARTESIAN_POINT('',(48.1832364021204,-91.3747025381523,-9.02881157255198));
#13134=CARTESIAN_POINT('',(28.4706913678315,144.,-4.72184345279991));
#13135=CARTESIAN_POINT('Origin',(48.0555796046429,-91.3747025381523,-9.61308345459074));
#13136=CARTESIAN_POINT('',(48.0555796046429,145.,-9.61308345459074));
#13137=CARTESIAN_POINT('',(43.7403348366104,145.,-29.3635098470474));
#13138=CARTESIAN_POINT('',(48.0555796046429,144.,-9.61308345459074));
#13139=CARTESIAN_POINT('',(48.0555796046429,-91.3747025381523,-9.61308345459074));
#13140=CARTESIAN_POINT('',(43.7403348366104,144.,-29.3635098470474));
#13141=CARTESIAN_POINT('Origin',(46.3063265919536,-91.3747025381523,-9.23089145726479));
#13142=CARTESIAN_POINT('',(46.3063265919536,145.,-9.23089145726479));
#13143=CARTESIAN_POINT('',(27.4684080640094,145.,-5.11501933617567));
#13144=CARTESIAN_POINT('',(46.3063265919536,144.,-9.23089145726479));
#13145=CARTESIAN_POINT('',(46.3063265919536,-91.3747025381523,-9.23089145726479));
#13146=CARTESIAN_POINT('',(27.4684080640094,144.,-5.11501933617568));
#13147=CARTESIAN_POINT('Origin',(46.1599883119185,-91.3747025381523,-9.90066654155312));
#13148=CARTESIAN_POINT('',(46.1599883119185,145.,-9.90066654155312));
#13149=CARTESIAN_POINT('',(41.9179126839036,145.,-29.3162053918656));
#13150=CARTESIAN_POINT('',(46.1599883119185,144.,-9.90066654155312));
#13151=CARTESIAN_POINT('',(46.1599883119185,-91.3747025381523,-9.90066654155312));
#13152=CARTESIAN_POINT('',(41.9179126839036,144.,-29.3162053918656));
#13153=CARTESIAN_POINT('Ctrl Pts',(44.5589277266916,-91.3747025381523,-10.4802961977972));
#13154=CARTESIAN_POINT('Ctrl Pts',(44.5589277266916,381.374702538152,-10.4802961977972));
#13155=CARTESIAN_POINT('Ctrl Pts',(44.36654552163,-91.3747025381523,-10.4382628620424));
#13156=CARTESIAN_POINT('Ctrl Pts',(44.36654552163,381.374702538152,-10.4382628620424));
#13157=CARTESIAN_POINT('Ctrl Pts',(44.1004259612333,-91.3747025381523,-10.2382759979686));
#13158=CARTESIAN_POINT('Ctrl Pts',(44.1004259612333,381.374702538152,-10.2382759979686));
#13159=CARTESIAN_POINT('Ctrl Pts',(44.0353706629653,-91.3747025381523,-10.0747539930086));
#13160=CARTESIAN_POINT('Ctrl Pts',(44.0353706629653,381.374702538152,-10.0747539930086));
#13161=CARTESIAN_POINT('',(44.5589277266916,145.,-10.4802961977972));
#13162=CARTESIAN_POINT('',(44.0353706629653,145.,-10.0747539930086));
#13163=CARTESIAN_POINT('Ctrl Pts',(44.5589277266916,145.,-10.4802961977972));
#13164=CARTESIAN_POINT('Ctrl Pts',(44.36654552163,145.,-10.4382628620424));
#13165=CARTESIAN_POINT('Ctrl Pts',(44.1004259612333,145.,-10.2382759979686));
#13166=CARTESIAN_POINT('Ctrl Pts',(44.0353706629653,145.,-10.0747539930086));
#13167=CARTESIAN_POINT('',(44.5589277266916,144.,-10.4802961977972));
#13168=CARTESIAN_POINT('',(44.5589277266916,-91.3747025381523,-10.4802961977972));
#13169=CARTESIAN_POINT('',(44.0353706629653,144.,-10.0747539930086));
#13170=CARTESIAN_POINT('Ctrl Pts',(44.5589277266916,144.,-10.4802961977972));
#13171=CARTESIAN_POINT('Ctrl Pts',(44.4306729233172,144.,-10.4522739739607));
#13172=CARTESIAN_POINT('Ctrl Pts',(44.3221922615639,144.,-10.4049317180301));
#13173=CARTESIAN_POINT('Ctrl Pts',(44.2334857414316,144.,-10.3382694300055));
#13174=CARTESIAN_POINT('Ctrl Pts',(44.1447792212994,144.,-10.2716071419809));
#13175=CARTESIAN_POINT('Ctrl Pts',(44.0787408618106,144.,-10.183768662982));
#13176=CARTESIAN_POINT('Ctrl Pts',(44.0353706629653,144.,-10.0747539930086));
#13177=CARTESIAN_POINT('',(44.0353706629653,-91.3747025381523,-10.0747539930086));
#13178=CARTESIAN_POINT('Ctrl Pts',(44.0353706629653,-91.3747025381523,-10.0747539930086));
#13179=CARTESIAN_POINT('Ctrl Pts',(44.0353706629653,381.374702538152,-10.0747539930086));
#13180=CARTESIAN_POINT('Ctrl Pts',(43.9806739228727,-91.3747025381523,-9.9321587356102));
#13181=CARTESIAN_POINT('Ctrl Pts',(43.9806739228727,381.374702538152,-9.9321587356102));
#13182=CARTESIAN_POINT('Ctrl Pts',(43.9853746326695,-91.3747025381523,-9.58604431986828));
#13183=CARTESIAN_POINT('Ctrl Pts',(43.9853746326695,381.374702538152,-9.58604431986828));
#13184=CARTESIAN_POINT('Ctrl Pts',(44.0383054999163,-91.3747025381523,-9.34378524682782));
#13185=CARTESIAN_POINT('Ctrl Pts',(44.0383054999163,381.374702538152,-9.34378524682782));
#13186=CARTESIAN_POINT('',(44.0383054999163,145.,-9.34378524682782));
#13187=CARTESIAN_POINT('Ctrl Pts',(44.0353706629653,145.,-10.0747539930086));
#13188=CARTESIAN_POINT('Ctrl Pts',(43.9806739228727,145.,-9.9321587356102));
#13189=CARTESIAN_POINT('Ctrl Pts',(43.9853746326695,145.,-9.58604431986828));
#13190=CARTESIAN_POINT('Ctrl Pts',(44.0383054999163,145.,-9.34378524682782));
#13191=CARTESIAN_POINT('',(44.0383054999163,144.,-9.34378524682782));
#13192=CARTESIAN_POINT('Ctrl Pts',(44.0353706629653,144.,-10.0747539930086));
#13193=CARTESIAN_POINT('Ctrl Pts',(43.9989061695703,144.,-9.97969048807634));
#13194=CARTESIAN_POINT('Ctrl Pts',(43.9814573745055,144.,-9.87447299965321));
#13195=CARTESIAN_POINT('Ctrl Pts',(43.9830242777711,144.,-9.75910152773924));
#13196=CARTESIAN_POINT('Ctrl Pts',(43.9845911810367,144.,-9.64373005582526));
#13197=CARTESIAN_POINT('Ctrl Pts',(44.0030182550851,144.,-9.50529129552146));
#13198=CARTESIAN_POINT('Ctrl Pts',(44.0383054999163,144.,-9.34378524682782));
#13199=CARTESIAN_POINT('',(44.0383054999163,-91.3747025381523,-9.34378524682782));
#13200=CARTESIAN_POINT('Origin',(44.1651839022872,-91.3747025381523,-8.76307599821612));
#13201=CARTESIAN_POINT('',(44.1651839022872,145.,-8.76307599821612));
#13202=CARTESIAN_POINT('',(39.8499391342547,145.,-28.5135023906728));
#13203=CARTESIAN_POINT('',(44.1651839022872,144.,-8.76307599821612));
#13204=CARTESIAN_POINT('',(39.8499391342547,144.,-28.5135023906728));
#13205=CARTESIAN_POINT('',(44.1651839022872,-91.3747025381523,-8.76307599821612));
#13206=CARTESIAN_POINT('Origin',(47.6056672330453,-91.3747025381523,-11.6722855754347));
#13207=CARTESIAN_POINT('',(47.6056672330453,145.,-11.6722855754347));
#13208=CARTESIAN_POINT('',(45.1516809145647,145.,-8.66502801141322));
#13209=CARTESIAN_POINT('',(47.6056672330453,144.,-11.6722855754347));
#13210=CARTESIAN_POINT('',(47.6056672330453,-91.3747025381523,-11.6722855754347));
#13211=CARTESIAN_POINT('',(45.1516809145647,144.,-8.66502801141322));
#13212=CARTESIAN_POINT('Origin',(47.4398690753458,-91.3747025381523,-12.4311264953996));
#13213=CARTESIAN_POINT('',(47.4398690753458,145.,-12.4311264953996));
#13214=CARTESIAN_POINT('',(43.4324795719617,145.,-30.772531367452));
#13215=CARTESIAN_POINT('',(47.4398690753458,144.,-12.4311264953996));
#13216=CARTESIAN_POINT('',(47.4398690753458,-91.3747025381523,-12.4311264953996));
#13217=CARTESIAN_POINT('',(43.4324795719617,144.,-30.772531367452));
#13218=CARTESIAN_POINT('Origin',(45.8684503767959,-91.3747025381523,-10.4491322486896));
#13219=CARTESIAN_POINT('',(45.8684503767959,145.,-10.4491322486896));
#13220=CARTESIAN_POINT('',(44.3311024659583,145.,-8.51011070256475));
#13221=CARTESIAN_POINT('',(45.8684503767959,144.,-10.4491322486896));
#13222=CARTESIAN_POINT('',(45.8684503767959,-91.3747025381523,-10.4491322486896));
#13223=CARTESIAN_POINT('',(44.3311024659583,144.,-8.51011070256474));
#13224=CARTESIAN_POINT('Ctrl Pts',(45.8684503767959,-91.3747025381523,-10.4491322486896));
#13225=CARTESIAN_POINT('Ctrl Pts',(45.8684503767959,381.374702538152,-10.4491322486896));
#13226=CARTESIAN_POINT('Ctrl Pts',(45.6198438834298,-91.3747025381523,-10.8352736083943));
#13227=CARTESIAN_POINT('Ctrl Pts',(45.6198438834298,381.374702538152,-10.8352736083943));
#13228=CARTESIAN_POINT('Ctrl Pts',(44.8604634415701,-91.3747025381523,-11.184470716827));
#13229=CARTESIAN_POINT('Ctrl Pts',(44.8604634415701,381.374702538152,-11.184470716827));
#13230=CARTESIAN_POINT('Ctrl Pts',(44.3795079289162,-91.3747025381523,-11.07938737744));
#13231=CARTESIAN_POINT('Ctrl Pts',(44.3795079289162,381.374702538152,-11.07938737744));
#13232=CARTESIAN_POINT('',(44.3795079289162,145.,-11.07938737744));
#13233=CARTESIAN_POINT('Ctrl Pts',(44.3795079289162,145.,-11.07938737744));
#13234=CARTESIAN_POINT('Ctrl Pts',(44.8604634415701,145.,-11.184470716827));
#13235=CARTESIAN_POINT('Ctrl Pts',(45.6198438834298,145.,-10.8352736083943));
#13236=CARTESIAN_POINT('Ctrl Pts',(45.8684503767959,145.,-10.4491322486896));
#13237=CARTESIAN_POINT('',(44.3795079289162,144.,-11.07938737744));
#13238=CARTESIAN_POINT('',(44.3795079289162,-91.3747025381523,-11.07938737744));
#13239=CARTESIAN_POINT('Ctrl Pts',(44.3795079289162,144.,-11.07938737744));
#13240=CARTESIAN_POINT('Ctrl Pts',(44.7001449373521,144.,-11.1494429370314));
#13241=CARTESIAN_POINT('Ctrl Pts',(44.9870268485467,144.,-11.1262711987549));
#13242=CARTESIAN_POINT('Ctrl Pts',(45.2401536624999,144.,-11.0098721626106));
#13243=CARTESIAN_POINT('Ctrl Pts',(45.4932804764532,144.,-10.8934731264664));
#13244=CARTESIAN_POINT('Ctrl Pts',(45.7027127145518,144.,-10.7065598218261));
#13245=CARTESIAN_POINT('Ctrl Pts',(45.8684503767959,144.,-10.4491322486896));
#13246=CARTESIAN_POINT('Ctrl Pts',(44.3795079289162,-91.3747025381523,-11.07938737744));
#13247=CARTESIAN_POINT('Ctrl Pts',(44.3795079289162,381.374702538152,-11.07938737744));
#13248=CARTESIAN_POINT('Ctrl Pts',(44.0339324864909,-91.3747025381523,-11.0038830521027));
#13249=CARTESIAN_POINT('Ctrl Pts',(44.0339324864909,381.374702538152,-11.0038830521027));
#13250=CARTESIAN_POINT('Ctrl Pts',(43.625607140538,-91.3747025381523,-10.6347157861121));
#13251=CARTESIAN_POINT('Ctrl Pts',(43.625607140538,381.374702538152,-10.6347157861121));
#13252=CARTESIAN_POINT('Ctrl Pts',(43.5265722185283,-91.3747025381523,-10.3704520188769));
#13253=CARTESIAN_POINT('Ctrl Pts',(43.5265722185283,381.374702538152,-10.3704520188769));
#13254=CARTESIAN_POINT('',(43.5265722185283,145.,-10.3704520188769));
#13255=CARTESIAN_POINT('Ctrl Pts',(43.5265722185283,145.,-10.3704520188769));
#13256=CARTESIAN_POINT('Ctrl Pts',(43.625607140538,145.,-10.6347157861121));
#13257=CARTESIAN_POINT('Ctrl Pts',(44.0339324864909,145.,-11.0038830521027));
#13258=CARTESIAN_POINT('Ctrl Pts',(44.3795079289162,145.,-11.07938737744));
#13259=CARTESIAN_POINT('',(43.5265722185283,144.,-10.3704520188769));
#13260=CARTESIAN_POINT('',(43.5265722185283,-91.3747025381523,-10.3704520188769));
#13261=CARTESIAN_POINT('Ctrl Pts',(43.5265722185283,144.,-10.3704520188769));
#13262=CARTESIAN_POINT('Ctrl Pts',(43.5925954998681,144.,-10.5466278637004));
#13263=CARTESIAN_POINT('Ctrl Pts',(43.6936613648635,144.,-10.6962436637772));
#13264=CARTESIAN_POINT('Ctrl Pts',(43.8297698135144,144.,-10.8192994191074));
#13265=CARTESIAN_POINT('Ctrl Pts',(43.9658782621654,144.,-10.9423551744376));
#13266=CARTESIAN_POINT('Ctrl Pts',(44.1491243006326,144.,-11.0290511605485));
#13267=CARTESIAN_POINT('Ctrl Pts',(44.3795079289162,144.,-11.07938737744));
#13268=CARTESIAN_POINT('Ctrl Pts',(43.5265722185283,-91.3747025381523,-10.3704520188769));
#13269=CARTESIAN_POINT('Ctrl Pts',(43.5265722185283,381.374702538152,-10.3704520188769));
#13270=CARTESIAN_POINT('Ctrl Pts',(43.4275372965186,-91.3747025381523,-10.1061882516417));
#13271=CARTESIAN_POINT('Ctrl Pts',(43.4275372965186,381.374702538152,-10.1061882516417));
#13272=CARTESIAN_POINT('Ctrl Pts',(43.4569072279357,-91.3747025381523,-9.57882858412021));
#13273=CARTESIAN_POINT('Ctrl Pts',(43.4569072279357,381.374702538152,-9.57882858412021));
#13274=CARTESIAN_POINT('Ctrl Pts',(43.5394171092321,-91.3747025381523,-9.20118944085125));
#13275=CARTESIAN_POINT('Ctrl Pts',(43.5394171092321,381.374702538152,-9.20118944085125));
#13276=CARTESIAN_POINT('Ctrl Pts',(43.5394171092321,145.,-9.20118944085125));
#13277=CARTESIAN_POINT('Ctrl Pts',(43.4569072279357,145.,-9.57882858412021));
#13278=CARTESIAN_POINT('Ctrl Pts',(43.4275372965186,145.,-10.1061882516417));
#13279=CARTESIAN_POINT('Ctrl Pts',(43.5265722185283,145.,-10.3704520188769));
#13280=CARTESIAN_POINT('Ctrl Pts',(43.5394171092321,144.,-9.20118944085125));
#13281=CARTESIAN_POINT('Ctrl Pts',(43.4844105217012,144.,-9.45294886969722));
#13282=CARTESIAN_POINT('Ctrl Pts',(43.4520122393662,144.,-9.66672186204046));
#13283=CARTESIAN_POINT('Ctrl Pts',(43.4422222622272,144.,-9.84250841788096));
#13284=CARTESIAN_POINT('Ctrl Pts',(43.4324322850881,144.,-10.0182949737215));
#13285=CARTESIAN_POINT('Ctrl Pts',(43.4605489371885,144.,-10.1942761740534));
#13286=CARTESIAN_POINT('Ctrl Pts',(43.5265722185283,144.,-10.3704520188769));
#13287=CARTESIAN_POINT('Ctrl Pts',(45.3045662690022,-91.3747025381523,-10.3819205085773));
#13288=CARTESIAN_POINT('Ctrl Pts',(45.3045662690022,381.374702538152,-10.3819205085773));
#13289=CARTESIAN_POINT('Ctrl Pts',(45.1554145086455,-91.3747025381523,-10.4837098783282));
#13290=CARTESIAN_POINT('Ctrl Pts',(45.1554145086455,381.374702538152,-10.4837098783282));
#13291=CARTESIAN_POINT('Ctrl Pts',(44.7869362660238,-91.3747025381523,-10.5301134846177));
#13292=CARTESIAN_POINT('Ctrl Pts',(44.7869362660238,381.374702538152,-10.5301134846177));
#13293=CARTESIAN_POINT('Ctrl Pts',(44.5589277266916,-91.3747025381523,-10.4802961977972));
#13294=CARTESIAN_POINT('Ctrl Pts',(44.5589277266916,381.374702538152,-10.4802961977972));
#13295=CARTESIAN_POINT('',(45.3045662690022,145.,-10.3819205085773));
#13296=CARTESIAN_POINT('Ctrl Pts',(45.3045662690022,145.,-10.3819205085773));
#13297=CARTESIAN_POINT('Ctrl Pts',(45.1554145086455,145.,-10.4837098783282));
#13298=CARTESIAN_POINT('Ctrl Pts',(44.7869362660238,145.,-10.5301134846177));
#13299=CARTESIAN_POINT('Ctrl Pts',(44.5589277266916,145.,-10.4802961977972));
#13300=CARTESIAN_POINT('',(45.3045662690022,144.,-10.3819205085773));
#13301=CARTESIAN_POINT('',(45.3045662690022,-91.3747025381523,-10.3819205085773));
#13302=CARTESIAN_POINT('Ctrl Pts',(45.3045662690022,144.,-10.3819205085773));
#13303=CARTESIAN_POINT('Ctrl Pts',(45.2051317620977,144.,-10.4497800884112));
#13304=CARTESIAN_POINT('Ctrl Pts',(45.0940014682085,144.,-10.4914438127098));
#13305=CARTESIAN_POINT('Ctrl Pts',(44.9711753873346,144.,-10.506911681473));
#13306=CARTESIAN_POINT('Ctrl Pts',(44.8483493064607,144.,-10.5223795502361));
#13307=CARTESIAN_POINT('Ctrl Pts',(44.7109334195797,144.,-10.5135077223442));
#13308=CARTESIAN_POINT('Ctrl Pts',(44.5589277266916,144.,-10.4802961977972));
#13309=CARTESIAN_POINT('Ctrl Pts',(45.7061569170995,-91.3747025381523,-9.63727054116212));
#13310=CARTESIAN_POINT('Ctrl Pts',(45.7061569170995,381.374702538152,-9.63727054116212));
#13311=CARTESIAN_POINT('Ctrl Pts',(45.6508908645331,-91.3747025381523,-9.89021751448377));
#13312=CARTESIAN_POINT('Ctrl Pts',(45.6508908645331,381.374702538152,-9.89021751448377));
#13313=CARTESIAN_POINT('Ctrl Pts',(45.473866381814,-91.3747025381523,-10.2733352140779));
#13314=CARTESIAN_POINT('Ctrl Pts',(45.473866381814,381.374702538152,-10.2733352140779));
#13315=CARTESIAN_POINT('Ctrl Pts',(45.3045662690022,-91.3747025381523,-10.3819205085773));
#13316=CARTESIAN_POINT('Ctrl Pts',(45.3045662690022,381.374702538152,-10.3819205085773));
#13317=CARTESIAN_POINT('',(45.7061569170995,145.,-9.63727054116212));
#13318=CARTESIAN_POINT('Ctrl Pts',(45.7061569170995,145.,-9.63727054116212));
#13319=CARTESIAN_POINT('Ctrl Pts',(45.6508908645331,145.,-9.89021751448377));
#13320=CARTESIAN_POINT('Ctrl Pts',(45.473866381814,145.,-10.2733352140779));
#13321=CARTESIAN_POINT('Ctrl Pts',(45.3045662690022,145.,-10.3819205085773));
#13322=CARTESIAN_POINT('',(45.7061569170995,144.,-9.63727054116212));
#13323=CARTESIAN_POINT('',(45.7061569170995,-91.3747025381523,-9.63727054116212));
#13324=CARTESIAN_POINT('Ctrl Pts',(45.7061569170995,144.,-9.63727054116212));
#13325=CARTESIAN_POINT('Ctrl Pts',(45.6693128820552,144.,-9.80590185670989));
#13326=CARTESIAN_POINT('Ctrl Pts',(45.6213867840799,144.,-9.95407046441613));
#13327=CARTESIAN_POINT('Ctrl Pts',(45.5623786231735,144.,-10.0817763642809));
#13328=CARTESIAN_POINT('Ctrl Pts',(45.5033704622672,144.,-10.2094822641456));
#13329=CARTESIAN_POINT('Ctrl Pts',(45.4174330108767,144.,-10.3095303122444));
#13330=CARTESIAN_POINT('Ctrl Pts',(45.3045662690022,144.,-10.3819205085773));
#13331=CARTESIAN_POINT('Origin',(45.7061569170995,-91.3747025381523,-9.63727054116212));
#13332=CARTESIAN_POINT('',(45.8182458124457,145.,-9.12425132766467));
#13333=CARTESIAN_POINT('',(41.4469565967397,145.,-29.1311873268703));
#13334=CARTESIAN_POINT('',(45.8182458124457,144.,-9.12425132766467));
#13335=CARTESIAN_POINT('',(45.8182458124457,-91.3747025381523,-9.12425132766467));
#13336=CARTESIAN_POINT('',(41.4469565967397,144.,-29.1311873268703));
#13337=CARTESIAN_POINT('Origin',(45.8182458124457,-91.3747025381523,-9.12425132766467));
#13338=CARTESIAN_POINT('',(27.2243676742553,145.,-5.06169927137568));
#13339=CARTESIAN_POINT('',(27.2243676742553,144.,-5.06169927137568));
#13340=CARTESIAN_POINT('Origin',(0.,144.,-40.5));
#13341=CARTESIAN_POINT('Origin',(0.,144.,-40.5));
#13342=CARTESIAN_POINT('',(44.2405739052179,144.,-4.96588254544775));
#13343=CARTESIAN_POINT('',(43.8462355897758,144.,-7.75336259450935));
#13344=CARTESIAN_POINT('',(41.3424150365916,144.,-25.4522509985107));
#13345=CARTESIAN_POINT('',(48.6962091131739,144.,-5.596210889043));
#13346=CARTESIAN_POINT('',(27.2462634252132,144.,-2.56173699145861));
#13347=CARTESIAN_POINT('',(48.3018707977318,144.,-8.3836909381046));
#13348=CARTESIAN_POINT('',(45.6008810868266,144.,-27.4763193666367));
#13349=CARTESIAN_POINT('',(47.7747048817176,144.,-8.30911400280079));
#13350=CARTESIAN_POINT('',(26.5883421517639,144.,-5.3119285728684));
#13351=CARTESIAN_POINT('',(48.0852718451745,144.,-6.11379292789217));
#13352=CARTESIAN_POINT('',(45.2289986525408,144.,-26.3040818938786));
#13353=CARTESIAN_POINT('',(46.4315595880888,144.,-5.87984610344596));
#13354=CARTESIAN_POINT('',(26.0720529866782,144.,-2.99963408573657));
#13355=CARTESIAN_POINT('',(46.1419354626281,144.,-7.92712743481633));
#13356=CARTESIAN_POINT('',(43.4304743327247,144.,-27.0937757351175));
#13357=CARTESIAN_POINT('',(45.6147695466138,144.,-7.85255049951251));
#13358=CARTESIAN_POINT('',(25.5188459032102,144.,-5.00962694945514));
#13359=CARTESIAN_POINT('',(45.9043936720745,144.,-5.80526916814215));
#13360=CARTESIAN_POINT('',(43.0481204794408,144.,-25.9955581341285));
#13361=CARTESIAN_POINT('',(44.6839684692471,144.,-5.63261845490454));
#13362=CARTESIAN_POINT('',(25.1982574272574,144.,-2.87602026146579));
#13363=CARTESIAN_POINT('',(44.3734015057901,144.,-7.82793952981316));
#13364=CARTESIAN_POINT('',(41.6724117948848,144.,-26.9205679583452));
#13365=CARTESIAN_POINT('',(24.624107505793,144.,-5.03405286872271));
#13366=CARTESIAN_POINT('Origin',(46.4315595880888,-91.3747025381523,-5.87984610344596));
#13367=CARTESIAN_POINT('',(46.4315595880888,145.,-5.87984610344596));
#13368=CARTESIAN_POINT('',(48.0852718451745,145.,-6.11379292789217));
#13369=CARTESIAN_POINT('',(26.0720529866782,145.,-2.99963408573656));
#13370=CARTESIAN_POINT('',(46.4315595880888,-91.3747025381523,-5.87984610344596));
#13371=CARTESIAN_POINT('',(48.0852718451745,-91.3747025381523,-6.11379292789217));
#13372=CARTESIAN_POINT('Origin',(48.0852718451745,-91.3747025381523,-6.11379292789217));
#13373=CARTESIAN_POINT('',(47.7747048817176,145.,-8.30911400280079));
#13374=CARTESIAN_POINT('',(45.2289986525408,145.,-26.3040818938786));
#13375=CARTESIAN_POINT('',(47.7747048817176,-91.3747025381523,-8.30911400280079));
#13376=CARTESIAN_POINT('Origin',(47.7747048817176,-91.3747025381523,-8.30911400280079));
#13377=CARTESIAN_POINT('',(48.3018707977318,145.,-8.3836909381046));
#13378=CARTESIAN_POINT('',(26.5883421517639,145.,-5.3119285728684));
#13379=CARTESIAN_POINT('',(48.3018707977318,-91.3747025381523,-8.3836909381046));
#13380=CARTESIAN_POINT('Origin',(48.3018707977318,-91.3747025381523,-8.3836909381046));
#13381=CARTESIAN_POINT('',(48.6962091131739,145.,-5.596210889043));
#13382=CARTESIAN_POINT('',(45.6008810868266,145.,-27.4763193666367));
#13383=CARTESIAN_POINT('',(48.6962091131739,-91.3747025381523,-5.596210889043));
#13384=CARTESIAN_POINT('Origin',(48.6962091131739,-91.3747025381523,-5.596210889043));
#13385=CARTESIAN_POINT('',(44.2405739052179,145.,-4.96588254544775));
#13386=CARTESIAN_POINT('',(27.2462634252132,145.,-2.56173699145861));
#13387=CARTESIAN_POINT('',(44.2405739052179,-91.3747025381523,-4.96588254544775));
#13388=CARTESIAN_POINT('Origin',(44.2405739052179,-91.3747025381523,-4.96588254544775));
#13389=CARTESIAN_POINT('',(43.8462355897758,145.,-7.75336259450935));
#13390=CARTESIAN_POINT('',(41.3424150365916,145.,-25.4522509985107));
#13391=CARTESIAN_POINT('',(43.8462355897758,-91.3747025381523,-7.75336259450935));
#13392=CARTESIAN_POINT('Origin',(43.8462355897758,-91.3747025381523,-7.75336259450935));
#13393=CARTESIAN_POINT('',(44.3734015057901,145.,-7.82793952981316));
#13394=CARTESIAN_POINT('',(24.624107505793,145.,-5.03405286872271));
#13395=CARTESIAN_POINT('',(44.3734015057901,-91.3747025381523,-7.82793952981316));
#13396=CARTESIAN_POINT('Origin',(44.3734015057901,-91.3747025381523,-7.82793952981316));
#13397=CARTESIAN_POINT('',(44.6839684692471,145.,-5.63261845490454));
#13398=CARTESIAN_POINT('',(41.6724117948848,145.,-26.9205679583452));
#13399=CARTESIAN_POINT('',(44.6839684692471,-91.3747025381523,-5.63261845490454));
#13400=CARTESIAN_POINT('Origin',(44.6839684692471,-91.3747025381523,-5.63261845490454));
#13401=CARTESIAN_POINT('',(45.9043936720745,145.,-5.80526916814215));
#13402=CARTESIAN_POINT('',(25.1982574272574,145.,-2.87602026146579));
#13403=CARTESIAN_POINT('',(45.9043936720745,-91.3747025381523,-5.80526916814215));
#13404=CARTESIAN_POINT('Origin',(45.9043936720745,-91.3747025381523,-5.80526916814215));
#13405=CARTESIAN_POINT('',(45.6147695466138,145.,-7.85255049951251));
#13406=CARTESIAN_POINT('',(43.0481204794408,145.,-25.9955581341285));
#13407=CARTESIAN_POINT('',(45.6147695466138,-91.3747025381523,-7.85255049951251));
#13408=CARTESIAN_POINT('Origin',(45.6147695466138,-91.3747025381523,-7.85255049951251));
#13409=CARTESIAN_POINT('',(46.1419354626281,145.,-7.92712743481633));
#13410=CARTESIAN_POINT('',(25.5188459032102,145.,-5.00962694945514));
#13411=CARTESIAN_POINT('',(46.1419354626281,-91.3747025381523,-7.92712743481633));
#13412=CARTESIAN_POINT('Origin',(46.1419354626281,-91.3747025381523,-7.92712743481633));
#13413=CARTESIAN_POINT('',(43.4304743327247,145.,-27.0937757351175));
#13414=CARTESIAN_POINT('Origin',(41.7867000222294,-91.3747025381523,-16.2452355609367));
#13415=CARTESIAN_POINT('',(41.8800366821812,145.,-16.2773736660454));
#13416=CARTESIAN_POINT('',(42.4694048993025,145.,-16.4803076227497));
#13417=CARTESIAN_POINT('',(26.8410527479035,145.,-11.0990820209653));
#13418=CARTESIAN_POINT('',(41.8800366821812,144.,-16.2773736660454));
#13419=CARTESIAN_POINT('',(41.8800366821812,-91.3747025381523,-16.2773736660454));
#13420=CARTESIAN_POINT('',(42.4694048993025,144.,-16.4803076227497));
#13421=CARTESIAN_POINT('',(26.8410527479035,144.,-11.0990820209653));
#13422=CARTESIAN_POINT('',(42.4694048993025,-91.3747025381523,-16.4803076227497));
#13423=CARTESIAN_POINT('Ctrl Pts',(41.7331498555024,-91.3747025381523,-15.5942820847218));
#13424=CARTESIAN_POINT('Ctrl Pts',(41.7331498555024,381.374702538152,-15.5942820847218));
#13425=CARTESIAN_POINT('Ctrl Pts',(41.7394904947164,-91.3747025381523,-15.4190526240615));
#13426=CARTESIAN_POINT('Ctrl Pts',(41.7394904947164,381.374702538152,-15.4190526240615));
#13427=CARTESIAN_POINT('Ctrl Pts',(41.8068347722432,-91.3747025381523,-15.0218499537907));
#13428=CARTESIAN_POINT('Ctrl Pts',(41.8068347722432,381.374702538152,-15.0218499537907));
#13429=CARTESIAN_POINT('Ctrl Pts',(41.8804431956392,-91.3747025381523,-14.8080736791516));
#13430=CARTESIAN_POINT('Ctrl Pts',(41.8804431956392,381.374702538152,-14.8080736791516));
#13431=CARTESIAN_POINT('',(41.8804431956392,145.,-14.8080736791516));
#13432=CARTESIAN_POINT('',(41.7331498555024,145.,-15.5942820847218));
#13433=CARTESIAN_POINT('Ctrl Pts',(41.8804431956392,145.,-14.8080736791516));
#13434=CARTESIAN_POINT('Ctrl Pts',(41.8068347722432,145.,-15.0218499537907));
#13435=CARTESIAN_POINT('Ctrl Pts',(41.7394904947164,145.,-15.4190526240615));
#13436=CARTESIAN_POINT('Ctrl Pts',(41.7331498555024,145.,-15.5942820847218));
#13437=CARTESIAN_POINT('',(41.8804431956392,144.,-14.8080736791516));
#13438=CARTESIAN_POINT('',(41.8804431956392,-91.3747025381523,-14.8080736791516));
#13439=CARTESIAN_POINT('',(41.7331498555024,144.,-15.5942820847218));
#13440=CARTESIAN_POINT('Ctrl Pts',(41.8804431956392,144.,-14.8080736791516));
#13441=CARTESIAN_POINT('Ctrl Pts',(41.8101663016893,144.,-15.0121744041594));
#13442=CARTESIAN_POINT('Ctrl Pts',(41.7838157639133,144.,-15.1576181572878));
#13443=CARTESIAN_POINT('Ctrl Pts',(41.7522976716373,144.,-15.3435147304437));
#13444=CARTESIAN_POINT('Ctrl Pts',(41.7376645480409,144.,-15.4695143583359));
#13445=CARTESIAN_POINT('Ctrl Pts',(41.7331498555024,144.,-15.5942820847218));
#13446=CARTESIAN_POINT('',(41.7331498555024,-91.3747025381523,-15.5942820847218));
#13447=CARTESIAN_POINT('Ctrl Pts',(41.8804431956392,-91.3747025381523,-14.8080736791516));
#13448=CARTESIAN_POINT('Ctrl Pts',(41.8804431956392,381.374702538152,-14.8080736791516));
#13449=CARTESIAN_POINT('Ctrl Pts',(42.0288472750666,-91.3747025381523,-14.3770731254438));
#13450=CARTESIAN_POINT('Ctrl Pts',(42.0288472750666,381.374702538152,-14.3770731254438));
#13451=CARTESIAN_POINT('Ctrl Pts',(42.568644652802,-91.3747025381523,-13.7838654699334));
#13452=CARTESIAN_POINT('Ctrl Pts',(42.568644652802,381.374702538152,-13.7838654699334));
#13453=CARTESIAN_POINT('Ctrl Pts',(42.942684235485,-91.3747025381523,-13.6272534508782));
#13454=CARTESIAN_POINT('Ctrl Pts',(42.942684235485,381.374702538152,-13.6272534508782));
#13455=CARTESIAN_POINT('',(42.942684235485,145.,-13.6272534508782));
#13456=CARTESIAN_POINT('Ctrl Pts',(42.942684235485,145.,-13.6272534508782));
#13457=CARTESIAN_POINT('Ctrl Pts',(42.568644652802,145.,-13.7838654699334));
#13458=CARTESIAN_POINT('Ctrl Pts',(42.0288472750666,145.,-14.3770731254438));
#13459=CARTESIAN_POINT('Ctrl Pts',(41.8804431956392,145.,-14.8080736791516));
#13460=CARTESIAN_POINT('',(42.942684235485,144.,-13.6272534508782));
#13461=CARTESIAN_POINT('',(42.942684235485,-91.3747025381523,-13.6272534508782));
#13462=CARTESIAN_POINT('Ctrl Pts',(42.942684235485,144.,-13.6272534508782));
#13463=CARTESIAN_POINT('Ctrl Pts',(42.8166316196013,144.,-13.6800322357841));
#13464=CARTESIAN_POINT('Ctrl Pts',(42.6975330631137,144.,-13.7455377577906));
#13465=CARTESIAN_POINT('Ctrl Pts',(42.4591400244426,144.,-13.9154062839758));
#13466=CARTESIAN_POINT('Ctrl Pts',(42.3596612281011,144.,-14.011732326271));
#13467=CARTESIAN_POINT('Ctrl Pts',(42.1007217227535,144.,-14.3031252313986));
#13468=CARTESIAN_POINT('Ctrl Pts',(41.9705741608095,144.,-14.5463120345628));
#13469=CARTESIAN_POINT('Ctrl Pts',(41.8804431956392,144.,-14.8080736791516));
#13470=CARTESIAN_POINT('Ctrl Pts',(42.942684235485,-91.3747025381523,-13.6272534508782));
#13471=CARTESIAN_POINT('Ctrl Pts',(42.942684235485,381.374702538152,-13.6272534508782));
#13472=CARTESIAN_POINT('Ctrl Pts',(43.3248070596627,-91.3747025381523,-13.4695678926641));
#13473=CARTESIAN_POINT('Ctrl Pts',(43.3248070596627,381.374702538152,-13.4695678926641));
#13474=CARTESIAN_POINT('Ctrl Pts',(44.2116394566833,-91.3747025381523,-13.4702390488672));
#13475=CARTESIAN_POINT('Ctrl Pts',(44.2116394566833,381.374702538152,-13.4702390488672));
#13476=CARTESIAN_POINT('Ctrl Pts',(44.746080143281,-91.3747025381523,-13.6542601073572));
#13477=CARTESIAN_POINT('Ctrl Pts',(44.746080143281,381.374702538152,-13.6542601073572));
#13478=CARTESIAN_POINT('',(44.7460801432809,145.,-13.6542601073572));
#13479=CARTESIAN_POINT('Ctrl Pts',(44.746080143281,145.,-13.6542601073572));
#13480=CARTESIAN_POINT('Ctrl Pts',(44.2116394566833,145.,-13.4702390488672));
#13481=CARTESIAN_POINT('Ctrl Pts',(43.3248070596627,145.,-13.4695678926641));
#13482=CARTESIAN_POINT('Ctrl Pts',(42.942684235485,145.,-13.6272534508782));
#13483=CARTESIAN_POINT('',(44.7460801432809,144.,-13.6542601073572));
#13484=CARTESIAN_POINT('',(44.7460801432809,-91.3747025381523,-13.6542601073572));
#13485=CARTESIAN_POINT('Ctrl Pts',(44.746080143281,144.,-13.6542601073572));
#13486=CARTESIAN_POINT('Ctrl Pts',(44.3897863522158,144.,-13.5315794016972));
#13487=CARTESIAN_POINT('Ctrl Pts',(44.0638340571798,144.,-13.4701271895));
#13488=CARTESIAN_POINT('Ctrl Pts',(43.768223258173,144.,-13.4699034707657));
#13489=CARTESIAN_POINT('Ctrl Pts',(43.4726124591662,144.,-13.4696797520313));
#13490=CARTESIAN_POINT('Ctrl Pts',(43.1974327849368,144.,-13.5221297454022));
#13491=CARTESIAN_POINT('Ctrl Pts',(42.942684235485,144.,-13.6272534508782));
#13492=CARTESIAN_POINT('Ctrl Pts',(41.7867000222294,-91.3747025381523,-16.2452355609367));
#13493=CARTESIAN_POINT('Ctrl Pts',(41.7867000222294,381.374702538152,-16.2452355609367));
#13494=CARTESIAN_POINT('Ctrl Pts',(41.759520462829,-91.3747025381523,-16.0777482613413));
#13495=CARTESIAN_POINT('Ctrl Pts',(41.759520462829,381.374702538152,-16.0777482613413));
#13496=CARTESIAN_POINT('Ctrl Pts',(41.7304846076713,-91.3747025381523,-15.7476362861688));
#13497=CARTESIAN_POINT('Ctrl Pts',(41.7304846076713,381.374702538152,-15.7476362861688));
#13498=CARTESIAN_POINT('Ctrl Pts',(41.7331498555024,-91.3747025381523,-15.5942820847218));
#13499=CARTESIAN_POINT('Ctrl Pts',(41.7331498555024,381.374702538152,-15.5942820847218));
#13500=CARTESIAN_POINT('',(41.7687417096314,145.,-16.1247389730081));
#13501=CARTESIAN_POINT('Ctrl Pts',(41.7331498555024,145.,-15.5942820847218));
#13502=CARTESIAN_POINT('Ctrl Pts',(41.7304846076713,145.,-15.7476362861688));
#13503=CARTESIAN_POINT('Ctrl Pts',(41.7542843877069,145.,-16.0182187213532));
#13504=CARTESIAN_POINT('Ctrl Pts',(41.7687417096314,145.,-16.1247389730081));
#13505=CARTESIAN_POINT('',(41.7687417096314,144.,-16.1247389730081));
#13506=CARTESIAN_POINT('Ctrl Pts',(41.7331498555024,144.,-15.5942820847218));
#13507=CARTESIAN_POINT('Ctrl Pts',(41.731373023615,144.,-15.6965182190198));
#13508=CARTESIAN_POINT('Ctrl Pts',(41.7353239168642,144.,-15.8026549486975));
#13509=CARTESIAN_POINT('Ctrl Pts',(41.7450025352501,144.,-15.912692273755));
#13510=CARTESIAN_POINT('Ctrl Pts',(41.751190436888,144.,-15.9830432388204));
#13511=CARTESIAN_POINT('Ctrl Pts',(41.7591034950151,144.,-16.0537254719048));
#13512=CARTESIAN_POINT('Ctrl Pts',(41.7687417096314,144.,-16.1247389730081));
#13513=CARTESIAN_POINT('Ctrl Pts',(41.7687417096314,145.,-16.1247389730081));
#13514=CARTESIAN_POINT('Ctrl Pts',(41.7687417096314,144.666666666667,-16.1247389730081));
#13515=CARTESIAN_POINT('Ctrl Pts',(41.7687417096314,144.333333333333,-16.1247389730081));
#13516=CARTESIAN_POINT('Ctrl Pts',(41.7687417096314,144.,-16.1247389730081));
#13517=CARTESIAN_POINT('Origin',(40.1647007055598,-91.3747025381523,-19.2416147781823));
#13518=CARTESIAN_POINT('',(40.1647007055598,145.,-19.2416147781823));
#13519=CARTESIAN_POINT('',(43.070482562553,145.,-18.8372611631606));
#13520=CARTESIAN_POINT('',(19.0128329830172,145.,-22.1849995878464));
#13521=CARTESIAN_POINT('',(40.1647007055598,144.,-19.2416147781823));
#13522=CARTESIAN_POINT('',(40.1647007055598,-91.3747025381523,-19.2416147781823));
#13523=CARTESIAN_POINT('',(43.070482562553,144.,-18.8372611631606));
#13524=CARTESIAN_POINT('',(19.0128329830172,144.,-22.1849995878464));
#13525=CARTESIAN_POINT('',(43.070482562553,-91.3747025381523,-18.8372611631606));
#13526=CARTESIAN_POINT('Origin',(40.4156640217353,-91.3747025381523,-18.6588323068573));
#13527=CARTESIAN_POINT('',(40.4156640217353,145.,-18.6588323068573));
#13528=CARTESIAN_POINT('',(33.2874342294752,145.,-35.2118785361342));
#13529=CARTESIAN_POINT('',(40.4156640217353,144.,-18.6588323068573));
#13530=CARTESIAN_POINT('',(40.4156640217353,-91.3747025381523,-18.6588323068573));
#13531=CARTESIAN_POINT('',(33.2874342294752,144.,-35.2118785361342));
#13532=CARTESIAN_POINT('Origin',(42.7002159358398,-91.3747025381523,-18.36017910252));
#13533=CARTESIAN_POINT('',(42.7002159358398,145.,-18.36017910252));
#13534=CARTESIAN_POINT('',(20.2860189548385,145.,-21.2903255831902));
#13535=CARTESIAN_POINT('',(42.7002159358398,144.,-18.36017910252));
#13536=CARTESIAN_POINT('',(42.7002159358398,-91.3747025381523,-18.36017910252));
#13537=CARTESIAN_POINT('',(20.2860189548385,144.,-21.2903255831902));
#13538=CARTESIAN_POINT('Origin',(41.3416321193484,-91.3747025381523,-16.5085659471407));
#13539=CARTESIAN_POINT('',(41.3416321193484,145.,-16.5085659471407));
#13540=CARTESIAN_POINT('',(39.8291675900181,145.,-14.4472288507038));
#13541=CARTESIAN_POINT('',(41.3416321193484,144.,-16.5085659471407));
#13542=CARTESIAN_POINT('',(41.3416321193484,-91.3747025381523,-16.5085659471407));
#13543=CARTESIAN_POINT('',(39.8291675900181,144.,-14.4472288507038));
#13544=CARTESIAN_POINT('Origin',(41.6041339787964,-91.3747025381523,-15.8989888794329));
#13545=CARTESIAN_POINT('',(41.6041339787964,145.,-15.8989888794329));
#13546=CARTESIAN_POINT('',(33.8816692080056,145.,-33.8319568224221));
#13547=CARTESIAN_POINT('',(41.6041339787964,144.,-15.8989888794329));
#13548=CARTESIAN_POINT('',(41.6041339787964,-91.3747025381523,-15.8989888794329));
#13549=CARTESIAN_POINT('',(33.8816692080056,144.,-33.8319568224221));
#13550=CARTESIAN_POINT('Origin',(43.3639612169513,-91.3747025381523,-18.3124913417679));
#13551=CARTESIAN_POINT('',(41.1189576833214,145.,-15.2335973237122));
#13552=CARTESIAN_POINT('',(41.1189576833214,144.,-15.2335973237122));
#13553=CARTESIAN_POINT('Origin',(45.1357539027614,-91.3747025381523,-19.0754775156579));
#13554=CARTESIAN_POINT('',(45.1357539027614,145.,-19.0754775156579));
#13555=CARTESIAN_POINT('',(43.3639612169513,145.,-18.3124913417679));
#13556=CARTESIAN_POINT('',(29.9896184381335,145.,-12.5531049830655));
#13557=CARTESIAN_POINT('',(45.1357539027614,144.,-19.0754775156579));
#13558=CARTESIAN_POINT('',(45.1357539027614,-91.3747025381523,-19.0754775156579));
#13559=CARTESIAN_POINT('',(43.3639612169513,144.,-18.3124913417679));
#13560=CARTESIAN_POINT('',(29.9896184381335,144.,-12.5531049830655));
#13561=CARTESIAN_POINT('',(43.3639612169513,-91.3747025381523,-18.3124913417679));
#13562=CARTESIAN_POINT('Origin',(44.8992137656764,-91.3747025381523,-19.6247667415045));
#13563=CARTESIAN_POINT('',(44.8992137656764,145.,-19.6247667415045));
#13564=CARTESIAN_POINT('',(37.595742347466,145.,-36.5847559033447));
#13565=CARTESIAN_POINT('',(44.8992137656764,144.,-19.6247667415045));
#13566=CARTESIAN_POINT('',(44.8992137656764,-91.3747025381523,-19.6247667415045));
#13567=CARTESIAN_POINT('',(37.595742347466,144.,-36.5847559033447));
#13568=CARTESIAN_POINT('Origin',(43.070482562553,-91.3747025381523,-18.8372611631606));
#13569=CARTESIAN_POINT('',(28.8387126994867,145.,-12.7086414197401));
#13570=CARTESIAN_POINT('',(28.8387126994867,144.,-12.7086414197401));
#13571=CARTESIAN_POINT('Origin',(43.3639612169513,-91.3747025381523,-18.3124913417679));
#13572=CARTESIAN_POINT('',(41.1189576833214,145.,-15.2335973237122));
#13573=CARTESIAN_POINT('',(41.1189576833214,144.,-15.2335973237122));
#13574=CARTESIAN_POINT('Ctrl Pts',(44.746080143281,-91.3747025381523,-13.6542601073572));
#13575=CARTESIAN_POINT('Ctrl Pts',(44.746080143281,381.374702538152,-13.6542601073572));
#13576=CARTESIAN_POINT('Ctrl Pts',(45.2839688343083,-91.3747025381523,-13.8394683984826));
#13577=CARTESIAN_POINT('Ctrl Pts',(45.2839688343083,381.374702538152,-13.8394683984826));
#13578=CARTESIAN_POINT('Ctrl Pts',(46.0153240539584,-91.3747025381523,-14.4036925897859));
#13579=CARTESIAN_POINT('Ctrl Pts',(46.0153240539584,381.374702538152,-14.4036925897859));
#13580=CARTESIAN_POINT('Ctrl Pts',(46.2033091933104,-91.3747025381523,-14.7538235284145));
#13581=CARTESIAN_POINT('Ctrl Pts',(46.2033091933104,381.374702538152,-14.7538235284145));
#13582=CARTESIAN_POINT('',(46.2033091933104,145.,-14.7538235284145));
#13583=CARTESIAN_POINT('Ctrl Pts',(46.2033091933104,145.,-14.7538235284145));
#13584=CARTESIAN_POINT('Ctrl Pts',(46.0153240539584,145.,-14.4036925897859));
#13585=CARTESIAN_POINT('Ctrl Pts',(45.2839688343083,145.,-13.8394683984826));
#13586=CARTESIAN_POINT('Ctrl Pts',(44.746080143281,145.,-13.6542601073572));
#13587=CARTESIAN_POINT('',(46.2033091933104,144.,-14.7538235284145));
#13588=CARTESIAN_POINT('',(46.2033091933104,-91.3747025381523,-14.7538235284145));
#13589=CARTESIAN_POINT('Ctrl Pts',(46.2033091933104,144.,-14.7538235284145));
#13590=CARTESIAN_POINT('Ctrl Pts',(46.0779857670757,144.,-14.5204029026621));
#13591=CARTESIAN_POINT('Ctrl Pts',(45.89343151735,144.,-14.3096552245687));
#13592=CARTESIAN_POINT('Ctrl Pts',(45.6496464441334,144.,-14.1215804941343));
#13593=CARTESIAN_POINT('Ctrl Pts',(45.4058613709167,144.,-13.9335057636998));
#13594=CARTESIAN_POINT('Ctrl Pts',(45.1046726039659,144.,-13.7777323014408));
#13595=CARTESIAN_POINT('Ctrl Pts',(44.746080143281,144.,-13.6542601073572));
#13596=CARTESIAN_POINT('Ctrl Pts',(46.2033091933104,-91.3747025381523,-14.7538235284145));
#13597=CARTESIAN_POINT('Ctrl Pts',(46.2033091933104,381.374702538152,-14.7538235284145));
#13598=CARTESIAN_POINT('Ctrl Pts',(46.394742337092,-91.3747025381523,-15.1051416996785));
#13599=CARTESIAN_POINT('Ctrl Pts',(46.394742337092,381.374702538152,-15.1051416996785));
#13600=CARTESIAN_POINT('Ctrl Pts',(46.4330224709046,-91.3747025381523,-15.901252442369));
#13601=CARTESIAN_POINT('Ctrl Pts',(46.4330224709046,381.374702538152,-15.901252442369));
#13602=CARTESIAN_POINT('Ctrl Pts',(46.2905545546542,-91.3747025381523,-16.3150129739285));
#13603=CARTESIAN_POINT('Ctrl Pts',(46.2905545546542,381.374702538152,-16.3150129739285));
#13604=CARTESIAN_POINT('',(46.2905545546542,145.,-16.3150129739285));
#13605=CARTESIAN_POINT('Ctrl Pts',(46.2905545546542,145.,-16.3150129739285));
#13606=CARTESIAN_POINT('Ctrl Pts',(46.4330224709046,145.,-15.901252442369));
#13607=CARTESIAN_POINT('Ctrl Pts',(46.394742337092,145.,-15.1051416996785));
#13608=CARTESIAN_POINT('Ctrl Pts',(46.2033091933104,145.,-14.7538235284145));
#13609=CARTESIAN_POINT('',(46.2905545546542,144.,-16.3150129739285));
#13610=CARTESIAN_POINT('',(46.2905545546542,-91.3747025381523,-16.3150129739285));
#13611=CARTESIAN_POINT('Ctrl Pts',(46.2905545546542,144.,-16.3150129739285));
#13612=CARTESIAN_POINT('Ctrl Pts',(46.3855331654878,144.,-16.0391726195555));
#13613=CARTESIAN_POINT('Ctrl Pts',(46.4266424486025,144.,-15.7685673185872));
#13614=CARTESIAN_POINT('Ctrl Pts',(46.4138824039983,144.,-15.5031970710237));
#13615=CARTESIAN_POINT('Ctrl Pts',(46.4011223593941,144.,-15.2378268234602));
#13616=CARTESIAN_POINT('Ctrl Pts',(46.3309312891648,144.,-14.9880356425905));
#13617=CARTESIAN_POINT('Ctrl Pts',(46.2033091933104,144.,-14.7538235284145));
#13618=CARTESIAN_POINT('Ctrl Pts',(46.2905545546542,-91.3747025381523,-16.3150129739285));
#13619=CARTESIAN_POINT('Ctrl Pts',(46.2905545546542,381.374702538152,-16.3150129739285));
#13620=CARTESIAN_POINT('Ctrl Pts',(46.2026993396332,-91.3747025381523,-16.5701653017235));
#13621=CARTESIAN_POINT('Ctrl Pts',(46.2026993396332,381.374702538152,-16.5701653017235));
#13622=CARTESIAN_POINT('Ctrl Pts',(46.0314098574407,-91.3747025381523,-16.8660115218149));
#13623=CARTESIAN_POINT('Ctrl Pts',(46.0314098574407,381.374702538152,-16.8660115218149));
#13624=CARTESIAN_POINT('Ctrl Pts',(45.9052352153942,-91.3747025381523,-17.0308335735791));
#13625=CARTESIAN_POINT('Ctrl Pts',(45.9052352153942,381.374702538152,-17.0308335735791));
#13626=CARTESIAN_POINT('',(45.9052352153942,145.,-17.0308335735791));
#13627=CARTESIAN_POINT('Ctrl Pts',(45.9052352153942,145.,-17.0308335735791));
#13628=CARTESIAN_POINT('Ctrl Pts',(46.0314098574407,145.,-16.8660115218149));
#13629=CARTESIAN_POINT('Ctrl Pts',(46.2026993396332,145.,-16.5701653017235));
#13630=CARTESIAN_POINT('Ctrl Pts',(46.2905545546542,145.,-16.3150129739285));
#13631=CARTESIAN_POINT('',(45.9052352153942,144.,-17.0308335735791));
#13632=CARTESIAN_POINT('',(45.9052352153942,-91.3747025381523,-17.0308335735791));
#13633=CARTESIAN_POINT('Ctrl Pts',(45.9052352153942,144.,-17.0308335735791));
#13634=CARTESIAN_POINT('Ctrl Pts',(45.9893516434252,144.,-16.9209522057363));
#13635=CARTESIAN_POINT('Ctrl Pts',(46.0599581044728,144.,-16.8167038184663));
#13636=CARTESIAN_POINT('Ctrl Pts',(46.117054598537,144.,-16.7180884117692));
#13637=CARTESIAN_POINT('Ctrl Pts',(46.1741510926011,144.,-16.6194730050721));
#13638=CARTESIAN_POINT('Ctrl Pts',(46.2319844113069,144.,-16.4851145257918));
#13639=CARTESIAN_POINT('Ctrl Pts',(46.2905545546542,144.,-16.3150129739285));
#13640=CARTESIAN_POINT('Ctrl Pts',(45.9052352153942,-91.3747025381523,-17.0308335735791));
#13641=CARTESIAN_POINT('Ctrl Pts',(45.9052352153942,381.374702538152,-17.0308335735791));
#13642=CARTESIAN_POINT('Ctrl Pts',(45.7895182801132,-91.3747025381523,-17.1876860773252));
#13643=CARTESIAN_POINT('Ctrl Pts',(45.7895182801132,381.374702538152,-17.1876860773252));
#13644=CARTESIAN_POINT('Ctrl Pts',(45.5833573753248,-91.3747025381523,-17.3943892540213));
#13645=CARTESIAN_POINT('Ctrl Pts',(45.5833573753248,381.374702538152,-17.3943892540213));
#13646=CARTESIAN_POINT('Ctrl Pts',(45.469168753109,-91.3747025381523,-17.5132000155645));
#13647=CARTESIAN_POINT('Ctrl Pts',(45.469168753109,381.374702538152,-17.5132000155645));
#13648=CARTESIAN_POINT('',(45.469168753109,145.,-17.5132000155645));
#13649=CARTESIAN_POINT('Ctrl Pts',(45.469168753109,145.,-17.5132000155645));
#13650=CARTESIAN_POINT('Ctrl Pts',(45.5833573753248,145.,-17.3943892540213));
#13651=CARTESIAN_POINT('Ctrl Pts',(45.7895182801132,145.,-17.1876860773252));
#13652=CARTESIAN_POINT('Ctrl Pts',(45.9052352153942,145.,-17.0308335735791));
#13653=CARTESIAN_POINT('',(45.469168753109,144.,-17.5132000155645));
#13654=CARTESIAN_POINT('',(45.469168753109,-91.3747025381523,-17.5132000155645));
#13655=CARTESIAN_POINT('Ctrl Pts',(45.469168753109,144.,-17.5132000155645));
#13656=CARTESIAN_POINT('Ctrl Pts',(45.5409447782456,144.,-17.4385186327651));
#13657=CARTESIAN_POINT('Ctrl Pts',(45.6132909798404,144.,-17.3643769141468));
#13658=CARTESIAN_POINT('Ctrl Pts',(45.7646589584252,144.,-17.2126107873166));
#13659=CARTESIAN_POINT('Ctrl Pts',(45.8396172484359,144.,-17.1197777059409));
#13660=CARTESIAN_POINT('Ctrl Pts',(45.9052352153942,144.,-17.0308335735791));
#13661=CARTESIAN_POINT('Origin',(44.7933598848951,-91.3747025381523,-17.2805024190223));
#13662=CARTESIAN_POINT('',(44.7933598848951,145.,-17.2805024190223));
#13663=CARTESIAN_POINT('',(28.3443826792363,145.,-11.6167154500081));
#13664=CARTESIAN_POINT('',(44.7933598848951,144.,-17.2805024190223));
#13665=CARTESIAN_POINT('',(44.7933598848951,-91.3747025381523,-17.2805024190223));
#13666=CARTESIAN_POINT('',(28.3443826792363,144.,-11.6167154500081));
#13667=CARTESIAN_POINT('Origin',(44.8076066765202,-91.3747025381523,-17.2391263658663));
#13668=CARTESIAN_POINT('',(44.8076066765202,145.,-17.2391263658663));
#13669=CARTESIAN_POINT('',(38.8527805439184,145.,-34.5333501519475));
#13670=CARTESIAN_POINT('',(44.8076066765202,144.,-17.2391263658663));
#13671=CARTESIAN_POINT('',(44.8076066765202,-91.3747025381523,-17.2391263658663));
#13672=CARTESIAN_POINT('',(38.8527805439184,144.,-34.5333501519475));
#13673=CARTESIAN_POINT('Ctrl Pts',(44.8076066765202,-91.3747025381523,-17.2391263658663));
#13674=CARTESIAN_POINT('Ctrl Pts',(44.8076066765202,381.374702538152,-17.2391263658663));
#13675=CARTESIAN_POINT('Ctrl Pts',(44.8956761807567,-91.3747025381523,-17.1961717017757));
#13676=CARTESIAN_POINT('Ctrl Pts',(44.8956761807567,381.374702538152,-17.1961717017757));
#13677=CARTESIAN_POINT('Ctrl Pts',(45.1614130065316,-91.3747025381523,-17.029265967301));
#13678=CARTESIAN_POINT('Ctrl Pts',(45.1614130065316,381.374702538152,-17.029265967301));
#13679=CARTESIAN_POINT('Ctrl Pts',(45.3044865902967,-91.3747025381523,-16.904973816487));
#13680=CARTESIAN_POINT('Ctrl Pts',(45.3044865902967,381.374702538152,-16.904973816487));
#13681=CARTESIAN_POINT('',(45.3044865902967,145.,-16.904973816487));
#13682=CARTESIAN_POINT('Ctrl Pts',(45.3044865902967,145.,-16.904973816487));
#13683=CARTESIAN_POINT('Ctrl Pts',(45.1614130065316,145.,-17.029265967301));
#13684=CARTESIAN_POINT('Ctrl Pts',(44.8956761807567,145.,-17.1961717017757));
#13685=CARTESIAN_POINT('Ctrl Pts',(44.8076066765202,145.,-17.2391263658663));
#13686=CARTESIAN_POINT('',(45.3044865902967,144.,-16.904973816487));
#13687=CARTESIAN_POINT('',(45.3044865902967,-91.3747025381523,-16.904973816487));
#13688=CARTESIAN_POINT('Ctrl Pts',(45.3044865902967,144.,-16.904973816487));
#13689=CARTESIAN_POINT('Ctrl Pts',(45.20910420112,144.,-16.987835250363));
#13690=CARTESIAN_POINT('Ctrl Pts',(45.1171235355691,144.,-17.0570835897134));
#13691=CARTESIAN_POINT('Ctrl Pts',(45.0285445936442,144.,-17.1127188345383));
#13692=CARTESIAN_POINT('Ctrl Pts',(44.9399656517192,144.,-17.1683540793632));
#13693=CARTESIAN_POINT('Ctrl Pts',(44.8663196793445,144.,-17.2104899231392));
#13694=CARTESIAN_POINT('Ctrl Pts',(44.8076066765202,144.,-17.2391263658663));
#13695=CARTESIAN_POINT('Ctrl Pts',(45.3044865902967,-91.3747025381523,-16.904973816487));
#13696=CARTESIAN_POINT('Ctrl Pts',(45.3044865902967,381.374702538152,-16.904973816487));
#13697=CARTESIAN_POINT('Ctrl Pts',(45.4499346393326,-91.3747025381523,-16.7737856568138));
#13698=CARTESIAN_POINT('Ctrl Pts',(45.4499346393326,381.374702538152,-16.7737856568138));
#13699=CARTESIAN_POINT('Ctrl Pts',(45.7142699432566,-91.3747025381523,-16.3981302630643));
#13700=CARTESIAN_POINT('Ctrl Pts',(45.7142699432566,381.374702538152,-16.3981302630643));
#13701=CARTESIAN_POINT('Ctrl Pts',(45.7985634603713,-91.3747025381523,-16.1533219485583));
#13702=CARTESIAN_POINT('Ctrl Pts',(45.7985634603713,381.374702538152,-16.1533219485583));
#13703=CARTESIAN_POINT('',(45.7985634603713,145.,-16.1533219485583));
#13704=CARTESIAN_POINT('Ctrl Pts',(45.7985634603713,145.,-16.1533219485583));
#13705=CARTESIAN_POINT('Ctrl Pts',(45.7142699432566,145.,-16.3981302630643));
#13706=CARTESIAN_POINT('Ctrl Pts',(45.4499346393326,145.,-16.7737856568138));
#13707=CARTESIAN_POINT('Ctrl Pts',(45.3044865902967,145.,-16.904973816487));
#13708=CARTESIAN_POINT('',(45.7985634603713,144.,-16.1533219485583));
#13709=CARTESIAN_POINT('',(45.7985634603713,-91.3747025381523,-16.1533219485583));
#13710=CARTESIAN_POINT('Ctrl Pts',(45.7985634603713,144.,-16.1533219485583));
#13711=CARTESIAN_POINT('Ctrl Pts',(45.7423677822948,144.,-16.3165274915623));
#13712=CARTESIAN_POINT('Ctrl Pts',(45.6702140592692,144.,-16.4607394953559));
#13713=CARTESIAN_POINT('Ctrl Pts',(45.5821022912946,144.,-16.585957959939));
#13714=CARTESIAN_POINT('Ctrl Pts',(45.49399052332,144.,-16.7111764245222));
#13715=CARTESIAN_POINT('Ctrl Pts',(45.4014519563206,144.,-16.8175150433715));
#13716=CARTESIAN_POINT('Ctrl Pts',(45.3044865902967,144.,-16.904973816487));
#13717=CARTESIAN_POINT('Ctrl Pts',(45.7985634603713,-91.3747025381523,-16.1533219485583));
#13718=CARTESIAN_POINT('Ctrl Pts',(45.7985634603713,381.374702538152,-16.1533219485583));
#13719=CARTESIAN_POINT('Ctrl Pts',(45.891167605934,-91.3747025381523,-15.8843776030446));
#13720=CARTESIAN_POINT('Ctrl Pts',(45.891167605934,381.374702538152,-15.8843776030446));
#13721=CARTESIAN_POINT('Ctrl Pts',(45.8424166676182,-91.3747025381523,-15.3314965639255));
#13722=CARTESIAN_POINT('Ctrl Pts',(45.8424166676182,381.374702538152,-15.3314965639255));
#13723=CARTESIAN_POINT('Ctrl Pts',(45.6938244944506,-91.3747025381523,-15.0797791428224));
#13724=CARTESIAN_POINT('Ctrl Pts',(45.6938244944506,381.374702538152,-15.0797791428224));
#13725=CARTESIAN_POINT('',(45.6938244944506,145.,-15.0797791428224));
#13726=CARTESIAN_POINT('Ctrl Pts',(45.6938244944506,145.,-15.0797791428224));
#13727=CARTESIAN_POINT('Ctrl Pts',(45.8424166676182,145.,-15.3314965639255));
#13728=CARTESIAN_POINT('Ctrl Pts',(45.891167605934,145.,-15.8843776030446));
#13729=CARTESIAN_POINT('Ctrl Pts',(45.7985634603713,145.,-16.1533219485583));
#13730=CARTESIAN_POINT('',(45.6938244944506,144.,-15.0797791428224));
#13731=CARTESIAN_POINT('',(45.6938244944506,-91.3747025381523,-15.0797791428224));
#13732=CARTESIAN_POINT('Ctrl Pts',(45.6938244944506,144.,-15.0797791428224));
#13733=CARTESIAN_POINT('Ctrl Pts',(45.792885943229,144.,-15.2475907568911));
#13734=CARTESIAN_POINT('Ctrl Pts',(45.8505418240042,144.,-15.4236434037787));
#13735=CARTESIAN_POINT('Ctrl Pts',(45.8667921367761,144.,-15.607937083485));
#13736=CARTESIAN_POINT('Ctrl Pts',(45.8830424495481,144.,-15.7922307631914));
#13737=CARTESIAN_POINT('Ctrl Pts',(45.8602995574131,144.,-15.9740257182158));
#13738=CARTESIAN_POINT('Ctrl Pts',(45.7985634603713,144.,-16.1533219485583));
#13739=CARTESIAN_POINT('Ctrl Pts',(45.6938244944506,-91.3747025381523,-15.0797791428224));
#13740=CARTESIAN_POINT('Ctrl Pts',(45.6938244944506,381.374702538152,-15.0797791428224));
#13741=CARTESIAN_POINT('Ctrl Pts',(45.5395235450591,-91.3747025381523,-14.8222392520189));
#13742=CARTESIAN_POINT('Ctrl Pts',(45.5395235450591,381.374702538152,-14.8222392520189));
#13743=CARTESIAN_POINT('Ctrl Pts',(44.9809599251914,-91.3747025381523,-14.3946474095278));
#13744=CARTESIAN_POINT('Ctrl Pts',(44.9809599251914,381.374702538152,-14.3946474095278));
#13745=CARTESIAN_POINT('Ctrl Pts',(44.5430633626243,-91.3747025381523,-14.2438688648295));
#13746=CARTESIAN_POINT('Ctrl Pts',(44.5430633626243,381.374702538152,-14.2438688648295));
#13747=CARTESIAN_POINT('',(44.5430633626243,145.,-14.2438688648295));
#13748=CARTESIAN_POINT('Ctrl Pts',(44.5430633626243,145.,-14.2438688648295));
#13749=CARTESIAN_POINT('Ctrl Pts',(44.9809599251914,145.,-14.3946474095278));
#13750=CARTESIAN_POINT('Ctrl Pts',(45.5395235450591,145.,-14.8222392520189));
#13751=CARTESIAN_POINT('Ctrl Pts',(45.6938244944506,145.,-15.0797791428224));
#13752=CARTESIAN_POINT('',(44.5430633626243,144.,-14.2438688648295));
#13753=CARTESIAN_POINT('',(44.5430633626243,-91.3747025381523,-14.2438688648295));
#13754=CARTESIAN_POINT('Ctrl Pts',(44.5430633626243,144.,-14.2438688648295));
#13755=CARTESIAN_POINT('Ctrl Pts',(44.8349944043357,144.,-14.3443878946283));
#13756=CARTESIAN_POINT('Ctrl Pts',(45.074053861836,144.,-14.4659127166096));
#13757=CARTESIAN_POINT('Ctrl Pts',(45.2602417351252,144.,-14.6084433307733));
#13758=CARTESIAN_POINT('Ctrl Pts',(45.4464296084145,144.,-14.7509739449371));
#13759=CARTESIAN_POINT('Ctrl Pts',(45.5909571948563,144.,-14.9080858822868));
#13760=CARTESIAN_POINT('Ctrl Pts',(45.6938244944506,144.,-15.0797791428224));
#13761=CARTESIAN_POINT('Ctrl Pts',(44.5430633626243,-91.3747025381523,-14.2438688648295));
#13762=CARTESIAN_POINT('Ctrl Pts',(44.5430633626243,381.374702538152,-14.2438688648295));
#13763=CARTESIAN_POINT('Ctrl Pts',(44.1327508354944,-91.3747025381523,-14.1025881812146));
#13764=CARTESIAN_POINT('Ctrl Pts',(44.1327508354944,381.374702538152,-14.1025881812146));
#13765=CARTESIAN_POINT('Ctrl Pts',(43.4053224965745,-91.3747025381523,-14.07581100477));
#13766=CARTESIAN_POINT('Ctrl Pts',(43.4053224965745,381.374702538152,-14.07581100477));
#13767=CARTESIAN_POINT('Ctrl Pts',(43.126362120464,-91.3747025381523,-14.180311579081));
#13768=CARTESIAN_POINT('Ctrl Pts',(43.126362120464,381.374702538152,-14.180311579081));
#13769=CARTESIAN_POINT('',(43.126362120464,145.,-14.180311579081));
#13770=CARTESIAN_POINT('Ctrl Pts',(43.126362120464,145.,-14.180311579081));
#13771=CARTESIAN_POINT('Ctrl Pts',(43.4053224965745,145.,-14.07581100477));
#13772=CARTESIAN_POINT('Ctrl Pts',(44.1327508354944,145.,-14.1025881812146));
#13773=CARTESIAN_POINT('Ctrl Pts',(44.5430633626243,145.,-14.2438688648295));
#13774=CARTESIAN_POINT('',(43.126362120464,144.,-14.180311579081));
#13775=CARTESIAN_POINT('',(43.126362120464,-91.3747025381523,-14.180311579081));
#13776=CARTESIAN_POINT('Ctrl Pts',(43.126362120464,144.,-14.180311579081));
#13777=CARTESIAN_POINT('Ctrl Pts',(43.3123357045377,144.,-14.1106445295403));
#13778=CARTESIAN_POINT('Ctrl Pts',(43.5265605530612,144.,-14.0802738675107));
#13779=CARTESIAN_POINT('Ctrl Pts',(43.7690366660345,144.,-14.0891995929923));
#13780=CARTESIAN_POINT('Ctrl Pts',(44.0115127790078,144.,-14.0981253184738));
#13781=CARTESIAN_POINT('Ctrl Pts',(44.269521677871,144.,-14.1496817424196));
#13782=CARTESIAN_POINT('Ctrl Pts',(44.5430633626243,144.,-14.2438688648295));
#13783=CARTESIAN_POINT('Ctrl Pts',(43.126362120464,-91.3747025381523,-14.180311579081));
#13784=CARTESIAN_POINT('Ctrl Pts',(43.126362120464,381.374702538152,-14.180311579081));
#13785=CARTESIAN_POINT('Ctrl Pts',(42.8496625161477,-91.3747025381523,-14.2894473904571));
#13786=CARTESIAN_POINT('Ctrl Pts',(42.8496625161477,381.374702538152,-14.2894473904571));
#13787=CARTESIAN_POINT('Ctrl Pts',(42.4581424266255,-91.3747025381523,-14.6984458937373));
#13788=CARTESIAN_POINT('Ctrl Pts',(42.4581424266255,381.374702538152,-14.6984458937373));
#13789=CARTESIAN_POINT('Ctrl Pts',(42.3643510484274,-91.3747025381523,-14.9708382436806));
#13790=CARTESIAN_POINT('Ctrl Pts',(42.3643510484274,381.374702538152,-14.9708382436806));
#13791=CARTESIAN_POINT('',(42.3643510484274,145.,-14.9708382436806));
#13792=CARTESIAN_POINT('Ctrl Pts',(42.3643510484274,145.,-14.9708382436806));
#13793=CARTESIAN_POINT('Ctrl Pts',(42.4581424266255,145.,-14.6984458937373));
#13794=CARTESIAN_POINT('Ctrl Pts',(42.8496625161477,145.,-14.2894473904571));
#13795=CARTESIAN_POINT('Ctrl Pts',(43.126362120464,145.,-14.180311579081));
#13796=CARTESIAN_POINT('',(42.3643510484274,144.,-14.9708382436806));
#13797=CARTESIAN_POINT('',(42.3643510484274,-91.3747025381523,-14.9708382436806));
#13798=CARTESIAN_POINT('Ctrl Pts',(42.3643510484274,144.,-14.9708382436806));
#13799=CARTESIAN_POINT('Ctrl Pts',(42.4268786338928,144.,-14.7892433437184));
#13800=CARTESIAN_POINT('Ctrl Pts',(42.5233957748792,144.,-14.6302794765239));
#13801=CARTESIAN_POINT('Ctrl Pts',(42.6539024713866,144.,-14.4939466420972));
#13802=CARTESIAN_POINT('Ctrl Pts',(42.784409167894,144.,-14.3576138076705));
#13803=CARTESIAN_POINT('Ctrl Pts',(42.9418957175865,144.,-14.2530687866651));
#13804=CARTESIAN_POINT('Ctrl Pts',(43.126362120464,144.,-14.180311579081));
#13805=CARTESIAN_POINT('Ctrl Pts',(42.3643510484274,-91.3747025381523,-14.9708382436806));
#13806=CARTESIAN_POINT('Ctrl Pts',(42.3643510484274,381.374702538152,-14.9708382436806));
#13807=CARTESIAN_POINT('Ctrl Pts',(42.2788702986772,-91.3747025381523,-15.2190945626164));
#13808=CARTESIAN_POINT('Ctrl Pts',(42.2788702986772,381.374702538152,-15.2190945626164));
#13809=CARTESIAN_POINT('Ctrl Pts',(42.2608716223245,-91.3747025381523,-15.6410017312777));
#13810=CARTESIAN_POINT('Ctrl Pts',(42.2608716223245,381.374702538152,-15.6410017312777));
#13811=CARTESIAN_POINT('Ctrl Pts',(42.294719803631,-91.3747025381523,-15.8339259879928));
#13812=CARTESIAN_POINT('Ctrl Pts',(42.294719803631,381.374702538152,-15.8339259879928));
#13813=CARTESIAN_POINT('',(42.294719803631,145.,-15.8339259879928));
#13814=CARTESIAN_POINT('Ctrl Pts',(42.294719803631,145.,-15.8339259879928));
#13815=CARTESIAN_POINT('Ctrl Pts',(42.2608716223245,145.,-15.6410017312777));
#13816=CARTESIAN_POINT('Ctrl Pts',(42.2788702986772,145.,-15.2190945626164));
#13817=CARTESIAN_POINT('Ctrl Pts',(42.3643510484274,145.,-14.9708382436806));
#13818=CARTESIAN_POINT('',(42.294719803631,144.,-15.8339259879928));
#13819=CARTESIAN_POINT('',(42.294719803631,-91.3747025381523,-15.8339259879928));
#13820=CARTESIAN_POINT('Ctrl Pts',(42.294719803631,144.,-15.8339259879928));
#13821=CARTESIAN_POINT('Ctrl Pts',(42.2721543494267,144.,-15.7053098168494));
#13822=CARTESIAN_POINT('Ctrl Pts',(42.2638714017166,144.,-15.5706838698342));
#13823=CARTESIAN_POINT('Ctrl Pts',(42.2698709605008,144.,-15.430048146947));
#13824=CARTESIAN_POINT('Ctrl Pts',(42.2758705192851,144.,-15.2894124240599));
#13825=CARTESIAN_POINT('Ctrl Pts',(42.3073638819273,144.,-15.1363424563044));
#13826=CARTESIAN_POINT('Ctrl Pts',(42.3643510484274,144.,-14.9708382436806));
#13827=CARTESIAN_POINT('Ctrl Pts',(42.294719803631,-91.3747025381523,-15.8339259879928));
#13828=CARTESIAN_POINT('Ctrl Pts',(42.294719803631,381.374702538152,-15.8339259879928));
#13829=CARTESIAN_POINT('Ctrl Pts',(42.3296415240964,-91.3747025381523,-16.0349334862026));
#13830=CARTESIAN_POINT('Ctrl Pts',(42.3296415240964,381.374702538152,-16.0349334862026));
#13831=CARTESIAN_POINT('Ctrl Pts',(42.441997952949,-91.3747025381523,-16.3358828150031));
#13832=CARTESIAN_POINT('Ctrl Pts',(42.441997952949,381.374702538152,-16.3358828150031));
#13833=CARTESIAN_POINT('Ctrl Pts',(42.484838923563,-91.3747025381523,-16.4354835651641));
#13834=CARTESIAN_POINT('Ctrl Pts',(42.484838923563,381.374702538152,-16.4354835651641));
#13835=CARTESIAN_POINT('',(42.484838923563,145.,-16.4354835651641));
#13836=CARTESIAN_POINT('Ctrl Pts',(42.484838923563,145.,-16.4354835651641));
#13837=CARTESIAN_POINT('Ctrl Pts',(42.441997952949,145.,-16.3358828150031));
#13838=CARTESIAN_POINT('Ctrl Pts',(42.3296415240964,145.,-16.0349334862026));
#13839=CARTESIAN_POINT('Ctrl Pts',(42.294719803631,145.,-15.8339259879928));
#13840=CARTESIAN_POINT('',(42.484838923563,144.,-16.4354835651641));
#13841=CARTESIAN_POINT('',(42.484838923563,-91.3747025381523,-16.4354835651641));
#13842=CARTESIAN_POINT('Ctrl Pts',(42.484838923563,144.,-16.4354835651641));
#13843=CARTESIAN_POINT('Ctrl Pts',(42.456278276487,144.,-16.3690830650568));
#13844=CARTESIAN_POINT('Ctrl Pts',(42.4232718814735,144.,-16.2857245935363));
#13845=CARTESIAN_POINT('Ctrl Pts',(42.3858197385227,144.,-16.1854081506028));
#13846=CARTESIAN_POINT('Ctrl Pts',(42.3483675955718,144.,-16.0850917076693));
#13847=CARTESIAN_POINT('Ctrl Pts',(42.3180009506079,144.,-15.9679309867993));
#13848=CARTESIAN_POINT('Ctrl Pts',(42.294719803631,144.,-15.8339259879928));
#13849=CARTESIAN_POINT('Origin',(42.4694048993025,-91.3747025381523,-16.4803076227497));
#13850=CARTESIAN_POINT('',(36.521702162513,145.,-33.753843382253));
#13851=CARTESIAN_POINT('',(36.521702162513,144.,-33.753843382253));
#13852=CARTESIAN_POINT('Origin',(0.,144.,-40.5));
#13853=CARTESIAN_POINT('Origin',(0.,144.,-40.5));
#13854=CARTESIAN_POINT('',(42.7168966757186,144.,-24.0214389593434));
#13855=CARTESIAN_POINT('',(42.3204739259559,144.,-23.789119967905));
#13856=CARTESIAN_POINT('',(30.4127379170024,144.,-16.8107282848572));
#13857=CARTESIAN_POINT('',(41.8355595494681,144.,-25.525328438602));
#13858=CARTESIAN_POINT('',(33.2219385334503,144.,-40.2233748937872));
#13859=CARTESIAN_POINT('',(41.4391367997053,144.,-25.2930094471636));
#13860=CARTESIAN_POINT('',(29.3331894158707,144.,-18.1984582683966));
#13861=CARTESIAN_POINT('',(41.7286136382437,144.,-24.79905411611));
#13862=CARTESIAN_POINT('',(32.9702542029568,144.,-39.744078236822));
#13863=CARTESIAN_POINT('',(38.6390331599341,144.,-22.9884410241057));
#13864=CARTESIAN_POINT('',(28.0778760152541,144.,-16.7991963913409));
#13865=CARTESIAN_POINT('',(38.3495563213958,144.,-23.4823963551593));
#13866=CARTESIAN_POINT('',(29.7359353053781,144.,-38.1804428103445));
#13867=CARTESIAN_POINT('',(37.953133571633,144.,-23.2500773637208));
#13868=CARTESIAN_POINT('',(27.5901878018343,144.,-17.1769922266752));
#13869=CARTESIAN_POINT('',(38.8344706978836,144.,-21.7461878844622));
#13870=CARTESIAN_POINT('',(29.7801811187405,144.,-37.1961790792767));
#13871=CARTESIAN_POINT('',(39.2308934476463,144.,-21.9785068759007));
#13872=CARTESIAN_POINT('',(28.6697363029664,144.,-15.7892622431358));
#13873=CARTESIAN_POINT('',(38.941416609108,144.,-22.4724622069542));
#13874=CARTESIAN_POINT('',(30.031865449234,144.,-37.6754757362419));
#13875=CARTESIAN_POINT('',(42.0309970874175,144.,-24.2830752989585));
#13876=CARTESIAN_POINT('',(29.9250497035827,144.,-17.1885241201915));
#13877=CARTESIAN_POINT('',(33.2661843468128,144.,-39.2391111627194));
#13878=CARTESIAN_POINT('Origin',(38.3495563213958,-91.3747025381523,-23.4823963551593));
#13879=CARTESIAN_POINT('',(38.3495563213958,145.,-23.4823963551593));
#13880=CARTESIAN_POINT('',(38.6390331599341,145.,-22.9884410241057));
#13881=CARTESIAN_POINT('',(29.7359353053781,145.,-38.1804428103445));
#13882=CARTESIAN_POINT('',(38.3495563213958,-91.3747025381523,-23.4823963551593));
#13883=CARTESIAN_POINT('',(38.6390331599341,-91.3747025381523,-22.9884410241057));
#13884=CARTESIAN_POINT('Origin',(38.6390331599341,-91.3747025381523,-22.9884410241057));
#13885=CARTESIAN_POINT('',(41.7286136382437,145.,-24.79905411611));
#13886=CARTESIAN_POINT('',(28.0778760152541,145.,-16.7991963913409));
#13887=CARTESIAN_POINT('',(41.7286136382437,-91.3747025381523,-24.79905411611));
#13888=CARTESIAN_POINT('Origin',(41.7286136382437,-91.3747025381523,-24.79905411611));
#13889=CARTESIAN_POINT('',(41.4391367997053,145.,-25.2930094471636));
#13890=CARTESIAN_POINT('',(32.9702542029568,145.,-39.744078236822));
#13891=CARTESIAN_POINT('',(41.4391367997053,-91.3747025381523,-25.2930094471636));
#13892=CARTESIAN_POINT('Origin',(41.4391367997053,-91.3747025381523,-25.2930094471636));
#13893=CARTESIAN_POINT('',(41.8355595494681,145.,-25.525328438602));
#13894=CARTESIAN_POINT('',(29.3331894158707,145.,-18.1984582683966));
#13895=CARTESIAN_POINT('',(41.8355595494681,-91.3747025381523,-25.525328438602));
#13896=CARTESIAN_POINT('Origin',(41.8355595494681,-91.3747025381523,-25.525328438602));
#13897=CARTESIAN_POINT('',(42.7168966757186,145.,-24.0214389593434));
#13898=CARTESIAN_POINT('',(33.2219385334503,145.,-40.2233748937872));
#13899=CARTESIAN_POINT('',(42.7168966757186,-91.3747025381523,-24.0214389593434));
#13900=CARTESIAN_POINT('Origin',(42.7168966757186,-91.3747025381523,-24.0214389593434));
#13901=CARTESIAN_POINT('',(42.3204739259559,145.,-23.789119967905));
#13902=CARTESIAN_POINT('',(30.4127379170024,145.,-16.8107282848572));
#13903=CARTESIAN_POINT('',(42.3204739259559,-91.3747025381523,-23.789119967905));
#13904=CARTESIAN_POINT('Origin',(42.3204739259559,-91.3747025381523,-23.789119967905));
#13905=CARTESIAN_POINT('',(42.0309970874175,145.,-24.2830752989585));
#13906=CARTESIAN_POINT('',(33.2661843468128,145.,-39.2391111627194));
#13907=CARTESIAN_POINT('',(42.0309970874175,-91.3747025381523,-24.2830752989585));
#13908=CARTESIAN_POINT('Origin',(42.0309970874175,-91.3747025381523,-24.2830752989585));
#13909=CARTESIAN_POINT('',(38.941416609108,145.,-22.4724622069542));
#13910=CARTESIAN_POINT('',(29.9250497035827,145.,-17.1885241201915));
#13911=CARTESIAN_POINT('',(38.941416609108,-91.3747025381523,-22.4724622069542));
#13912=CARTESIAN_POINT('Origin',(38.941416609108,-91.3747025381523,-22.4724622069542));
#13913=CARTESIAN_POINT('',(39.2308934476463,145.,-21.9785068759007));
#13914=CARTESIAN_POINT('',(30.031865449234,145.,-37.6754757362419));
#13915=CARTESIAN_POINT('',(39.2308934476463,-91.3747025381523,-21.9785068759007));
#13916=CARTESIAN_POINT('Origin',(39.2308934476463,-91.3747025381523,-21.9785068759007));
#13917=CARTESIAN_POINT('',(38.8344706978836,145.,-21.7461878844622));
#13918=CARTESIAN_POINT('',(28.6697363029665,145.,-15.7892622431358));
#13919=CARTESIAN_POINT('',(38.8344706978836,-91.3747025381523,-21.7461878844622));
#13920=CARTESIAN_POINT('Origin',(38.8344706978836,-91.3747025381523,-21.7461878844622));
#13921=CARTESIAN_POINT('',(37.953133571633,145.,-23.2500773637208));
#13922=CARTESIAN_POINT('',(29.7801811187405,145.,-37.1961790792767));
#13923=CARTESIAN_POINT('',(37.953133571633,-91.3747025381523,-23.2500773637208));
#13924=CARTESIAN_POINT('Origin',(37.953133571633,-91.3747025381523,-23.2500773637208));
#13925=CARTESIAN_POINT('',(27.5901878018343,145.,-17.1769922266752));
#13926=CARTESIAN_POINT('Origin',(43.3205431397687,-91.3747025381523,-21.7410344903821));
#13927=CARTESIAN_POINT('',(43.3205431397687,145.,-21.7410344903821));
#13928=CARTESIAN_POINT('',(42.401346068046,145.,-23.5277746858287));
#13929=CARTESIAN_POINT('',(34.9720722269297,145.,-37.9688370034278));
#13930=CARTESIAN_POINT('',(43.3205431397687,144.,-21.7410344903821));
#13931=CARTESIAN_POINT('',(43.3205431397687,-91.3747025381523,-21.7410344903821));
#13932=CARTESIAN_POINT('',(42.401346068046,144.,-23.5277746858287));
#13933=CARTESIAN_POINT('',(34.9720722269297,144.,-37.9688370034278));
#13934=CARTESIAN_POINT('',(42.401346068046,-91.3747025381523,-23.5277746858287));
#13935=CARTESIAN_POINT('Origin',(39.7924608663641,-91.3747025381523,-19.9259956264359));
#13936=CARTESIAN_POINT('',(39.7924608663641,145.,-19.9259956264359));
#13937=CARTESIAN_POINT('',(28.2447013460211,145.,-13.9851953001722));
#13938=CARTESIAN_POINT('',(39.7924608663641,144.,-19.9259956264359));
#13939=CARTESIAN_POINT('',(39.7924608663641,-91.3747025381523,-19.9259956264359));
#13940=CARTESIAN_POINT('',(28.2447013460211,144.,-13.9851953001722));
#13941=CARTESIAN_POINT('Origin',(40.066051283356,-91.3747025381523,-19.394189107283));
#13942=CARTESIAN_POINT('',(40.066051283356,145.,-19.394189107283));
#13943=CARTESIAN_POINT('',(31.5807851620211,145.,-35.8878948799051));
#13944=CARTESIAN_POINT('',(40.066051283356,144.,-19.394189107283));
#13945=CARTESIAN_POINT('',(40.066051283356,-91.3747025381523,-19.394189107283));
#13946=CARTESIAN_POINT('',(31.5807851620211,144.,-35.8878948799051));
#13947=CARTESIAN_POINT('Origin',(44.0675710677138,-91.3747025381523,-21.4527901717219));
#13948=CARTESIAN_POINT('',(44.0675710677138,145.,-21.4527901717219));
#13949=CARTESIAN_POINT('',(30.5190516551919,145.,-14.4826893132388));
#13950=CARTESIAN_POINT('',(44.0675710677138,144.,-21.4527901717219));
#13951=CARTESIAN_POINT('',(44.0675710677138,-91.3747025381523,-21.4527901717219));
#13952=CARTESIAN_POINT('',(30.5190516551919,144.,-14.4826893132388));
#13953=CARTESIAN_POINT('Origin',(42.8747835789992,-91.3747025381523,-23.7713368863215));
#13954=CARTESIAN_POINT('',(42.8747835789992,145.,-23.7713368863215));
#13955=CARTESIAN_POINT('',(34.9859112020215,145.,-39.1057693016439));
#13956=CARTESIAN_POINT('',(42.8747835789992,144.,-23.7713368863215));
#13957=CARTESIAN_POINT('',(42.8747835789992,-91.3747025381523,-23.7713368863215));
#13958=CARTESIAN_POINT('',(34.9859112020215,144.,-39.1057693016439));
#13959=CARTESIAN_POINT('Origin',(42.401346068046,-91.3747025381523,-23.5277746858287));
#13960=CARTESIAN_POINT('',(29.0895454110004,145.,-16.679454927592));
#13961=CARTESIAN_POINT('',(29.0895454110004,144.,-16.679454927592));
#13962=CARTESIAN_POINT('Origin',(0.,144.,-40.5));
#13963=CARTESIAN_POINT('Origin',(0.,144.,-40.5));
#13964=CARTESIAN_POINT('',(37.1776743737491,144.,-31.3774415326156));
#13965=CARTESIAN_POINT('',(38.4611606903855,144.,-30.366227555483));
#13966=CARTESIAN_POINT('Ctrl Pts',(37.1776743737491,144.,-31.3774415326156));
#13967=CARTESIAN_POINT('Ctrl Pts',(37.432963733685,144.,-31.2901205698095));
#13968=CARTESIAN_POINT('Ctrl Pts',(37.6533246894116,144.,-31.1706026083447));
#13969=CARTESIAN_POINT('Ctrl Pts',(37.8387572409292,144.,-31.0188876482213));
#13970=CARTESIAN_POINT('Ctrl Pts',(38.0241897924467,144.,-30.8671726880978));
#13971=CARTESIAN_POINT('Ctrl Pts',(38.2316576089321,144.,-30.6496193238517));
#13972=CARTESIAN_POINT('Ctrl Pts',(38.4611606903855,144.,-30.366227555483));
#13973=CARTESIAN_POINT('',(35.1341911660201,144.,-30.9050578577909));
#13974=CARTESIAN_POINT('Ctrl Pts',(35.1341911660201,144.,-30.9050578577909));
#13975=CARTESIAN_POINT('Ctrl Pts',(35.4534792250489,144.,-31.1636313295617));
#13976=CARTESIAN_POINT('Ctrl Pts',(35.7939973931557,144.,-31.3322516752618));
#13977=CARTESIAN_POINT('Ctrl Pts',(36.1557456703404,144.,-31.4109188948911));
#13978=CARTESIAN_POINT('Ctrl Pts',(36.5174939475251,144.,-31.4895861145205));
#13979=CARTESIAN_POINT('Ctrl Pts',(36.8581368486614,144.,-31.4784269937619));
#13980=CARTESIAN_POINT('Ctrl Pts',(37.1776743737491,144.,-31.3774415326156));
#13981=CARTESIAN_POINT('',(34.234311674136,144.,-29.0031624133114));
#13982=CARTESIAN_POINT('Ctrl Pts',(34.234311674136,144.,-29.0031624133114));
#13983=CARTESIAN_POINT('Ctrl Pts',(34.2014922275238,144.,-29.3488581724494));
#13984=CARTESIAN_POINT('Ctrl Pts',(34.2582497506742,144.,-29.6834137618778));
#13985=CARTESIAN_POINT('Ctrl Pts',(34.404584243587,144.,-30.0068291815966));
#13986=CARTESIAN_POINT('Ctrl Pts',(34.5509187364999,144.,-30.3302446013154));
#13987=CARTESIAN_POINT('Ctrl Pts',(34.7941210439776,144.,-30.6296541600468));
#13988=CARTESIAN_POINT('Ctrl Pts',(35.1341911660201,144.,-30.9050578577909));
#13989=CARTESIAN_POINT('',(34.9709913611586,144.,-27.5256577772971));
#13990=CARTESIAN_POINT('Ctrl Pts',(34.9709913611586,144.,-27.5256577772971));
#13991=CARTESIAN_POINT('Ctrl Pts',(34.7047677866726,144.,-27.8543922286049));
#13992=CARTESIAN_POINT('Ctrl Pts',(34.5204806024753,144.,-28.1321690048798));
#13993=CARTESIAN_POINT('Ctrl Pts',(34.4181298085667,144.,-28.3589881061217));
#13994=CARTESIAN_POINT('Ctrl Pts',(34.315779014658,144.,-28.5858072073637));
#13995=CARTESIAN_POINT('Ctrl Pts',(34.2545063031811,144.,-28.8005319764269));
#13996=CARTESIAN_POINT('Ctrl Pts',(34.234311674136,144.,-29.0031624133114));
#13997=CARTESIAN_POINT('',(35.6158950200426,144.,-26.7293269081809));
#13998=CARTESIAN_POINT('',(25.1950427870484,144.,-39.5970571517838));
#13999=CARTESIAN_POINT('',(39.1129494417131,144.,-29.5613949333157));
#14000=CARTESIAN_POINT('',(29.9773269538507,144.,-22.1629672230549));
#14001=CARTESIAN_POINT('',(28.3662028330551,144.,-42.8315414880022));
#14002=CARTESIAN_POINT('',(37.0322824674108,144.,-30.8326761715833));
#14003=CARTESIAN_POINT('',(35.520973599938,144.,-30.4158678722512));
#14004=CARTESIAN_POINT('Ctrl Pts',(37.0322824674108,144.,-30.8326761715833));
#14005=CARTESIAN_POINT('Ctrl Pts',(36.7911225502749,144.,-30.9064129272861));
#14006=CARTESIAN_POINT('Ctrl Pts',(36.546961784154,144.,-30.9104598058719));
#14007=CARTESIAN_POINT('Ctrl Pts',(36.299800169048,144.,-30.8448168073408));
#14008=CARTESIAN_POINT('Ctrl Pts',(36.052638553942,144.,-30.7791738088097));
#14009=CARTESIAN_POINT('Ctrl Pts',(35.793029697572,144.,-30.6361908304465));
#14010=CARTESIAN_POINT('Ctrl Pts',(35.520973599938,144.,-30.4158678722512));
#14011=CARTESIAN_POINT('',(38.0472692252292,144.,-30.0545027682376));
#14012=CARTESIAN_POINT('Ctrl Pts',(38.0472692252292,144.,-30.0545027682376));
#14013=CARTESIAN_POINT('Ctrl Pts',(37.8804969860397,144.,-30.2604341199189));
#14014=CARTESIAN_POINT('Ctrl Pts',(37.7174663325571,144.,-30.4279448523095));
#14015=CARTESIAN_POINT('Ctrl Pts',(37.5581772647814,144.,-30.5570349654094));
#14016=CARTESIAN_POINT('Ctrl Pts',(37.3988881970057,144.,-30.6861250785094));
#14017=CARTESIAN_POINT('Ctrl Pts',(37.2235899312155,144.,-30.7780054805673));
#14018=CARTESIAN_POINT('Ctrl Pts',(37.0322824674108,144.,-30.8326761715833));
#14019=CARTESIAN_POINT('',(38.3341480770459,144.,-29.7002630577766));
#14020=CARTESIAN_POINT('',(27.9580489449355,144.,-42.5127319065477));
#14021=CARTESIAN_POINT('',(35.6419262775427,144.,-27.5199837839695));
#14022=CARTESIAN_POINT('',(29.3997337447253,144.,-22.4647825353478));
#14023=CARTESIAN_POINT('',(35.3550474257259,144.,-27.8742234944304));
#14024=CARTESIAN_POINT('',(25.4092665713405,144.,-40.1553327775101));
#14025=CARTESIAN_POINT('',(34.8165772887808,144.,-28.9679129395881));
#14026=CARTESIAN_POINT('Ctrl Pts',(34.8165772887808,144.,-28.9679129395881));
#14027=CARTESIAN_POINT('Ctrl Pts',(34.8438767848444,144.,-28.783549760328));
#14028=CARTESIAN_POINT('Ctrl Pts',(34.8979886116156,144.,-28.6076048684682));
#14029=CARTESIAN_POINT('Ctrl Pts',(34.9789127690944,144.,-28.4400782640088));
#14030=CARTESIAN_POINT('Ctrl Pts',(35.0598369265733,144.,-28.2725516595494));
#14031=CARTESIAN_POINT('Ctrl Pts',(35.1852151454504,144.,-28.0839334030233));
#14032=CARTESIAN_POINT('Ctrl Pts',(35.3550474257259,144.,-27.8742234944304));
#14033=CARTESIAN_POINT('Ctrl Pts',(35.520973599938,144.,-30.4158678722512));
#14034=CARTESIAN_POINT('Ctrl Pts',(35.2526960592156,144.,-30.198604955142));
#14035=CARTESIAN_POINT('Ctrl Pts',(35.0595765292118,144.,-29.9686919205894));
#14036=CARTESIAN_POINT('Ctrl Pts',(34.9416150099268,144.,-29.7261287685935));
#14037=CARTESIAN_POINT('Ctrl Pts',(34.8236534906418,144.,-29.4835656165975));
#14038=CARTESIAN_POINT('Ctrl Pts',(34.7819742502598,144.,-29.230827006929));
#14039=CARTESIAN_POINT('Ctrl Pts',(34.8165772887808,144.,-28.9679129395881));
#14040=CARTESIAN_POINT('Origin',(38.3341480770459,-91.3747025381523,-29.7002630577766));
#14041=CARTESIAN_POINT('',(35.6419262775427,145.,-27.5199837839695));
#14042=CARTESIAN_POINT('',(38.3341480770459,145.,-29.7002630577766));
#14043=CARTESIAN_POINT('',(29.3997337447253,145.,-22.4647825353478));
#14044=CARTESIAN_POINT('',(35.6419262775427,-91.3747025381523,-27.5199837839695));
#14045=CARTESIAN_POINT('',(38.3341480770459,-91.3747025381523,-29.7002630577766));
#14046=CARTESIAN_POINT('Origin',(38.0472692252292,-91.3747025381523,-30.0545027682376));
#14047=CARTESIAN_POINT('',(38.0472692252292,145.,-30.0545027682376));
#14048=CARTESIAN_POINT('',(27.9580489449355,145.,-42.5127319065477));
#14049=CARTESIAN_POINT('',(38.0472692252292,-91.3747025381523,-30.0545027682376));
#14050=CARTESIAN_POINT('Ctrl Pts',(38.0472692252292,-91.3747025381523,-30.0545027682376));
#14051=CARTESIAN_POINT('Ctrl Pts',(38.0472692252292,381.374702538152,-30.0545027682376));
#14052=CARTESIAN_POINT('Ctrl Pts',(37.797110866445,-91.3747025381523,-30.3633997957595));
#14053=CARTESIAN_POINT('Ctrl Pts',(37.797110866445,381.374702538152,-30.3633997957595));
#14054=CARTESIAN_POINT('Ctrl Pts',(37.3192436631178,-91.3747025381523,-30.7506701350593));
#14055=CARTESIAN_POINT('Ctrl Pts',(37.3192436631178,381.374702538152,-30.7506701350593));
#14056=CARTESIAN_POINT('Ctrl Pts',(37.0322824674108,-91.3747025381523,-30.8326761715833));
#14057=CARTESIAN_POINT('Ctrl Pts',(37.0322824674108,381.374702538152,-30.8326761715833));
#14058=CARTESIAN_POINT('',(37.0322824674108,145.,-30.8326761715833));
#14059=CARTESIAN_POINT('Ctrl Pts',(38.0472692252292,145.,-30.0545027682376));
#14060=CARTESIAN_POINT('Ctrl Pts',(37.797110866445,145.,-30.3633997957595));
#14061=CARTESIAN_POINT('Ctrl Pts',(37.3192436631178,145.,-30.7506701350593));
#14062=CARTESIAN_POINT('Ctrl Pts',(37.0322824674108,145.,-30.8326761715833));
#14063=CARTESIAN_POINT('',(37.0322824674108,-91.3747025381523,-30.8326761715833));
#14064=CARTESIAN_POINT('Ctrl Pts',(37.0322824674108,-91.3747025381523,-30.8326761715833));
#14065=CARTESIAN_POINT('Ctrl Pts',(37.0322824674108,381.374702538152,-30.8326761715833));
#14066=CARTESIAN_POINT('Ctrl Pts',(36.670542591707,-91.3747025381523,-30.9432813051375));
#14067=CARTESIAN_POINT('Ctrl Pts',(36.670542591707,381.374702538152,-30.9432813051375));
#14068=CARTESIAN_POINT('Ctrl Pts',(35.929057746389,-91.3747025381523,-30.7463523095441));
#14069=CARTESIAN_POINT('Ctrl Pts',(35.929057746389,381.374702538152,-30.7463523095441));
#14070=CARTESIAN_POINT('Ctrl Pts',(35.520973599938,-91.3747025381523,-30.4158678722512));
#14071=CARTESIAN_POINT('Ctrl Pts',(35.520973599938,381.374702538152,-30.4158678722512));
#14072=CARTESIAN_POINT('',(35.520973599938,145.,-30.4158678722512));
#14073=CARTESIAN_POINT('Ctrl Pts',(37.0322824674108,145.,-30.8326761715833));
#14074=CARTESIAN_POINT('Ctrl Pts',(36.670542591707,145.,-30.9432813051375));
#14075=CARTESIAN_POINT('Ctrl Pts',(35.929057746389,145.,-30.7463523095441));
#14076=CARTESIAN_POINT('Ctrl Pts',(35.520973599938,145.,-30.4158678722512));
#14077=CARTESIAN_POINT('',(35.520973599938,-91.3747025381523,-30.4158678722512));
#14078=CARTESIAN_POINT('Ctrl Pts',(34.234311674136,-91.3747025381524,-29.0031624133114));
#14079=CARTESIAN_POINT('Ctrl Pts',(34.234311674136,381.374702538152,-29.0031624133114));
#14080=CARTESIAN_POINT('Ctrl Pts',(34.2646036177037,-91.3747025381524,-28.6992167579847));
#14081=CARTESIAN_POINT('Ctrl Pts',(34.2646036177037,381.374702538152,-28.6992167579847));
#14082=CARTESIAN_POINT('Ctrl Pts',(34.5716559994297,-91.3747025381524,-28.0187594542588));
#14083=CARTESIAN_POINT('Ctrl Pts',(34.5716559994297,381.374702538152,-28.0187594542588));
#14084=CARTESIAN_POINT('Ctrl Pts',(34.9709913611586,-91.3747025381524,-27.5256577772971));
#14085=CARTESIAN_POINT('Ctrl Pts',(34.9709913611586,381.374702538152,-27.5256577772971));
#14086=CARTESIAN_POINT('',(34.9709913611586,145.,-27.5256577772971));
#14087=CARTESIAN_POINT('',(34.234311674136,145.,-29.0031624133114));
#14088=CARTESIAN_POINT('Ctrl Pts',(34.9709913611586,145.,-27.5256577772971));
#14089=CARTESIAN_POINT('Ctrl Pts',(34.5716559994297,145.,-28.0187594542588));
#14090=CARTESIAN_POINT('Ctrl Pts',(34.2646036177037,145.,-28.6992167579847));
#14091=CARTESIAN_POINT('Ctrl Pts',(34.234311674136,145.,-29.0031624133114));
#14092=CARTESIAN_POINT('',(34.9709913611586,-91.3747025381524,-27.5256577772971));
#14093=CARTESIAN_POINT('',(34.234311674136,-91.3747025381524,-29.0031624133114));
#14094=CARTESIAN_POINT('Ctrl Pts',(35.1341911660201,-91.3747025381524,-30.9050578577909));
#14095=CARTESIAN_POINT('Ctrl Pts',(35.1341911660201,381.374702538152,-30.9050578577909));
#14096=CARTESIAN_POINT('Ctrl Pts',(34.6240859829563,-91.3747025381524,-30.4919523111748));
#14097=CARTESIAN_POINT('Ctrl Pts',(34.6240859829563,381.374702538152,-30.4919523111748));
#14098=CARTESIAN_POINT('Ctrl Pts',(34.1850825042178,-91.3747025381524,-29.5217060520184));
#14099=CARTESIAN_POINT('Ctrl Pts',(34.1850825042178,381.374702538152,-29.5217060520184));
#14100=CARTESIAN_POINT('Ctrl Pts',(34.234311674136,-91.3747025381524,-29.0031624133114));
#14101=CARTESIAN_POINT('Ctrl Pts',(34.234311674136,381.374702538152,-29.0031624133114));
#14102=CARTESIAN_POINT('',(35.1341911660201,145.,-30.9050578577909));
#14103=CARTESIAN_POINT('Ctrl Pts',(34.234311674136,145.,-29.0031624133114));
#14104=CARTESIAN_POINT('Ctrl Pts',(34.1850825042178,145.,-29.5217060520184));
#14105=CARTESIAN_POINT('Ctrl Pts',(34.6240859829563,145.,-30.4919523111748));
#14106=CARTESIAN_POINT('Ctrl Pts',(35.1341911660201,145.,-30.9050578577909));
#14107=CARTESIAN_POINT('',(35.1341911660201,-91.3747025381524,-30.9050578577909));
#14108=CARTESIAN_POINT('Ctrl Pts',(37.1776743737491,-91.3747025381523,-31.3774415326156));
#14109=CARTESIAN_POINT('Ctrl Pts',(37.1776743737491,381.374702538152,-31.3774415326156));
#14110=CARTESIAN_POINT('Ctrl Pts',(36.6983680861175,-91.3747025381523,-31.5289197243351));
#14111=CARTESIAN_POINT('Ctrl Pts',(36.6983680861175,381.374702538152,-31.5289197243351));
#14112=CARTESIAN_POINT('Ctrl Pts',(35.6131232545633,-91.3747025381523,-31.2929180654471));
#14113=CARTESIAN_POINT('Ctrl Pts',(35.6131232545633,381.374702538152,-31.2929180654471));
#14114=CARTESIAN_POINT('Ctrl Pts',(35.1341911660201,-91.3747025381524,-30.9050578577909));
#14115=CARTESIAN_POINT('Ctrl Pts',(35.1341911660201,381.374702538152,-30.9050578577909));
#14116=CARTESIAN_POINT('',(37.1776743737491,145.,-31.3774415326156));
#14117=CARTESIAN_POINT('Ctrl Pts',(35.1341911660201,145.,-30.9050578577909));
#14118=CARTESIAN_POINT('Ctrl Pts',(35.6131232545633,145.,-31.2929180654471));
#14119=CARTESIAN_POINT('Ctrl Pts',(36.6983680861175,145.,-31.5289197243351));
#14120=CARTESIAN_POINT('Ctrl Pts',(37.1776743737491,145.,-31.3774415326156));
#14121=CARTESIAN_POINT('',(37.1776743737491,-91.3747025381523,-31.3774415326156));
#14122=CARTESIAN_POINT('Ctrl Pts',(38.4611606903855,-91.3747025381523,-30.366227555483));
#14123=CARTESIAN_POINT('Ctrl Pts',(38.4611606903855,381.374702538152,-30.366227555483));
#14124=CARTESIAN_POINT('Ctrl Pts',(38.1169060682054,-91.3747025381523,-30.7913152080361));
#14125=CARTESIAN_POINT('Ctrl Pts',(38.1169060682054,381.374702538152,-30.7913152080361));
#14126=CARTESIAN_POINT('Ctrl Pts',(37.5606084136529,-91.3747025381523,-31.2464600884065));
#14127=CARTESIAN_POINT('Ctrl Pts',(37.5606084136529,381.374702538152,-31.2464600884065));
#14128=CARTESIAN_POINT('Ctrl Pts',(37.1776743737491,-91.3747025381523,-31.3774415326156));
#14129=CARTESIAN_POINT('Ctrl Pts',(37.1776743737491,381.374702538152,-31.3774415326156));
#14130=CARTESIAN_POINT('',(38.4611606903855,145.,-30.366227555483));
#14131=CARTESIAN_POINT('Ctrl Pts',(37.1776743737491,145.,-31.3774415326156));
#14132=CARTESIAN_POINT('Ctrl Pts',(37.5606084136529,145.,-31.2464600884065));
#14133=CARTESIAN_POINT('Ctrl Pts',(38.1169060682054,145.,-30.7913152080361));
#14134=CARTESIAN_POINT('Ctrl Pts',(38.4611606903855,145.,-30.366227555483));
#14135=CARTESIAN_POINT('',(38.4611606903855,-91.3747025381523,-30.366227555483));
#14136=CARTESIAN_POINT('Origin',(35.6419262775427,-91.3747025381523,-27.5199837839695));
#14137=CARTESIAN_POINT('',(35.3550474257259,145.,-27.8742234944304));
#14138=CARTESIAN_POINT('',(25.4092665713405,145.,-40.1553327775101));
#14139=CARTESIAN_POINT('',(35.3550474257259,-91.3747025381523,-27.8742234944304));
#14140=CARTESIAN_POINT('Ctrl Pts',(34.8165772887808,-91.3747025381524,-28.9679129395881));
#14141=CARTESIAN_POINT('Ctrl Pts',(34.8165772887808,381.374702538152,-28.9679129395881));
#14142=CARTESIAN_POINT('Ctrl Pts',(34.8575265328762,-91.3747025381524,-28.6913681706979));
#14143=CARTESIAN_POINT('Ctrl Pts',(34.8575265328762,381.374702538152,-28.6913681706979));
#14144=CARTESIAN_POINT('Ctrl Pts',(35.1002990053127,-91.3747025381524,-28.1887883573198));
#14145=CARTESIAN_POINT('Ctrl Pts',(35.1002990053127,381.374702538152,-28.1887883573198));
#14146=CARTESIAN_POINT('Ctrl Pts',(35.3550474257259,-91.3747025381523,-27.8742234944304));
#14147=CARTESIAN_POINT('Ctrl Pts',(35.3550474257259,381.374702538152,-27.8742234944304));
#14148=CARTESIAN_POINT('',(34.8165772887808,145.,-28.9679129395881));
#14149=CARTESIAN_POINT('Ctrl Pts',(34.8165772887808,145.,-28.9679129395881));
#14150=CARTESIAN_POINT('Ctrl Pts',(34.8575265328762,145.,-28.6913681706979));
#14151=CARTESIAN_POINT('Ctrl Pts',(35.1002990053127,145.,-28.1887883573198));
#14152=CARTESIAN_POINT('Ctrl Pts',(35.3550474257259,145.,-27.8742234944304));
#14153=CARTESIAN_POINT('',(34.8165772887808,-91.3747025381524,-28.9679129395881));
#14154=CARTESIAN_POINT('Ctrl Pts',(35.520973599938,-91.3747025381523,-30.4158678722512));
#14155=CARTESIAN_POINT('Ctrl Pts',(35.520973599938,381.374702538152,-30.4158678722512));
#14156=CARTESIAN_POINT('Ctrl Pts',(35.1185572888544,-91.3747025381524,-30.0899734965874));
#14157=CARTESIAN_POINT('Ctrl Pts',(35.1185572888544,381.374702538152,-30.0899734965874));
#14158=CARTESIAN_POINT('Ctrl Pts',(34.7646727309993,-91.3747025381524,-29.3622840405995));
#14159=CARTESIAN_POINT('Ctrl Pts',(34.7646727309993,381.374702538152,-29.3622840405995));
#14160=CARTESIAN_POINT('Ctrl Pts',(34.8165772887808,-91.3747025381524,-28.9679129395881));
#14161=CARTESIAN_POINT('Ctrl Pts',(34.8165772887808,381.374702538152,-28.9679129395881));
#14162=CARTESIAN_POINT('Ctrl Pts',(35.520973599938,145.,-30.4158678722512));
#14163=CARTESIAN_POINT('Ctrl Pts',(35.1185572888544,145.,-30.0899734965874));
#14164=CARTESIAN_POINT('Ctrl Pts',(34.7646727309993,145.,-29.3622840405995));
#14165=CARTESIAN_POINT('Ctrl Pts',(34.8165772887808,145.,-28.9679129395881));
#14166=CARTESIAN_POINT('Origin',(38.4611606903855,-91.3747025381523,-30.366227555483));
#14167=CARTESIAN_POINT('',(39.1129494417131,145.,-29.5613949333157));
#14168=CARTESIAN_POINT('',(28.3662028330551,145.,-42.8315414880022));
#14169=CARTESIAN_POINT('',(39.1129494417131,-91.3747025381523,-29.5613949333157));
#14170=CARTESIAN_POINT('Origin',(39.1129494417131,-91.3747025381523,-29.5613949333157));
#14171=CARTESIAN_POINT('',(35.6158950200426,145.,-26.7293269081809));
#14172=CARTESIAN_POINT('',(29.9773269538507,145.,-22.1629672230549));
#14173=CARTESIAN_POINT('',(35.6158950200426,-91.3747025381523,-26.7293269081809));
#14174=CARTESIAN_POINT('Origin',(35.6158950200426,-91.3747025381523,-26.7293269081809));
#14175=CARTESIAN_POINT('',(25.1950427870484,145.,-39.5970571517838));
#14176=CARTESIAN_POINT('Origin',(37.2599094625859,-91.3747025381523,-24.341882888881));
#14177=CARTESIAN_POINT('',(37.2599094625859,145.,-24.341882888881));
#14178=CARTESIAN_POINT('',(39.1918607140253,145.,-27.8413005736815));
#14179=CARTESIAN_POINT('',(36.3264606818479,145.,-22.6510911731293));
#14180=CARTESIAN_POINT('',(37.2599094625859,144.,-24.341882888881));
#14181=CARTESIAN_POINT('',(37.2599094625859,-91.3747025381523,-24.341882888881));
#14182=CARTESIAN_POINT('',(39.1918607140253,144.,-27.8413005736815));
#14183=CARTESIAN_POINT('',(36.3264606818479,144.,-22.6510911731293));
#14184=CARTESIAN_POINT('',(39.1918607140253,-91.3747025381523,-27.8413005736815));
#14185=CARTESIAN_POINT('Origin',(37.7367059137324,-91.3747025381523,-23.6385947846792));
#14186=CARTESIAN_POINT('',(37.7367059137324,145.,-23.6385947846792));
#14187=CARTESIAN_POINT('',(27.8794143120507,145.,-38.1783756627475));
#14188=CARTESIAN_POINT('',(37.7367059137324,144.,-23.6385947846792));
#14189=CARTESIAN_POINT('',(37.7367059137324,-91.3747025381523,-23.6385947846792));
#14190=CARTESIAN_POINT('',(27.8794143120507,144.,-38.1783756627475));
#14191=CARTESIAN_POINT('Origin',(41.4614163025097,-91.3747025381523,-26.1637742727258));
#14192=CARTESIAN_POINT('',(41.4614163025097,145.,-26.1637742727258));
#14193=CARTESIAN_POINT('',(30.5879997529364,145.,-18.7921062582946));
#14194=CARTESIAN_POINT('',(41.4614163025097,144.,-26.1637742727258));
#14195=CARTESIAN_POINT('',(41.4614163025097,-91.3747025381523,-26.1637742727258));
#14196=CARTESIAN_POINT('',(30.5879997529364,144.,-18.7921062582946));
#14197=CARTESIAN_POINT('Origin',(41.1483267873791,-91.3747025381523,-26.625590066472));
#14198=CARTESIAN_POINT('',(41.1483267873791,145.,-26.625590066472));
#14199=CARTESIAN_POINT('',(31.4475799432626,145.,-40.9344630476672));
#14200=CARTESIAN_POINT('',(41.1483267873791,144.,-26.625590066472));
#14201=CARTESIAN_POINT('',(41.1483267873791,-91.3747025381523,-26.625590066472));
#14202=CARTESIAN_POINT('',(31.4475799432626,144.,-40.9344630476672));
#14203=CARTESIAN_POINT('Origin',(37.9367450583199,-91.3747025381523,-24.4482878174594));
#14204=CARTESIAN_POINT('',(37.9367450583199,145.,-24.4482878174594));
#14205=CARTESIAN_POINT('',(28.6691193732762,145.,-18.1652709275346));
#14206=CARTESIAN_POINT('',(37.9367450583199,144.,-24.4482878174594));
#14207=CARTESIAN_POINT('',(37.9367450583199,-91.3747025381523,-24.4482878174594));
#14208=CARTESIAN_POINT('',(28.6691193732762,144.,-18.1652709275346));
#14209=CARTESIAN_POINT('Origin',(40.03102694907,-91.3747025381523,-28.2736385853313));
#14210=CARTESIAN_POINT('',(40.03102694907,145.,-28.2736385853313));
#14211=CARTESIAN_POINT('',(37.9902885898655,145.,-24.5460887822756));
#14212=CARTESIAN_POINT('',(40.03102694907,144.,-28.2736385853313));
#14213=CARTESIAN_POINT('',(40.03102694907,-91.3747025381523,-28.2736385853313));
#14214=CARTESIAN_POINT('',(37.9902885898655,144.,-24.5460887822756));
#14215=CARTESIAN_POINT('Origin',(39.6545009962332,-91.3747025381523,-28.8290248993792));
#14216=CARTESIAN_POINT('',(39.6545009962332,145.,-28.8290248993792));
#14217=CARTESIAN_POINT('',(30.70066704769,145.,-42.0361804641207));
#14218=CARTESIAN_POINT('',(39.6545009962332,144.,-28.8290248993792));
#14219=CARTESIAN_POINT('',(39.6545009962332,-91.3747025381523,-28.8290248993792));
#14220=CARTESIAN_POINT('',(30.7006670476899,144.,-42.0361804641207));
#14221=CARTESIAN_POINT('Origin',(35.929790607456,-91.3747025381524,-26.3038454113326));
#14222=CARTESIAN_POINT('',(35.929790607456,145.,-26.3038454113326));
#14223=CARTESIAN_POINT('',(26.9187292522713,145.,-20.1947671409247));
#14224=CARTESIAN_POINT('',(35.929790607456,144.,-26.3038454113326));
#14225=CARTESIAN_POINT('',(35.929790607456,-91.3747025381524,-26.3038454113326));
#14226=CARTESIAN_POINT('',(26.9187292522713,144.,-20.1947671409247));
#14227=CARTESIAN_POINT('Origin',(36.2428801225865,-91.3747025381524,-25.8420296175863));
#14228=CARTESIAN_POINT('',(36.2428801225865,145.,-25.8420296175863));
#14229=CARTESIAN_POINT('',(27.1325014164783,145.,-39.280093079201));
#14230=CARTESIAN_POINT('',(36.2428801225865,144.,-25.8420296175863));
#14231=CARTESIAN_POINT('',(36.2428801225865,-91.3747025381524,-25.8420296175863));
#14232=CARTESIAN_POINT('',(27.1325014164783,144.,-39.280093079201));
#14233=CARTESIAN_POINT('Origin',(39.1918607140253,-91.3747025381523,-27.8413005736815));
#14234=CARTESIAN_POINT('',(28.7063090631213,145.,-20.732586825226));
#14235=CARTESIAN_POINT('',(28.7063090631213,144.,-20.732586825226));
#14236=CARTESIAN_POINT('Origin',(0.,144.,-40.5));
#14237=CARTESIAN_POINT('Origin',(0.,144.,-40.5));
#14238=CARTESIAN_POINT('',(33.168852954095,144.,-29.693695671436));
#14239=CARTESIAN_POINT('',(31.2315652686321,144.,-31.736356718868));
#14240=CARTESIAN_POINT('',(22.6176311854015,144.,-40.8188217285795));
#14241=CARTESIAN_POINT('',(36.4339355091871,144.,-32.7903446401681));
#14242=CARTESIAN_POINT('',(28.768189523287,144.,-25.5200462629405));
#14243=CARTESIAN_POINT('',(34.4966478237242,144.,-34.8330056876001));
#14244=CARTESIAN_POINT('',(24.9140698977621,144.,-44.9368012210277));
#14245=CARTESIAN_POINT('',(34.1103414598316,144.,-34.466627446567));
#14246=CARTESIAN_POINT('',(26.6377486558781,144.,-27.3795181898559));
#14247=CARTESIAN_POINT('',(35.636080984134,144.,-32.8578995750143));
#14248=CARTESIAN_POINT('',(25.2906332960207,144.,-43.7660590442182));
#14249=CARTESIAN_POINT('',(34.424243212471,144.,-31.7085760517734));
#14250=CARTESIAN_POINT('',(27.5575692943487,144.,-25.1961285566828));
#14251=CARTESIAN_POINT('',(33.0013907284587,144.,-33.2088206293562));
#14252=CARTESIAN_POINT('',(23.3673692823516,144.,-43.3668578097687));
#14253=CARTESIAN_POINT('',(32.6150843645661,144.,-32.8424423883231));
#14254=CARTESIAN_POINT('',(25.9415636283903,144.,-26.5131840137491));
#14255=CARTESIAN_POINT('',(34.0379368485784,144.,-31.3421978107402));
#14256=CARTESIAN_POINT('',(23.6924891604652,144.,-42.2503572799441));
#14257=CARTESIAN_POINT('',(33.1436111568271,144.,-30.4940070883484));
#14258=CARTESIAN_POINT('',(26.9172532665269,144.,-24.5888440749703));
#14259=CARTESIAN_POINT('',(31.6178716325247,144.,-32.1027349599011));
#14260=CARTESIAN_POINT('',(22.0352937065626,144.,-42.2065304933286));
#14261=CARTESIAN_POINT('',(25.1983605602782,144.,-26.0143828260064));
#14262=CARTESIAN_POINT('Origin',(34.424243212471,-91.3747025381523,-31.7085760517734));
#14263=CARTESIAN_POINT('',(34.424243212471,145.,-31.7085760517734));
#14264=CARTESIAN_POINT('',(35.636080984134,145.,-32.8578995750143));
#14265=CARTESIAN_POINT('',(27.5575692943487,145.,-25.1961285566828));
#14266=CARTESIAN_POINT('',(34.424243212471,-91.3747025381523,-31.7085760517734));
#14267=CARTESIAN_POINT('',(35.636080984134,-91.3747025381523,-32.8578995750143));
#14268=CARTESIAN_POINT('Origin',(35.636080984134,-91.3747025381523,-32.8578995750143));
#14269=CARTESIAN_POINT('',(34.1103414598316,145.,-34.466627446567));
#14270=CARTESIAN_POINT('',(25.2906332960207,145.,-43.7660590442182));
#14271=CARTESIAN_POINT('',(34.1103414598316,-91.3747025381523,-34.466627446567));
#14272=CARTESIAN_POINT('Origin',(34.1103414598316,-91.3747025381523,-34.466627446567));
#14273=CARTESIAN_POINT('',(34.4966478237242,145.,-34.8330056876001));
#14274=CARTESIAN_POINT('',(26.6377486558781,145.,-27.3795181898559));
#14275=CARTESIAN_POINT('',(34.4966478237242,-91.3747025381523,-34.8330056876001));
#14276=CARTESIAN_POINT('Origin',(34.4966478237242,-91.3747025381523,-34.8330056876001));
#14277=CARTESIAN_POINT('',(36.4339355091871,145.,-32.7903446401681));
#14278=CARTESIAN_POINT('',(24.9140698977621,145.,-44.9368012210277));
#14279=CARTESIAN_POINT('',(36.4339355091871,-91.3747025381523,-32.7903446401681));
#14280=CARTESIAN_POINT('Origin',(36.4339355091871,-91.3747025381523,-32.7903446401681));
#14281=CARTESIAN_POINT('',(33.168852954095,145.,-29.693695671436));
#14282=CARTESIAN_POINT('',(28.768189523287,145.,-25.5200462629405));
#14283=CARTESIAN_POINT('',(33.168852954095,-91.3747025381523,-29.693695671436));
#14284=CARTESIAN_POINT('Origin',(33.168852954095,-91.3747025381523,-29.693695671436));
#14285=CARTESIAN_POINT('',(31.2315652686321,145.,-31.736356718868));
#14286=CARTESIAN_POINT('',(22.6176311854015,145.,-40.8188217285795));
#14287=CARTESIAN_POINT('',(31.2315652686321,-91.3747025381524,-31.736356718868));
#14288=CARTESIAN_POINT('Origin',(31.2315652686321,-91.3747025381524,-31.736356718868));
#14289=CARTESIAN_POINT('',(31.6178716325247,145.,-32.1027349599011));
#14290=CARTESIAN_POINT('',(25.1983605602782,145.,-26.0143828260064));
#14291=CARTESIAN_POINT('',(31.6178716325247,-91.3747025381524,-32.1027349599011));
#14292=CARTESIAN_POINT('Origin',(31.6178716325247,-91.3747025381524,-32.1027349599011));
#14293=CARTESIAN_POINT('',(33.1436111568271,145.,-30.4940070883484));
#14294=CARTESIAN_POINT('',(22.0352937065626,145.,-42.2065304933286));
#14295=CARTESIAN_POINT('',(33.1436111568271,-91.3747025381524,-30.4940070883484));
#14296=CARTESIAN_POINT('Origin',(33.1436111568271,-91.3747025381524,-30.4940070883484));
#14297=CARTESIAN_POINT('',(34.0379368485784,145.,-31.3421978107402));
#14298=CARTESIAN_POINT('',(26.9172532665269,145.,-24.5888440749703));
#14299=CARTESIAN_POINT('',(34.0379368485784,-91.3747025381523,-31.3421978107402));
#14300=CARTESIAN_POINT('Origin',(34.0379368485784,-91.3747025381523,-31.3421978107402));
#14301=CARTESIAN_POINT('',(32.6150843645661,145.,-32.8424423883231));
#14302=CARTESIAN_POINT('',(23.6924891604652,145.,-42.2503572799441));
#14303=CARTESIAN_POINT('',(32.6150843645661,-91.3747025381524,-32.8424423883231));
#14304=CARTESIAN_POINT('Origin',(32.6150843645661,-91.3747025381524,-32.8424423883231));
#14305=CARTESIAN_POINT('',(33.0013907284587,145.,-33.2088206293562));
#14306=CARTESIAN_POINT('',(25.9415636283903,145.,-26.5131840137491));
#14307=CARTESIAN_POINT('',(33.0013907284587,-91.3747025381524,-33.2088206293562));
#14308=CARTESIAN_POINT('Origin',(33.0013907284587,-91.3747025381524,-33.2088206293562));
#14309=CARTESIAN_POINT('',(23.3673692823516,145.,-43.3668578097687));
#14310=CARTESIAN_POINT('Origin',(31.0006946888818,-91.3747025381523,-31.9585770648762));
#14311=CARTESIAN_POINT('',(31.0006946888818,145.,-31.9585770648762));
#14312=CARTESIAN_POINT('',(30.1422223765012,145.,-32.7381911464833));
#14313=CARTESIAN_POINT('',(20.3805712625635,145.,-41.6031487676065));
#14314=CARTESIAN_POINT('',(31.0006946888818,144.,-31.9585770648762));
#14315=CARTESIAN_POINT('',(31.0006946888818,-91.3747025381523,-31.9585770648762));
#14316=CARTESIAN_POINT('',(30.1422223765012,144.,-32.7381911464833));
#14317=CARTESIAN_POINT('',(20.3805712625635,144.,-41.6031487676065));
#14318=CARTESIAN_POINT('',(30.1422223765012,-91.3747025381524,-32.7381911464833));
#14319=CARTESIAN_POINT('Origin',(34.0259895841747,-91.3747025381523,-35.2898815726675));
#14320=CARTESIAN_POINT('',(34.0259895841747,145.,-35.2898815726675));
#14321=CARTESIAN_POINT('',(27.6331182184056,145.,-28.2503690836035));
#14322=CARTESIAN_POINT('',(34.0259895841747,144.,-35.2898815726675));
#14323=CARTESIAN_POINT('',(34.0259895841747,-91.3747025381523,-35.2898815726675));
#14324=CARTESIAN_POINT('',(27.6331182184056,144.,-28.2503690836035));
#14325=CARTESIAN_POINT('Origin',(33.5832554356514,-91.3747025381523,-35.6919466965152));
#14326=CARTESIAN_POINT('',(33.5832554356514,145.,-35.6919466965152));
#14327=CARTESIAN_POINT('',(23.1844990835948,145.,-45.1354858373216));
#14328=CARTESIAN_POINT('',(33.5832554356514,144.,-35.6919466965152));
#14329=CARTESIAN_POINT('',(33.5832554356514,-91.3747025381523,-35.6919466965152));
#14330=CARTESIAN_POINT('',(23.1844990835948,144.,-45.1354858373216));
#14331=CARTESIAN_POINT('Origin',(32.3795116807172,-91.3747025381523,-34.3664438494119));
#14332=CARTESIAN_POINT('',(32.3795116807172,145.,-34.3664438494119));
#14333=CARTESIAN_POINT('',(26.5885121924152,145.,-27.9896827838995));
#14334=CARTESIAN_POINT('',(32.3795116807172,144.,-34.3664438494119));
#14335=CARTESIAN_POINT('',(32.3795116807172,-91.3747025381523,-34.3664438494119));
#14336=CARTESIAN_POINT('',(26.5885121924152,144.,-27.9896827838995));
#14337=CARTESIAN_POINT('Origin',(31.8719871689953,-91.3747025381523,-34.8273477718714));
#14338=CARTESIAN_POINT('',(31.8719871689953,145.,-34.8273477718714));
#14339=CARTESIAN_POINT('',(21.7269930727996,145.,-44.0404349514481));
#14340=CARTESIAN_POINT('',(31.8719871689953,144.,-34.8273477718714));
#14341=CARTESIAN_POINT('',(31.8719871689953,-91.3747025381523,-34.8273477718714));
#14342=CARTESIAN_POINT('',(21.7269930727996,144.,-44.0404349514481));
#14343=CARTESIAN_POINT('Ctrl Pts',(30.2313985903237,-91.3747025381524,-34.3714589131602));
#14344=CARTESIAN_POINT('Ctrl Pts',(30.2313985903237,381.374702538152,-34.3714589131602));
#14345=CARTESIAN_POINT('Ctrl Pts',(30.099011293447,-91.3747025381524,-34.2256805959635));
#14346=CARTESIAN_POINT('Ctrl Pts',(30.099011293447,381.374702538152,-34.2256805959635));
#14347=CARTESIAN_POINT('Ctrl Pts',(29.9981118566454,-91.3747025381524,-33.9084524920998));
#14348=CARTESIAN_POINT('Ctrl Pts',(29.9981118566454,381.374702538152,-33.9084524920998));
#14349=CARTESIAN_POINT('Ctrl Pts',(30.0399021468713,-91.3747025381524,-33.7374986691483));
#14350=CARTESIAN_POINT('Ctrl Pts',(30.0399021468713,381.374702538152,-33.7374986691483));
#14351=CARTESIAN_POINT('',(30.2313985903237,145.,-34.3714589131602));
#14352=CARTESIAN_POINT('',(30.0399021468713,145.,-33.7374986691483));
#14353=CARTESIAN_POINT('Ctrl Pts',(30.2313985903237,145.,-34.3714589131602));
#14354=CARTESIAN_POINT('Ctrl Pts',(30.099011293447,145.,-34.2256805959635));
#14355=CARTESIAN_POINT('Ctrl Pts',(29.9981118566454,145.,-33.9084524920998));
#14356=CARTESIAN_POINT('Ctrl Pts',(30.0399021468713,145.,-33.7374986691483));
#14357=CARTESIAN_POINT('',(30.2313985903237,144.,-34.3714589131602));
#14358=CARTESIAN_POINT('',(30.2313985903237,-91.3747025381524,-34.3714589131602));
#14359=CARTESIAN_POINT('',(30.0399021468713,144.,-33.7374986691483));
#14360=CARTESIAN_POINT('Ctrl Pts',(30.2313985903237,144.,-34.3714589131602));
#14361=CARTESIAN_POINT('Ctrl Pts',(30.1431403924059,144.,-34.2742733683624));
#14362=CARTESIAN_POINT('Ctrl Pts',(30.0821947206468,144.,-34.1728092453195));
#14363=CARTESIAN_POINT('Ctrl Pts',(30.0485615750462,144.,-34.0670665440316));
#14364=CARTESIAN_POINT('Ctrl Pts',(30.0149284294457,144.,-33.9613238427437));
#14365=CARTESIAN_POINT('Ctrl Pts',(30.0120419533874,144.,-33.8514678844493));
#14366=CARTESIAN_POINT('Ctrl Pts',(30.0399021468713,144.,-33.7374986691483));
#14367=CARTESIAN_POINT('',(30.0399021468713,-91.3747025381524,-33.7374986691483));
#14368=CARTESIAN_POINT('Ctrl Pts',(30.0399021468713,-91.3747025381524,-33.7374986691483));
#14369=CARTESIAN_POINT('Ctrl Pts',(30.0399021468713,381.374702538152,-33.7374986691483));
#14370=CARTESIAN_POINT('Ctrl Pts',(30.0780009111994,-91.3747025381524,-33.5896013231075));
#14371=CARTESIAN_POINT('Ctrl Pts',(30.0780009111994,381.374702538152,-33.5896013231075));
#14372=CARTESIAN_POINT('Ctrl Pts',(30.282482853026,-91.3747025381524,-33.310308607621));
#14373=CARTESIAN_POINT('Ctrl Pts',(30.282482853026,381.374702538152,-33.310308607621));
#14374=CARTESIAN_POINT('Ctrl Pts',(30.4660555487552,-91.3747025381524,-33.1435986782207));
#14375=CARTESIAN_POINT('Ctrl Pts',(30.4660555487552,381.374702538152,-33.1435986782207));
#14376=CARTESIAN_POINT('',(30.4660555487552,145.,-33.1435986782207));
#14377=CARTESIAN_POINT('Ctrl Pts',(30.0399021468713,145.,-33.7374986691483));
#14378=CARTESIAN_POINT('Ctrl Pts',(30.0780009111994,145.,-33.5896013231075));
#14379=CARTESIAN_POINT('Ctrl Pts',(30.282482853026,145.,-33.310308607621));
#14380=CARTESIAN_POINT('Ctrl Pts',(30.4660555487552,145.,-33.1435986782207));
#14381=CARTESIAN_POINT('',(30.4660555487552,144.,-33.1435986782207));
#14382=CARTESIAN_POINT('Ctrl Pts',(30.0399021468713,144.,-33.7374986691483));
#14383=CARTESIAN_POINT('Ctrl Pts',(30.0653013230901,144.,-33.6389004384544));
#14384=CARTESIAN_POINT('Ctrl Pts',(30.1120812348372,144.,-33.543052537193));
#14385=CARTESIAN_POINT('Ctrl Pts',(30.1802418821127,144.,-33.4499549653642));
#14386=CARTESIAN_POINT('Ctrl Pts',(30.2484025293883,144.,-33.3568573935354));
#14387=CARTESIAN_POINT('Ctrl Pts',(30.3436737516024,144.,-33.2547386311543));
#14388=CARTESIAN_POINT('Ctrl Pts',(30.4660555487552,144.,-33.1435986782207));
#14389=CARTESIAN_POINT('',(30.4660555487552,-91.3747025381524,-33.1435986782207));
#14390=CARTESIAN_POINT('Origin',(30.9060900988119,-91.3747025381523,-32.7439851709819));
#14391=CARTESIAN_POINT('',(30.9060900988119,145.,-32.7439851709819));
#14392=CARTESIAN_POINT('',(20.5073337467553,145.,-42.1875243117884));
#14393=CARTESIAN_POINT('',(30.9060900988119,144.,-32.7439851709819));
#14394=CARTESIAN_POINT('',(20.5073337467553,144.,-42.1875243117883));
#14395=CARTESIAN_POINT('',(30.9060900988119,-91.3747025381523,-32.7439851709819));
#14396=CARTESIAN_POINT('Origin',(32.0228875219534,-91.3747025381523,-37.1089810964174));
#14397=CARTESIAN_POINT('',(32.0228875219534,145.,-37.1089810964174));
#14398=CARTESIAN_POINT('',(32.0648043870695,145.,-37.7427696491583));
#14399=CARTESIAN_POINT('',(32.0228875219534,144.,-37.1089810964174));
#14400=CARTESIAN_POINT('',(32.0228875219534,-91.3747025381523,-37.1089810964174));
#14401=CARTESIAN_POINT('',(32.0648043870695,144.,-37.7427696491583));
#14402=CARTESIAN_POINT('Origin',(31.4478730485664,-91.3747025381523,-37.6311754340976));
#14403=CARTESIAN_POINT('',(31.4478730485664,145.,-37.6311754340976));
#14404=CARTESIAN_POINT('',(22.1168078900523,145.,-46.1051002061129));
#14405=CARTESIAN_POINT('',(31.4478730485664,144.,-37.6311754340976));
#14406=CARTESIAN_POINT('',(31.4478730485664,-91.3747025381523,-37.6311754340976));
#14407=CARTESIAN_POINT('',(22.1168078900523,144.,-46.1051002061129));
#14408=CARTESIAN_POINT('Origin',(31.316478656466,-91.3747025381523,-35.1052313662552));
#14409=CARTESIAN_POINT('',(31.316478656466,145.,-35.1052313662552));
#14410=CARTESIAN_POINT('',(31.4141576208945,145.,-36.9830253634509));
#14411=CARTESIAN_POINT('',(31.316478656466,144.,-35.1052313662552));
#14412=CARTESIAN_POINT('',(31.316478656466,-91.3747025381523,-35.1052313662552));
#14413=CARTESIAN_POINT('',(31.4141576208945,144.,-36.9830253634509));
#14414=CARTESIAN_POINT('Ctrl Pts',(31.316478656466,-91.3747025381523,-35.1052313662552));
#14415=CARTESIAN_POINT('Ctrl Pts',(31.316478656466,381.374702538152,-35.1052313662552));
#14416=CARTESIAN_POINT('Ctrl Pts',(30.8900549066181,-91.3747025381523,-35.2757397935662));
#14417=CARTESIAN_POINT('Ctrl Pts',(30.8900549066181,381.374702538152,-35.2757397935662));
#14418=CARTESIAN_POINT('Ctrl Pts',(30.0688644788111,-91.3747025381524,-35.1200363661956));
#14419=CARTESIAN_POINT('Ctrl Pts',(30.0688644788111,381.374702538152,-35.1200363661956));
#14420=CARTESIAN_POINT('Ctrl Pts',(29.7378962366194,-91.3747025381524,-34.7555905732038));
#14421=CARTESIAN_POINT('Ctrl Pts',(29.7378962366194,381.374702538152,-34.7555905732038));
#14422=CARTESIAN_POINT('',(29.7378962366194,145.,-34.7555905732038));
#14423=CARTESIAN_POINT('Ctrl Pts',(29.7378962366194,145.,-34.7555905732038));
#14424=CARTESIAN_POINT('Ctrl Pts',(30.0688644788111,145.,-35.1200363661956));
#14425=CARTESIAN_POINT('Ctrl Pts',(30.8900549066181,145.,-35.2757397935662));
#14426=CARTESIAN_POINT('Ctrl Pts',(31.316478656466,145.,-35.1052313662552));
#14427=CARTESIAN_POINT('',(29.7378962366194,144.,-34.7555905732038));
#14428=CARTESIAN_POINT('',(29.7378962366194,-91.3747025381524,-34.7555905732038));
#14429=CARTESIAN_POINT('Ctrl Pts',(29.7378962366194,144.,-34.7555905732038));
#14430=CARTESIAN_POINT('Ctrl Pts',(29.9585417314139,144.,-34.9985544351983));
#14431=CARTESIAN_POINT('Ctrl Pts',(30.2057295501123,144.,-35.145986937424));
#14432=CARTESIAN_POINT('Ctrl Pts',(30.4794596927146,144.,-35.1978880798809));
#14433=CARTESIAN_POINT('Ctrl Pts',(30.7531898353169,144.,-35.2497892223378));
#14434=CARTESIAN_POINT('Ctrl Pts',(31.0321961565674,144.,-35.2189036511292));
#14435=CARTESIAN_POINT('Ctrl Pts',(31.316478656466,144.,-35.1052313662552));
#14436=CARTESIAN_POINT('Ctrl Pts',(29.7378962366194,-91.3747025381524,-34.7555905732038));
#14437=CARTESIAN_POINT('Ctrl Pts',(29.7378962366194,381.374702538152,-34.7555905732038));
#14438=CARTESIAN_POINT('Ctrl Pts',(29.5000894255632,-91.3747025381524,-34.4937295219431));
#14439=CARTESIAN_POINT('Ctrl Pts',(29.5000894255632,381.374702538152,-34.4937295219431));
#14440=CARTESIAN_POINT('Ctrl Pts',(29.3813975348022,-91.3747025381524,-33.9562108771557));
#14441=CARTESIAN_POINT('Ctrl Pts',(29.3813975348022,381.374702538152,-33.9562108771557));
#14442=CARTESIAN_POINT('Ctrl Pts',(29.4539035375608,-91.3747025381524,-33.6834726619845));
#14443=CARTESIAN_POINT('Ctrl Pts',(29.4539035375608,381.374702538152,-33.6834726619845));
#14444=CARTESIAN_POINT('',(29.4539035375608,145.,-33.6834726619845));
#14445=CARTESIAN_POINT('Ctrl Pts',(29.4539035375608,145.,-33.6834726619845));
#14446=CARTESIAN_POINT('Ctrl Pts',(29.3813975348022,145.,-33.9562108771557));
#14447=CARTESIAN_POINT('Ctrl Pts',(29.5000894255632,145.,-34.4937295219431));
#14448=CARTESIAN_POINT('Ctrl Pts',(29.7378962366194,145.,-34.7555905732038));
#14449=CARTESIAN_POINT('',(29.4539035375608,144.,-33.6834726619845));
#14450=CARTESIAN_POINT('',(29.4539035375608,-91.3747025381524,-33.6834726619845));
#14451=CARTESIAN_POINT('Ctrl Pts',(29.4539035375608,144.,-33.6834726619845));
#14452=CARTESIAN_POINT('Ctrl Pts',(29.4055662023884,144.,-33.8652981387653));
#14453=CARTESIAN_POINT('Ctrl Pts',(29.4011795165957,144.,-34.0457973179536));
#14454=CARTESIAN_POINT('Ctrl Pts',(29.4407434801827,144.,-34.2249701995494));
#14455=CARTESIAN_POINT('Ctrl Pts',(29.4803074437697,144.,-34.4041430811452));
#14456=CARTESIAN_POINT('Ctrl Pts',(29.5793583625819,144.,-34.58101653903));
#14457=CARTESIAN_POINT('Ctrl Pts',(29.7378962366194,144.,-34.7555905732038));
#14458=CARTESIAN_POINT('Ctrl Pts',(29.4539035375608,-91.3747025381524,-33.6834726619845));
#14459=CARTESIAN_POINT('Ctrl Pts',(29.4539035375608,381.374702538152,-33.6834726619845));
#14460=CARTESIAN_POINT('Ctrl Pts',(29.5264095403194,-91.3747025381524,-33.4107344468133));
#14461=CARTESIAN_POINT('Ctrl Pts',(29.5264095403194,381.374702538152,-33.4107344468133));
#14462=CARTESIAN_POINT('Ctrl Pts',(29.856064939041,-91.3747025381524,-32.998062507019));
#14463=CARTESIAN_POINT('Ctrl Pts',(29.856064939041,381.374702538152,-32.998062507019));
#14464=CARTESIAN_POINT('Ctrl Pts',(30.1422223765012,-91.3747025381524,-32.7381911464833));
#14465=CARTESIAN_POINT('Ctrl Pts',(30.1422223765012,381.374702538152,-32.7381911464833));
#14466=CARTESIAN_POINT('Ctrl Pts',(30.1422223765012,145.,-32.7381911464833));
#14467=CARTESIAN_POINT('Ctrl Pts',(29.856064939041,145.,-32.998062507019));
#14468=CARTESIAN_POINT('Ctrl Pts',(29.5264095403194,145.,-33.4107344468133));
#14469=CARTESIAN_POINT('Ctrl Pts',(29.4539035375608,145.,-33.6834726619845));
#14470=CARTESIAN_POINT('Ctrl Pts',(30.1422223765012,144.,-32.7381911464833));
#14471=CARTESIAN_POINT('Ctrl Pts',(29.9514507515277,144.,-32.9114387201738));
#14472=CARTESIAN_POINT('Ctrl Pts',(29.8011223725874,144.,-33.0668411636514));
#14473=CARTESIAN_POINT('Ctrl Pts',(29.6912372396802,144.,-33.2043984769161));
#14474=CARTESIAN_POINT('Ctrl Pts',(29.581352106773,144.,-33.3419557901809));
#14475=CARTESIAN_POINT('Ctrl Pts',(29.5022408727332,144.,-33.5016471852037));
#14476=CARTESIAN_POINT('Ctrl Pts',(29.4539035375608,144.,-33.6834726619845));
#14477=CARTESIAN_POINT('Ctrl Pts',(30.8959841050986,-91.3747025381523,-34.7235678530638));
#14478=CARTESIAN_POINT('Ctrl Pts',(30.8959841050986,381.374702538152,-34.7235678530638));
#14479=CARTESIAN_POINT('Ctrl Pts',(30.7154435956007,-91.3747025381523,-34.720039703117));
#14480=CARTESIAN_POINT('Ctrl Pts',(30.7154435956007,381.374702538152,-34.720039703117));
#14481=CARTESIAN_POINT('Ctrl Pts',(30.3883020532887,-91.3747025381524,-34.544233215023));
#14482=CARTESIAN_POINT('Ctrl Pts',(30.3883020532887,381.374702538152,-34.544233215023));
#14483=CARTESIAN_POINT('Ctrl Pts',(30.2313985903237,-91.3747025381524,-34.3714589131602));
#14484=CARTESIAN_POINT('Ctrl Pts',(30.2313985903237,381.374702538152,-34.3714589131602));
#14485=CARTESIAN_POINT('',(30.8959841050986,145.,-34.7235678530638));
#14486=CARTESIAN_POINT('Ctrl Pts',(30.8959841050986,145.,-34.7235678530638));
#14487=CARTESIAN_POINT('Ctrl Pts',(30.7154435956007,145.,-34.720039703117));
#14488=CARTESIAN_POINT('Ctrl Pts',(30.3883020532887,145.,-34.544233215023));
#14489=CARTESIAN_POINT('Ctrl Pts',(30.2313985903237,145.,-34.3714589131602));
#14490=CARTESIAN_POINT('',(30.8959841050986,144.,-34.7235678530638));
#14491=CARTESIAN_POINT('',(30.8959841050986,-91.3747025381523,-34.7235678530638));
#14492=CARTESIAN_POINT('Ctrl Pts',(30.8959841050986,144.,-34.7235678530638));
#14493=CARTESIAN_POINT('Ctrl Pts',(30.7756237654333,144.,-34.7212157530992));
#14494=CARTESIAN_POINT('Ctrl Pts',(30.6609200052154,144.,-34.690738621768));
#14495=CARTESIAN_POINT('Ctrl Pts',(30.5518728244447,144.,-34.63213645907));
#14496=CARTESIAN_POINT('Ctrl Pts',(30.442825643674,144.,-34.573534296372));
#14497=CARTESIAN_POINT('Ctrl Pts',(30.336000898967,144.,-34.4866417810687));
#14498=CARTESIAN_POINT('Ctrl Pts',(30.2313985903237,144.,-34.3714589131602));
#14499=CARTESIAN_POINT('Ctrl Pts',(31.6548980261166,-91.3747025381523,-34.349631651158));
#14500=CARTESIAN_POINT('Ctrl Pts',(31.6548980261166,381.374702538152,-34.349631651158));
#14501=CARTESIAN_POINT('Ctrl Pts',(31.4632265349876,-91.3747025381523,-34.5236964303848));
#14502=CARTESIAN_POINT('Ctrl Pts',(31.4632265349876,381.374702538152,-34.5236964303848));
#14503=CARTESIAN_POINT('Ctrl Pts',(31.0968814930405,-91.3747025381523,-34.7332391455171));
#14504=CARTESIAN_POINT('Ctrl Pts',(31.0968814930405,381.374702538152,-34.7332391455171));
#14505=CARTESIAN_POINT('Ctrl Pts',(30.8959841050986,-91.3747025381523,-34.7235678530638));
#14506=CARTESIAN_POINT('Ctrl Pts',(30.8959841050986,381.374702538152,-34.7235678530638));
#14507=CARTESIAN_POINT('',(31.6548980261166,145.,-34.349631651158));
#14508=CARTESIAN_POINT('Ctrl Pts',(31.6548980261166,145.,-34.349631651158));
#14509=CARTESIAN_POINT('Ctrl Pts',(31.4632265349876,145.,-34.5236964303848));
#14510=CARTESIAN_POINT('Ctrl Pts',(31.0968814930405,145.,-34.7332391455171));
#14511=CARTESIAN_POINT('Ctrl Pts',(30.8959841050986,145.,-34.7235678530638));
#14512=CARTESIAN_POINT('',(31.6548980261166,144.,-34.349631651158));
#14513=CARTESIAN_POINT('',(31.6548980261166,-91.3747025381523,-34.349631651158));
#14514=CARTESIAN_POINT('Ctrl Pts',(31.6548980261166,144.,-34.349631651158));
#14515=CARTESIAN_POINT('Ctrl Pts',(31.5271170320306,144.,-34.4656748373092));
#14516=CARTESIAN_POINT('Ctrl Pts',(31.4021690279964,144.,-34.5586202162402));
#14517=CARTESIAN_POINT('Ctrl Pts',(31.2800540140141,144.,-34.6284677879509));
#14518=CARTESIAN_POINT('Ctrl Pts',(31.1579390000317,144.,-34.6983153596617));
#14519=CARTESIAN_POINT('Ctrl Pts',(31.0299156970599,144.,-34.730015381366));
#14520=CARTESIAN_POINT('Ctrl Pts',(30.8959841050986,144.,-34.7235678530638));
#14521=CARTESIAN_POINT('Origin',(31.6548980261166,-91.3747025381523,-34.349631651158));
#14522=CARTESIAN_POINT('',(32.0436402053078,145.,-33.9965988594869));
#14523=CARTESIAN_POINT('',(21.4505127636556,145.,-43.6166543961289));
#14524=CARTESIAN_POINT('',(32.0436402053078,144.,-33.9965988594869));
#14525=CARTESIAN_POINT('',(32.0436402053078,-91.3747025381523,-33.9965988594869));
#14526=CARTESIAN_POINT('',(21.4505127636556,144.,-43.6166543961289));
#14527=CARTESIAN_POINT('Origin',(32.0436402053078,-91.3747025381523,-33.9965988594869));
#14528=CARTESIAN_POINT('',(26.4205764547105,145.,-27.804760288937));
#14529=CARTESIAN_POINT('',(26.4205764547105,144.,-27.804760288937));
#14530=CARTESIAN_POINT('Origin',(0.,144.,-40.5));
#14531=CARTESIAN_POINT('Origin',(0.,144.,-40.5));
#14532=CARTESIAN_POINT('',(52.0732978113091,144.,-24.4296670598923));
#14533=CARTESIAN_POINT('',(52.2961081417289,144.,-23.9703182035111));
#14534=CARTESIAN_POINT('',(43.9590086568317,144.,-41.1581977183801));
#14535=CARTESIAN_POINT('',(46.1959866757496,144.,-23.5364514396671));
#14536=CARTESIAN_POINT('',(24.879376613982,144.,-20.296818784826));
#14537=CARTESIAN_POINT('',(46.4219800108897,144.,-23.0705404567662));
#14538=CARTESIAN_POINT('',(38.5790420088164,144.,-39.2396498294469));
#14539=CARTESIAN_POINT('',(27.9844570051772,144.,-20.246347225682));
#14540=CARTESIAN_POINT('Origin',(46.1959866757496,-91.3747025381524,-23.5364514396671));
#14541=CARTESIAN_POINT('',(46.1959866757496,145.,-23.5364514396671));
#14542=CARTESIAN_POINT('',(52.0732978113091,145.,-24.4296670598923));
#14543=CARTESIAN_POINT('',(24.879376613982,145.,-20.296818784826));
#14544=CARTESIAN_POINT('',(46.1959866757496,-91.3747025381524,-23.5364514396671));
#14545=CARTESIAN_POINT('',(52.0732978113091,-91.3747025381524,-24.4296670598923));
#14546=CARTESIAN_POINT('Origin',(52.0732978113091,-91.3747025381524,-24.4296670598923));
#14547=CARTESIAN_POINT('',(52.2961081417289,145.,-23.9703182035111));
#14548=CARTESIAN_POINT('',(43.9590086568317,145.,-41.1581977183801));
#14549=CARTESIAN_POINT('',(52.2961081417289,-91.3747025381524,-23.9703182035111));
#14550=CARTESIAN_POINT('Origin',(52.2961081417289,-91.3747025381524,-23.9703182035111));
#14551=CARTESIAN_POINT('',(46.4219800108897,145.,-23.0705404567662));
#14552=CARTESIAN_POINT('',(27.9844570051772,145.,-20.246347225682));
#14553=CARTESIAN_POINT('',(46.4219800108897,-91.3747025381524,-23.0705404567662));
#14554=CARTESIAN_POINT('Origin',(46.4219800108897,-91.3747025381524,-23.0705404567662));
#14555=CARTESIAN_POINT('',(38.5790420088165,145.,-39.2396498294469));
#14556=CARTESIAN_POINT('Origin',(48.9410867950243,-91.3747025381524,-19.2313998338876));
#14557=CARTESIAN_POINT('',(48.9410867950243,145.,-19.2313998338876));
#14558=CARTESIAN_POINT('',(48.4542320094109,145.,-19.025079094379));
#14559=CARTESIAN_POINT('',(32.0166676404261,145.,-12.0591201749101));
#14560=CARTESIAN_POINT('',(48.9410867950243,144.,-19.2313998338876));
#14561=CARTESIAN_POINT('',(48.9410867950243,-91.3747025381524,-19.2313998338876));
#14562=CARTESIAN_POINT('',(48.4542320094109,144.,-19.025079094379));
#14563=CARTESIAN_POINT('',(32.0166676404261,144.,-12.0591201749101));
#14564=CARTESIAN_POINT('',(48.4542320094109,-91.3747025381524,-19.025079094379));
#14565=CARTESIAN_POINT('Origin',(48.034698442838,-91.3747025381524,-21.3702032713755));
#14566=CARTESIAN_POINT('',(48.034698442838,145.,-21.3702032713755));
#14567=CARTESIAN_POINT('',(40.941768376017,145.,-38.1073812946654));
#14568=CARTESIAN_POINT('',(48.034698442838,144.,-21.3702032713755));
#14569=CARTESIAN_POINT('',(48.034698442838,-91.3747025381524,-21.3702032713755));
#14570=CARTESIAN_POINT('',(40.941768376017,144.,-38.1073812946654));
#14571=CARTESIAN_POINT('Origin',(52.4936622953613,-91.3747025381524,-21.0260459350924));
#14572=CARTESIAN_POINT('',(52.4936622953613,145.,-21.0260459350924));
#14573=CARTESIAN_POINT('',(25.6551832358269,145.,-23.0975270613167));
#14574=CARTESIAN_POINT('',(52.4936622953613,144.,-21.0260459350924));
#14575=CARTESIAN_POINT('',(52.4936622953613,-91.3747025381524,-21.0260459350924));
#14576=CARTESIAN_POINT('',(25.6551832358269,144.,-23.0975270613167));
#14577=CARTESIAN_POINT('Origin',(52.2432316046474,-91.3747025381524,-21.6169869162507));
#14578=CARTESIAN_POINT('',(52.2432316046474,145.,-21.6169869162507));
#14579=CARTESIAN_POINT('',(44.8742586173803,145.,-39.0055430664993));
#14580=CARTESIAN_POINT('',(52.2432316046474,144.,-21.6169869162507));
#14581=CARTESIAN_POINT('',(52.2432316046474,-91.3747025381524,-21.6169869162507));
#14582=CARTESIAN_POINT('',(44.8742586173803,144.,-39.0055430664993));
#14583=CARTESIAN_POINT('Origin',(47.9612595701227,-91.3747025381524,-21.9173317422714));
#14584=CARTESIAN_POINT('',(47.9612595701227,145.,-21.9173317422714));
#14585=CARTESIAN_POINT('',(23.4495140845506,145.,-23.6366274018338));
#14586=CARTESIAN_POINT('',(47.9612595701227,144.,-21.9173317422714));
#14587=CARTESIAN_POINT('',(47.9612595701227,-91.3747025381524,-21.9173317422714));
#14588=CARTESIAN_POINT('',(23.4495140845506,144.,-23.6366274018338));
#14589=CARTESIAN_POINT('Origin',(47.3401000160642,-91.3747025381524,-21.6540949366914));
#14590=CARTESIAN_POINT('',(47.3401000160642,145.,-21.6540949366914));
#14591=CARTESIAN_POINT('',(30.6591082542727,145.,-14.5849756474681));
#14592=CARTESIAN_POINT('',(47.3401000160642,144.,-21.6540949366914));
#14593=CARTESIAN_POINT('',(47.3401000160642,-91.3747025381524,-21.6540949366914));
#14594=CARTESIAN_POINT('',(30.6591082542727,144.,-14.5849756474681));
#14595=CARTESIAN_POINT('Origin',(48.4542320094109,-91.3747025381524,-19.025079094379));
#14596=CARTESIAN_POINT('',(40.9081077664968,145.,-36.8316588364128));
#14597=CARTESIAN_POINT('',(40.9081077664968,144.,-36.8316588364128));
#14598=CARTESIAN_POINT('Origin',(0.,144.,-40.5));
#14599=CARTESIAN_POINT('Origin',(0.,144.,-40.5));
#14600=CARTESIAN_POINT('',(47.915827509131,144.,-30.1864385059672));
#14601=CARTESIAN_POINT('',(46.7026150704189,144.,-27.7198541698094));
#14602=CARTESIAN_POINT('Ctrl Pts',(47.915827509131,144.,-30.1864385059672));
#14603=CARTESIAN_POINT('Ctrl Pts',(48.1801561732745,144.,-29.7668018797966));
#14604=CARTESIAN_POINT('Ctrl Pts',(48.2111709518601,144.,-29.3560732944907));
#14605=CARTESIAN_POINT('Ctrl Pts',(48.0088718448878,144.,-28.9542527500494));
#14606=CARTESIAN_POINT('Ctrl Pts',(47.8065727379156,144.,-28.5524322056081));
#14607=CARTESIAN_POINT('Ctrl Pts',(47.3711538130926,144.,-28.1409660121948));
#14608=CARTESIAN_POINT('Ctrl Pts',(46.7026150704189,144.,-27.7198541698094));
#14609=CARTESIAN_POINT('',(45.1660345363355,144.,-30.1524201211655));
#14610=CARTESIAN_POINT('Ctrl Pts',(45.1660345363355,144.,-30.1524201211655));
#14611=CARTESIAN_POINT('Ctrl Pts',(45.8489725750052,144.,-30.5826020647715));
#14612=CARTESIAN_POINT('Ctrl Pts',(46.4128955439954,144.,-30.7991836563021));
#14613=CARTESIAN_POINT('Ctrl Pts',(46.857803443306,144.,-30.8021648957572));
#14614=CARTESIAN_POINT('Ctrl Pts',(47.3027113426167,144.,-30.8051461352123));
#14615=CARTESIAN_POINT('Ctrl Pts',(47.655386031225,144.,-30.5999040052823));
#14616=CARTESIAN_POINT('Ctrl Pts',(47.915827509131,144.,-30.1864385059672));
#14617=CARTESIAN_POINT('',(43.9508785045047,144.,-27.6889213484354));
#14618=CARTESIAN_POINT('Ctrl Pts',(43.9508785045047,144.,-27.6889213484354));
#14619=CARTESIAN_POINT('Ctrl Pts',(43.687845569107,144.,-28.1065009323208));
#14620=CARTESIAN_POINT('Ctrl Pts',(43.6590214366082,144.,-28.5171727930435));
#14621=CARTESIAN_POINT('Ctrl Pts',(43.8644061070082,144.,-28.9209369306035));
#14622=CARTESIAN_POINT('Ctrl Pts',(44.0697907774081,144.,-29.3247010681635));
#14623=CARTESIAN_POINT('Ctrl Pts',(44.5036669205172,144.,-29.7351954650175));
#14624=CARTESIAN_POINT('Ctrl Pts',(45.1660345363355,144.,-30.1524201211655));
#14625=CARTESIAN_POINT('Ctrl Pts',(46.7026150704189,144.,-27.7198541698094));
#14626=CARTESIAN_POINT('Ctrl Pts',(46.0155629471789,144.,-27.2870807687118));
#14627=CARTESIAN_POINT('Ctrl Pts',(45.4506114570461,144.,-27.0698513128083));
#14628=CARTESIAN_POINT('Ctrl Pts',(45.0077606000206,144.,-27.068165802099));
#14629=CARTESIAN_POINT('Ctrl Pts',(44.5649097429952,144.,-27.0664802913897));
#14630=CARTESIAN_POINT('Ctrl Pts',(44.2126157111565,144.,-27.2733988068351));
#14631=CARTESIAN_POINT('Ctrl Pts',(43.9508785045047,144.,-27.6889213484354));
#14632=CARTESIAN_POINT('',(47.4931053195327,144.,-29.920166248705));
#14633=CARTESIAN_POINT('',(46.7382481263248,144.,-30.2290716871197));
#14634=CARTESIAN_POINT('Ctrl Pts',(47.4931053195327,144.,-29.920166248705));
#14635=CARTESIAN_POINT('Ctrl Pts',(47.4049957648182,144.,-30.0600451240952));
#14636=CARTESIAN_POINT('Ctrl Pts',(47.2986840857332,144.,-30.1546981605157));
#14637=CARTESIAN_POINT('Ctrl Pts',(47.1741702822777,144.,-30.2041253579663));
#14638=CARTESIAN_POINT('Ctrl Pts',(47.0496564788222,144.,-30.2535525554169));
#14639=CARTESIAN_POINT('Ctrl Pts',(46.9043490935045,144.,-30.2618679984681));
#14640=CARTESIAN_POINT('Ctrl Pts',(46.7382481263248,144.,-30.2290716871197));
#14641=CARTESIAN_POINT('',(47.4422901106052,144.,-29.0908391297886));
#14642=CARTESIAN_POINT('Ctrl Pts',(47.4422901106052,144.,-29.0908391297886));
#14643=CARTESIAN_POINT('Ctrl Pts',(47.5428433269555,144.,-29.2231347843635));
#14644=CARTESIAN_POINT('Ctrl Pts',(47.5997739499555,144.,-29.3574031233606));
#14645=CARTESIAN_POINT('Ctrl Pts',(47.613081979605,144.,-29.4936441467799));
#14646=CARTESIAN_POINT('Ctrl Pts',(47.6263900092545,144.,-29.6298851701992));
#14647=CARTESIAN_POINT('Ctrl Pts',(47.5863977892304,144.,-29.7720592041743));
#14648=CARTESIAN_POINT('Ctrl Pts',(47.4931053195327,144.,-29.920166248705));
#14649=CARTESIAN_POINT('',(46.376091426477,144.,-28.2382288256671));
#14650=CARTESIAN_POINT('Ctrl Pts',(46.376091426477,144.,-28.2382288256671));
#14651=CARTESIAN_POINT('Ctrl Pts',(46.6435069235465,144.,-28.4066735626213));
#14652=CARTESIAN_POINT('Ctrl Pts',(46.8615130965021,144.,-28.5554883006813));
#14653=CARTESIAN_POINT('Ctrl Pts',(47.0301099453437,144.,-28.6846730398472));
#14654=CARTESIAN_POINT('Ctrl Pts',(47.1987067941853,144.,-28.8138577790131));
#14655=CARTESIAN_POINT('Ctrl Pts',(47.3361001826058,144.,-28.9492464756603));
#14656=CARTESIAN_POINT('Ctrl Pts',(47.4422901106052,144.,-29.0908391297886));
#14657=CARTESIAN_POINT('',(45.1323450735483,144.,-27.6401170404274));
#14658=CARTESIAN_POINT('Ctrl Pts',(45.1323450735483,144.,-27.6401170404274));
#14659=CARTESIAN_POINT('Ctrl Pts',(45.2943319561578,144.,-27.6703218942842));
#14660=CARTESIAN_POINT('Ctrl Pts',(45.4798942065058,144.,-27.7383626107278));
#14661=CARTESIAN_POINT('Ctrl Pts',(45.6890318245924,144.,-27.8442391897584));
#14662=CARTESIAN_POINT('Ctrl Pts',(45.898169442679,144.,-27.9501157687889));
#14663=CARTESIAN_POINT('Ctrl Pts',(46.1271893099739,144.,-28.0814456474252));
#14664=CARTESIAN_POINT('Ctrl Pts',(46.376091426477,144.,-28.2382288256671));
#14665=CARTESIAN_POINT('',(44.373600694103,144.,-27.9551936056976));
#14666=CARTESIAN_POINT('Ctrl Pts',(44.373600694103,144.,-27.9551936056976));
#14667=CARTESIAN_POINT('Ctrl Pts',(44.4630059775633,144.,-27.8132576880222));
#14668=CARTESIAN_POINT('Ctrl Pts',(44.5699655210212,144.,-27.7175761304592));
#14669=CARTESIAN_POINT('Ctrl Pts',(44.6944793244767,144.,-27.6681489330086));
#14670=CARTESIAN_POINT('Ctrl Pts',(44.8189931279322,144.,-27.618721735558));
#14671=CARTESIAN_POINT('Ctrl Pts',(44.9649483776228,144.,-27.6093777713642));
#14672=CARTESIAN_POINT('Ctrl Pts',(45.1323450735483,144.,-27.6401170404274));
#14673=CARTESIAN_POINT('',(44.4167624583667,144.,-28.7624605053096));
#14674=CARTESIAN_POINT('Ctrl Pts',(44.4167624583667,144.,-28.7624605053096));
#14675=CARTESIAN_POINT('Ctrl Pts',(44.3195620130473,144.,-28.6294035371953));
#14676=CARTESIAN_POINT('Ctrl Pts',(44.2657169534751,144.,-28.497078791317));
#14677=CARTESIAN_POINT('Ctrl Pts',(44.2552272796501,144.,-28.3654862676744));
#14678=CARTESIAN_POINT('Ctrl Pts',(44.2447376058251,144.,-28.2338937440318));
#14679=CARTESIAN_POINT('Ctrl Pts',(44.2841954106427,144.,-28.0971295233729));
#14680=CARTESIAN_POINT('Ctrl Pts',(44.373600694103,144.,-27.9551936056976));
#14681=CARTESIAN_POINT('',(45.4925581802774,144.,-29.6340454653077));
#14682=CARTESIAN_POINT('Ctrl Pts',(45.4925581802774,144.,-29.6340454653077));
#14683=CARTESIAN_POINT('Ctrl Pts',(45.2313138100634,144.,-29.469487914591));
#14684=CARTESIAN_POINT('Ctrl Pts',(45.0110035418546,144.,-29.3163486089407));
#14685=CARTESIAN_POINT('Ctrl Pts',(44.8316273756511,144.,-29.1746275483568));
#14686=CARTESIAN_POINT('Ctrl Pts',(44.6522512094476,144.,-29.0329064877728));
#14687=CARTESIAN_POINT('Ctrl Pts',(44.5139629036861,144.,-28.8955174734238));
#14688=CARTESIAN_POINT('Ctrl Pts',(44.4167624583667,144.,-28.7624605053096));
#14689=CARTESIAN_POINT('Ctrl Pts',(46.7382481263248,144.,-30.2290716871197));
#14690=CARTESIAN_POINT('Ctrl Pts',(46.5816710570314,144.,-30.1994012484694));
#14691=CARTESIAN_POINT('Ctrl Pts',(46.4002228912537,144.,-30.1339519895174));
#14692=CARTESIAN_POINT('Ctrl Pts',(46.1939036289916,144.,-30.0327239102636));
#14693=CARTESIAN_POINT('Ctrl Pts',(45.9875843667295,144.,-29.9314958310098));
#14694=CARTESIAN_POINT('Ctrl Pts',(45.7538025504914,144.,-29.7986030160245));
#14695=CARTESIAN_POINT('Ctrl Pts',(45.4925581802774,144.,-29.6340454653077));
#14696=CARTESIAN_POINT('Ctrl Pts',(45.1323450735483,-91.3747025381524,-27.6401170404274));
#14697=CARTESIAN_POINT('Ctrl Pts',(45.1323450735483,381.374702538152,-27.6401170404274));
#14698=CARTESIAN_POINT('Ctrl Pts',(45.3753253974625,-91.3747025381524,-27.6854243212125));
#14699=CARTESIAN_POINT('Ctrl Pts',(45.3753253974625,381.374702538152,-27.6854243212125));
#14700=CARTESIAN_POINT('Ctrl Pts',(46.0027382517223,-91.3747025381524,-28.0030540583042));
#14701=CARTESIAN_POINT('Ctrl Pts',(46.0027382517223,381.374702538152,-28.0030540583042));
#14702=CARTESIAN_POINT('Ctrl Pts',(46.376091426477,-91.3747025381524,-28.2382288256671));
#14703=CARTESIAN_POINT('Ctrl Pts',(46.376091426477,381.374702538152,-28.2382288256671));
#14704=CARTESIAN_POINT('',(45.1323450735483,145.,-27.6401170404274));
#14705=CARTESIAN_POINT('',(46.376091426477,145.,-28.2382288256671));
#14706=CARTESIAN_POINT('Ctrl Pts',(45.1323450735483,145.,-27.6401170404274));
#14707=CARTESIAN_POINT('Ctrl Pts',(45.3753253974625,145.,-27.6854243212125));
#14708=CARTESIAN_POINT('Ctrl Pts',(46.0027382517223,145.,-28.0030540583042));
#14709=CARTESIAN_POINT('Ctrl Pts',(46.376091426477,145.,-28.2382288256671));
#14710=CARTESIAN_POINT('',(45.1323450735483,-91.3747025381524,-27.6401170404274));
#14711=CARTESIAN_POINT('',(46.376091426477,-91.3747025381524,-28.2382288256671));
#14712=CARTESIAN_POINT('Ctrl Pts',(46.376091426477,-91.3747025381524,-28.2382288256671));
#14713=CARTESIAN_POINT('Ctrl Pts',(46.376091426477,381.374702538152,-28.2382288256671));
#14714=CARTESIAN_POINT('Ctrl Pts',(46.7772146720812,-91.3747025381524,-28.4908959310984));
#14715=CARTESIAN_POINT('Ctrl Pts',(46.7772146720812,381.374702538152,-28.4908959310984));
#14716=CARTESIAN_POINT('Ctrl Pts',(47.2830052186061,-91.3747025381524,-28.8784501485961));
#14717=CARTESIAN_POINT('Ctrl Pts',(47.2830052186061,381.374702538152,-28.8784501485961));
#14718=CARTESIAN_POINT('Ctrl Pts',(47.4422901106052,-91.3747025381524,-29.0908391297886));
#14719=CARTESIAN_POINT('Ctrl Pts',(47.4422901106052,381.374702538152,-29.0908391297886));
#14720=CARTESIAN_POINT('',(47.4422901106052,145.,-29.0908391297886));
#14721=CARTESIAN_POINT('Ctrl Pts',(46.376091426477,145.,-28.2382288256671));
#14722=CARTESIAN_POINT('Ctrl Pts',(46.7772146720812,145.,-28.4908959310984));
#14723=CARTESIAN_POINT('Ctrl Pts',(47.2830052186061,145.,-28.8784501485961));
#14724=CARTESIAN_POINT('Ctrl Pts',(47.4422901106052,145.,-29.0908391297886));
#14725=CARTESIAN_POINT('',(47.4422901106052,-91.3747025381524,-29.0908391297886));
#14726=CARTESIAN_POINT('Ctrl Pts',(47.4422901106052,-91.3747025381524,-29.0908391297886));
#14727=CARTESIAN_POINT('Ctrl Pts',(47.4422901106052,381.374702538152,-29.0908391297886));
#14728=CARTESIAN_POINT('Ctrl Pts',(47.5931199351307,-91.3747025381524,-29.2892826116509));
#14729=CARTESIAN_POINT('Ctrl Pts',(47.5931199351307,381.374702538152,-29.2892826116509));
#14730=CARTESIAN_POINT('Ctrl Pts',(47.6330440240793,-91.3747025381524,-29.6980056819089));
#14731=CARTESIAN_POINT('Ctrl Pts',(47.6330440240793,381.374702538152,-29.6980056819089));
#14732=CARTESIAN_POINT('Ctrl Pts',(47.4931053195327,-91.3747025381524,-29.920166248705));
#14733=CARTESIAN_POINT('Ctrl Pts',(47.4931053195327,381.374702538152,-29.920166248705));
#14734=CARTESIAN_POINT('',(47.4931053195327,145.,-29.920166248705));
#14735=CARTESIAN_POINT('Ctrl Pts',(47.4422901106052,145.,-29.0908391297886));
#14736=CARTESIAN_POINT('Ctrl Pts',(47.5931199351307,145.,-29.2892826116509));
#14737=CARTESIAN_POINT('Ctrl Pts',(47.6330440240793,145.,-29.6980056819089));
#14738=CARTESIAN_POINT('Ctrl Pts',(47.4931053195327,145.,-29.920166248705));
#14739=CARTESIAN_POINT('',(47.4931053195327,-91.3747025381524,-29.920166248705));
#14740=CARTESIAN_POINT('Ctrl Pts',(47.4931053195327,-91.3747025381524,-29.920166248705));
#14741=CARTESIAN_POINT('Ctrl Pts',(47.4931053195327,381.374702538152,-29.920166248705));
#14742=CARTESIAN_POINT('Ctrl Pts',(47.360940987461,-91.3747025381524,-30.1299845617903));
#14743=CARTESIAN_POINT('Ctrl Pts',(47.360940987461,381.374702538152,-30.1299845617903));
#14744=CARTESIAN_POINT('Ctrl Pts',(46.9873995770944,-91.3747025381524,-30.2782661541422));
#14745=CARTESIAN_POINT('Ctrl Pts',(46.9873995770944,381.374702538152,-30.2782661541422));
#14746=CARTESIAN_POINT('Ctrl Pts',(46.7382481263248,-91.3747025381524,-30.2290716871197));
#14747=CARTESIAN_POINT('Ctrl Pts',(46.7382481263248,381.374702538152,-30.2290716871197));
#14748=CARTESIAN_POINT('',(46.7382481263248,145.,-30.2290716871197));
#14749=CARTESIAN_POINT('Ctrl Pts',(47.4931053195327,145.,-29.920166248705));
#14750=CARTESIAN_POINT('Ctrl Pts',(47.360940987461,145.,-30.1299845617903));
#14751=CARTESIAN_POINT('Ctrl Pts',(46.9873995770944,145.,-30.2782661541422));
#14752=CARTESIAN_POINT('Ctrl Pts',(46.7382481263248,145.,-30.2290716871197));
#14753=CARTESIAN_POINT('',(46.7382481263248,-91.3747025381524,-30.2290716871197));
#14754=CARTESIAN_POINT('Ctrl Pts',(47.915827509131,-91.3747025381524,-30.1864385059672));
#14755=CARTESIAN_POINT('Ctrl Pts',(47.915827509131,381.374702538152,-30.1864385059672));
#14756=CARTESIAN_POINT('Ctrl Pts',(47.525165292272,-91.3747025381524,-30.8066367549399));
#14757=CARTESIAN_POINT('Ctrl Pts',(47.525165292272,381.374702538152,-30.8066367549399));
#14758=CARTESIAN_POINT('Ctrl Pts',(46.1904415943401,-91.3747025381524,-30.7976930365745));
#14759=CARTESIAN_POINT('Ctrl Pts',(46.1904415943401,381.374702538152,-30.7976930365745));
#14760=CARTESIAN_POINT('Ctrl Pts',(45.1660345363355,-91.3747025381524,-30.1524201211655));
#14761=CARTESIAN_POINT('Ctrl Pts',(45.1660345363355,381.374702538152,-30.1524201211655));
#14762=CARTESIAN_POINT('',(45.1660345363355,145.,-30.1524201211655));
#14763=CARTESIAN_POINT('',(47.915827509131,145.,-30.1864385059672));
#14764=CARTESIAN_POINT('Ctrl Pts',(45.1660345363355,145.,-30.1524201211655));
#14765=CARTESIAN_POINT('Ctrl Pts',(46.1904415943401,145.,-30.7976930365745));
#14766=CARTESIAN_POINT('Ctrl Pts',(47.525165292272,145.,-30.8066367549399));
#14767=CARTESIAN_POINT('Ctrl Pts',(47.915827509131,145.,-30.1864385059672));
#14768=CARTESIAN_POINT('',(45.1660345363355,-91.3747025381524,-30.1524201211655));
#14769=CARTESIAN_POINT('',(47.915827509131,-91.3747025381524,-30.1864385059672));
#14770=CARTESIAN_POINT('Ctrl Pts',(46.7026150704189,-91.3747025381524,-27.7198541698094));
#14771=CARTESIAN_POINT('Ctrl Pts',(46.7026150704189,381.374702538152,-27.7198541698094));
#14772=CARTESIAN_POINT('Ctrl Pts',(47.7054231844295,-91.3747025381524,-28.3515219333874));
#14773=CARTESIAN_POINT('Ctrl Pts',(47.7054231844295,381.374702538152,-28.3515219333874));
#14774=CARTESIAN_POINT('Ctrl Pts',(48.3123205053462,-91.3747025381524,-29.5569835667113));
#14775=CARTESIAN_POINT('Ctrl Pts',(48.3123205053462,381.374702538152,-29.5569835667113));
#14776=CARTESIAN_POINT('Ctrl Pts',(47.915827509131,-91.3747025381524,-30.1864385059672));
#14777=CARTESIAN_POINT('Ctrl Pts',(47.915827509131,381.374702538152,-30.1864385059672));
#14778=CARTESIAN_POINT('',(46.7026150704189,145.,-27.7198541698094));
#14779=CARTESIAN_POINT('Ctrl Pts',(47.915827509131,145.,-30.1864385059672));
#14780=CARTESIAN_POINT('Ctrl Pts',(48.3123205053462,145.,-29.5569835667113));
#14781=CARTESIAN_POINT('Ctrl Pts',(47.7054231844295,145.,-28.3515219333874));
#14782=CARTESIAN_POINT('Ctrl Pts',(46.7026150704189,145.,-27.7198541698094));
#14783=CARTESIAN_POINT('',(46.7026150704189,-91.3747025381524,-27.7198541698094));
#14784=CARTESIAN_POINT('Ctrl Pts',(44.373600694103,-91.3747025381524,-27.9551936056976));
#14785=CARTESIAN_POINT('Ctrl Pts',(44.373600694103,381.374702538152,-27.9551936056976));
#14786=CARTESIAN_POINT('Ctrl Pts',(44.5077086192934,-91.3747025381524,-27.7422897291845));
#14787=CARTESIAN_POINT('Ctrl Pts',(44.5077086192934,381.374702538152,-27.7422897291845));
#14788=CARTESIAN_POINT('Ctrl Pts',(44.88125002966,-91.3747025381524,-27.5940081368327));
#14789=CARTESIAN_POINT('Ctrl Pts',(44.88125002966,381.374702538152,-27.5940081368327));
#14790=CARTESIAN_POINT('Ctrl Pts',(45.1323450735483,-91.3747025381524,-27.6401170404274));
#14791=CARTESIAN_POINT('Ctrl Pts',(45.1323450735483,381.374702538152,-27.6401170404274));
#14792=CARTESIAN_POINT('',(44.373600694103,145.,-27.9551936056976));
#14793=CARTESIAN_POINT('Ctrl Pts',(44.373600694103,145.,-27.9551936056976));
#14794=CARTESIAN_POINT('Ctrl Pts',(44.5077086192934,145.,-27.7422897291845));
#14795=CARTESIAN_POINT('Ctrl Pts',(44.88125002966,145.,-27.5940081368327));
#14796=CARTESIAN_POINT('Ctrl Pts',(45.1323450735483,145.,-27.6401170404274));
#14797=CARTESIAN_POINT('',(44.373600694103,-91.3747025381524,-27.9551936056976));
#14798=CARTESIAN_POINT('Ctrl Pts',(44.4167624583667,-91.3747025381524,-28.7624605053096));
#14799=CARTESIAN_POINT('Ctrl Pts',(44.4167624583667,381.374702538152,-28.7624605053096));
#14800=CARTESIAN_POINT('Ctrl Pts',(44.2709617903876,-91.3747025381524,-28.5628750531382));
#14801=CARTESIAN_POINT('Ctrl Pts',(44.2709617903876,381.374702538152,-28.5628750531382));
#14802=CARTESIAN_POINT('Ctrl Pts',(44.2394927689126,-91.3747025381524,-28.1680974822106));
#14803=CARTESIAN_POINT('Ctrl Pts',(44.2394927689126,381.374702538152,-28.1680974822106));
#14804=CARTESIAN_POINT('Ctrl Pts',(44.373600694103,-91.3747025381524,-27.9551936056976));
#14805=CARTESIAN_POINT('Ctrl Pts',(44.373600694103,381.374702538152,-27.9551936056976));
#14806=CARTESIAN_POINT('',(44.4167624583667,145.,-28.7624605053096));
#14807=CARTESIAN_POINT('Ctrl Pts',(44.4167624583667,145.,-28.7624605053096));
#14808=CARTESIAN_POINT('Ctrl Pts',(44.2709617903876,145.,-28.5628750531382));
#14809=CARTESIAN_POINT('Ctrl Pts',(44.2394927689126,145.,-28.1680974822106));
#14810=CARTESIAN_POINT('Ctrl Pts',(44.373600694103,145.,-27.9551936056976));
#14811=CARTESIAN_POINT('',(44.4167624583667,-91.3747025381524,-28.7624605053096));
#14812=CARTESIAN_POINT('Ctrl Pts',(45.4925581802774,-91.3747025381524,-29.6340454653077));
#14813=CARTESIAN_POINT('Ctrl Pts',(45.4925581802774,381.374702538152,-29.6340454653077));
#14814=CARTESIAN_POINT('Ctrl Pts',(45.1006916249563,-91.3747025381524,-29.3872091392326));
#14815=CARTESIAN_POINT('Ctrl Pts',(45.1006916249563,381.374702538152,-29.3872091392326));
#14816=CARTESIAN_POINT('Ctrl Pts',(44.5625631263459,-91.3747025381524,-28.9620459574809));
#14817=CARTESIAN_POINT('Ctrl Pts',(44.5625631263459,381.374702538152,-28.9620459574809));
#14818=CARTESIAN_POINT('Ctrl Pts',(44.4167624583667,-91.3747025381524,-28.7624605053096));
#14819=CARTESIAN_POINT('Ctrl Pts',(44.4167624583667,381.374702538152,-28.7624605053096));
#14820=CARTESIAN_POINT('',(45.4925581802774,145.,-29.6340454653077));
#14821=CARTESIAN_POINT('Ctrl Pts',(45.4925581802774,145.,-29.6340454653077));
#14822=CARTESIAN_POINT('Ctrl Pts',(45.1006916249563,145.,-29.3872091392326));
#14823=CARTESIAN_POINT('Ctrl Pts',(44.5625631263459,145.,-28.9620459574809));
#14824=CARTESIAN_POINT('Ctrl Pts',(44.4167624583667,145.,-28.7624605053096));
#14825=CARTESIAN_POINT('',(45.4925581802774,-91.3747025381524,-29.6340454653077));
#14826=CARTESIAN_POINT('Ctrl Pts',(46.7382481263248,-91.3747025381524,-30.2290716871197));
#14827=CARTESIAN_POINT('Ctrl Pts',(46.7382481263248,381.374702538152,-30.2290716871197));
#14828=CARTESIAN_POINT('Ctrl Pts',(46.5033825223847,-91.3747025381524,-30.1845660291443));
#14829=CARTESIAN_POINT('Ctrl Pts',(46.5033825223847,381.374702538152,-30.1845660291443));
#14830=CARTESIAN_POINT('Ctrl Pts',(45.8844247355984,-91.3747025381524,-29.8808817913829));
#14831=CARTESIAN_POINT('Ctrl Pts',(45.8844247355984,381.374702538152,-29.8808817913829));
#14832=CARTESIAN_POINT('Ctrl Pts',(45.4925581802774,-91.3747025381524,-29.6340454653077));
#14833=CARTESIAN_POINT('Ctrl Pts',(45.4925581802774,381.374702538152,-29.6340454653077));
#14834=CARTESIAN_POINT('Ctrl Pts',(46.7382481263248,145.,-30.2290716871197));
#14835=CARTESIAN_POINT('Ctrl Pts',(46.5033825223847,145.,-30.1845660291443));
#14836=CARTESIAN_POINT('Ctrl Pts',(45.8844247355984,145.,-29.8808817913829));
#14837=CARTESIAN_POINT('Ctrl Pts',(45.4925581802774,145.,-29.6340454653077));
#14838=CARTESIAN_POINT('Ctrl Pts',(43.9508785045047,-91.3747025381524,-27.6889213484354));
#14839=CARTESIAN_POINT('Ctrl Pts',(43.9508785045047,381.374702538152,-27.6889213484354));
#14840=CARTESIAN_POINT('Ctrl Pts',(44.3434843144824,-91.3747025381524,-27.065637536035));
#14841=CARTESIAN_POINT('Ctrl Pts',(44.3434843144824,381.374702538152,-27.065637536035));
#14842=CARTESIAN_POINT('Ctrl Pts',(45.6720368855588,-91.3747025381524,-27.070694068163));
#14843=CARTESIAN_POINT('Ctrl Pts',(45.6720368855588,381.374702538152,-27.070694068163));
#14844=CARTESIAN_POINT('Ctrl Pts',(46.7026150704189,-91.3747025381524,-27.7198541698094));
#14845=CARTESIAN_POINT('Ctrl Pts',(46.7026150704189,381.374702538152,-27.7198541698094));
#14846=CARTESIAN_POINT('',(43.9508785045047,145.,-27.6889213484354));
#14847=CARTESIAN_POINT('Ctrl Pts',(46.7026150704189,145.,-27.7198541698094));
#14848=CARTESIAN_POINT('Ctrl Pts',(45.6720368855588,145.,-27.070694068163));
#14849=CARTESIAN_POINT('Ctrl Pts',(44.3434843144824,145.,-27.065637536035));
#14850=CARTESIAN_POINT('Ctrl Pts',(43.9508785045047,145.,-27.6889213484354));
#14851=CARTESIAN_POINT('',(43.9508785045047,-91.3747025381524,-27.6889213484354));
#14852=CARTESIAN_POINT('Ctrl Pts',(45.1660345363355,-91.3747025381524,-30.1524201211655));
#14853=CARTESIAN_POINT('Ctrl Pts',(45.1660345363355,381.374702538152,-30.1524201211655));
#14854=CARTESIAN_POINT('Ctrl Pts',(44.1724831126081,-91.3747025381524,-29.5265831369435));
#14855=CARTESIAN_POINT('Ctrl Pts',(44.1724831126081,381.374702538152,-29.5265831369435));
#14856=CARTESIAN_POINT('Ctrl Pts',(43.5563291014082,-91.3747025381524,-28.3152907242635));
#14857=CARTESIAN_POINT('Ctrl Pts',(43.5563291014082,381.374702538152,-28.3152907242635));
#14858=CARTESIAN_POINT('Ctrl Pts',(43.9508785045047,-91.3747025381524,-27.6889213484354));
#14859=CARTESIAN_POINT('Ctrl Pts',(43.9508785045047,381.374702538152,-27.6889213484354));
#14860=CARTESIAN_POINT('Ctrl Pts',(43.9508785045047,145.,-27.6889213484354));
#14861=CARTESIAN_POINT('Ctrl Pts',(43.5563291014082,145.,-28.3152907242635));
#14862=CARTESIAN_POINT('Ctrl Pts',(44.1724831126081,145.,-29.5265831369435));
#14863=CARTESIAN_POINT('Ctrl Pts',(45.1660345363355,145.,-30.1524201211655));
#14864=CARTESIAN_POINT('Origin',(46.9317816760392,-91.3747025381524,-24.3418452237519));
#14865=CARTESIAN_POINT('',(46.9317816760392,145.,-24.3418452237519));
#14866=CARTESIAN_POINT('',(46.3692772784207,145.,-24.0327892794252));
#14867=CARTESIAN_POINT('',(32.3166579721156,145.,-16.311879810343));
#14868=CARTESIAN_POINT('',(46.9317816760392,144.,-24.3418452237519));
#14869=CARTESIAN_POINT('',(46.9317816760392,-91.3747025381524,-24.3418452237519));
#14870=CARTESIAN_POINT('',(46.3692772784207,144.,-24.0327892794252));
#14871=CARTESIAN_POINT('',(32.3166579721156,144.,-16.311879810343));
#14872=CARTESIAN_POINT('',(46.3692772784207,-91.3747025381524,-24.0327892794252));
#14873=CARTESIAN_POINT('Origin',(46.9159776788861,-91.3747025381524,-24.3706096531756));
#14874=CARTESIAN_POINT('',(46.9159776788861,145.,-24.3706096531756));
#14875=CARTESIAN_POINT('',(38.073112543365,145.,-40.4652702399971));
#14876=CARTESIAN_POINT('',(46.9159776788861,144.,-24.3706096531756));
#14877=CARTESIAN_POINT('',(46.9159776788861,-91.3747025381524,-24.3706096531756));
#14878=CARTESIAN_POINT('',(38.073112543365,144.,-40.4652702399971));
#14879=CARTESIAN_POINT('Ctrl Pts',(46.9159776788862,-91.3747025381524,-24.3706096531756));
#14880=CARTESIAN_POINT('Ctrl Pts',(46.9159776788862,381.374702538152,-24.3706096531756));
#14881=CARTESIAN_POINT('Ctrl Pts',(46.8361130172203,-91.3747025381524,-24.409946611879));
#14882=CARTESIAN_POINT('Ctrl Pts',(46.8361130172203,381.374702538152,-24.409946611879));
#14883=CARTESIAN_POINT('Ctrl Pts',(46.5941311292318,-91.3747025381524,-24.5474497259252));
#14884=CARTESIAN_POINT('Ctrl Pts',(46.5941311292318,381.374702538152,-24.5474497259252));
#14885=CARTESIAN_POINT('Ctrl Pts',(46.4879264723108,-91.3747025381524,-24.6347274003347));
#14886=CARTESIAN_POINT('Ctrl Pts',(46.4879264723108,381.374702538152,-24.6347274003347));
#14887=CARTESIAN_POINT('',(46.4879264723108,145.,-24.6347274003347));
#14888=CARTESIAN_POINT('Ctrl Pts',(46.4879264723108,145.,-24.6347274003347));
#14889=CARTESIAN_POINT('Ctrl Pts',(46.5941311292318,145.,-24.5474497259252));
#14890=CARTESIAN_POINT('Ctrl Pts',(46.8361130172203,145.,-24.409946611879));
#14891=CARTESIAN_POINT('Ctrl Pts',(46.9159776788862,145.,-24.3706096531756));
#14892=CARTESIAN_POINT('',(46.4879264723108,144.,-24.6347274003347));
#14893=CARTESIAN_POINT('',(46.4879264723108,-91.3747025381524,-24.6347274003347));
#14894=CARTESIAN_POINT('Ctrl Pts',(46.4879264723108,144.,-24.6347274003347));
#14895=CARTESIAN_POINT('Ctrl Pts',(46.5587295769248,144.,-24.5765422840617));
#14896=CARTESIAN_POINT('Ctrl Pts',(46.6344614438965,144.,-24.5245325402509));
#14897=CARTESIAN_POINT('Ctrl Pts',(46.715122073226,144.,-24.4786981689021));
#14898=CARTESIAN_POINT('Ctrl Pts',(46.7957827025555,144.,-24.4328637975534));
#14899=CARTESIAN_POINT('Ctrl Pts',(46.8627345711089,144.,-24.3968342923112));
#14900=CARTESIAN_POINT('Ctrl Pts',(46.9159776788862,144.,-24.3706096531756));
#14901=CARTESIAN_POINT('Ctrl Pts',(46.4879264723108,-91.3747025381524,-24.6347274003347));
#14902=CARTESIAN_POINT('Ctrl Pts',(46.4879264723108,381.374702538152,-24.6347274003347));
#14903=CARTESIAN_POINT('Ctrl Pts',(46.3615976741465,-91.3747025381524,-24.7359133619757));
#14904=CARTESIAN_POINT('Ctrl Pts',(46.3615976741465,381.374702538152,-24.7359133619757));
#14905=CARTESIAN_POINT('Ctrl Pts',(46.1332446529135,-91.3747025381524,-24.9849256631716));
#14906=CARTESIAN_POINT('Ctrl Pts',(46.1332446529135,381.374702538152,-24.9849256631716));
#14907=CARTESIAN_POINT('Ctrl Pts',(46.0559806668319,-91.3747025381524,-25.1255517625762));
#14908=CARTESIAN_POINT('Ctrl Pts',(46.0559806668319,381.374702538152,-25.1255517625762));
#14909=CARTESIAN_POINT('',(46.0559806668319,145.,-25.1255517625762));
#14910=CARTESIAN_POINT('Ctrl Pts',(46.0559806668319,145.,-25.1255517625762));
#14911=CARTESIAN_POINT('Ctrl Pts',(46.1332446529135,145.,-24.9849256631716));
#14912=CARTESIAN_POINT('Ctrl Pts',(46.3615976741465,145.,-24.7359133619757));
#14913=CARTESIAN_POINT('Ctrl Pts',(46.4879264723108,145.,-24.6347274003347));
#14914=CARTESIAN_POINT('',(46.0559806668319,144.,-25.1255517625762));
#14915=CARTESIAN_POINT('',(46.0559806668319,-91.3747025381524,-25.1255517625762));
#14916=CARTESIAN_POINT('Ctrl Pts',(46.0559806668319,144.,-25.1255517625762));
#14917=CARTESIAN_POINT('Ctrl Pts',(46.1074899908863,144.,-25.0318010296398));
#14918=CARTESIAN_POINT('Ctrl Pts',(46.1713034897857,144.,-24.9434236129723));
#14919=CARTESIAN_POINT('Ctrl Pts',(46.24742116353,144.,-24.8604195125737));
#14920=CARTESIAN_POINT('Ctrl Pts',(46.3235388372744,144.,-24.777415412175));
#14921=CARTESIAN_POINT('Ctrl Pts',(46.4037072735346,144.,-24.7021847080954));
#14922=CARTESIAN_POINT('Ctrl Pts',(46.4879264723108,144.,-24.6347274003347));
#14923=CARTESIAN_POINT('Ctrl Pts',(46.0559806668319,-91.3747025381524,-25.1255517625762));
#14924=CARTESIAN_POINT('Ctrl Pts',(46.0559806668319,381.374702538152,-25.1255517625762));
#14925=CARTESIAN_POINT('Ctrl Pts',(45.9752046813829,-91.3747025381524,-25.2725699574084));
#14926=CARTESIAN_POINT('Ctrl Pts',(45.9752046813829,381.374702538152,-25.2725699574084));
#14927=CARTESIAN_POINT('Ctrl Pts',(45.9216498982671,-91.3747025381524,-25.5593695757446));
#14928=CARTESIAN_POINT('Ctrl Pts',(45.9216498982671,381.374702538152,-25.5593695757446));
#14929=CARTESIAN_POINT('Ctrl Pts',(45.9506271002841,-91.3747025381524,-25.6959549515349));
#14930=CARTESIAN_POINT('Ctrl Pts',(45.9506271002841,381.374702538152,-25.6959549515349));
#14931=CARTESIAN_POINT('',(45.9506271002841,145.,-25.6959549515349));
#14932=CARTESIAN_POINT('Ctrl Pts',(45.9506271002841,145.,-25.6959549515349));
#14933=CARTESIAN_POINT('Ctrl Pts',(45.9216498982671,145.,-25.5593695757446));
#14934=CARTESIAN_POINT('Ctrl Pts',(45.9752046813829,145.,-25.2725699574084));
#14935=CARTESIAN_POINT('Ctrl Pts',(46.0559806668319,145.,-25.1255517625762));
#14936=CARTESIAN_POINT('',(45.9506271002841,144.,-25.6959549515349));
#14937=CARTESIAN_POINT('',(45.9506271002841,-91.3747025381524,-25.6959549515349));
#14938=CARTESIAN_POINT('Ctrl Pts',(45.9506271002841,144.,-25.6959549515349));
#14939=CARTESIAN_POINT('Ctrl Pts',(45.9313089656061,144.,-25.6048980343414));
#14940=CARTESIAN_POINT('Ctrl Pts',(45.9305756954531,144.,-25.5115696393552));
#14941=CARTESIAN_POINT('Ctrl Pts',(45.948427289825,144.,-25.4159697665765));
#14942=CARTESIAN_POINT('Ctrl Pts',(45.9662788841969,144.,-25.3203698937977));
#14943=CARTESIAN_POINT('Ctrl Pts',(46.0021300098659,144.,-25.2235638924643));
#14944=CARTESIAN_POINT('Ctrl Pts',(46.0559806668319,144.,-25.1255517625762));
#14945=CARTESIAN_POINT('Ctrl Pts',(45.9506271002841,-91.3747025381524,-25.6959549515349));
#14946=CARTESIAN_POINT('Ctrl Pts',(45.9506271002841,381.374702538152,-25.6959549515349));
#14947=CARTESIAN_POINT('Ctrl Pts',(45.9796043023011,-91.3747025381524,-25.8325403273253));
#14948=CARTESIAN_POINT('Ctrl Pts',(45.9796043023011,381.374702538152,-25.8325403273253));
#14949=CARTESIAN_POINT('Ctrl Pts',(46.1727040340954,-91.3747025381524,-26.0717818294916));
#14950=CARTESIAN_POINT('Ctrl Pts',(46.1727040340954,381.374702538152,-26.0717818294916));
#14951=CARTESIAN_POINT('Ctrl Pts',(46.33889851521,-91.3747025381524,-26.1630938130427));
#14952=CARTESIAN_POINT('Ctrl Pts',(46.33889851521,381.374702538152,-26.1630938130427));
#14953=CARTESIAN_POINT('',(46.33889851521,145.,-26.1630938130427));
#14954=CARTESIAN_POINT('Ctrl Pts',(46.33889851521,145.,-26.1630938130427));
#14955=CARTESIAN_POINT('Ctrl Pts',(46.1727040340954,145.,-26.0717818294916));
#14956=CARTESIAN_POINT('Ctrl Pts',(45.9796043023011,145.,-25.8325403273253));
#14957=CARTESIAN_POINT('Ctrl Pts',(45.9506271002841,145.,-25.6959549515349));
#14958=CARTESIAN_POINT('',(46.33889851521,144.,-26.1630938130427));
#14959=CARTESIAN_POINT('',(46.33889851521,-91.3747025381524,-26.1630938130427));
#14960=CARTESIAN_POINT('Ctrl Pts',(46.33889851521,144.,-26.1630938130427));
#14961=CARTESIAN_POINT('Ctrl Pts',(46.2281021944669,144.,-26.102219157342));
#14962=CARTESIAN_POINT('Ctrl Pts',(46.140520745463,144.,-26.0319082457972));
#14963=CARTESIAN_POINT('Ctrl Pts',(46.0761541681983,144.,-25.9521610784085));
#14964=CARTESIAN_POINT('Ctrl Pts',(46.0117875909335,144.,-25.8724139110197));
#14965=CARTESIAN_POINT('Ctrl Pts',(45.9699452349621,144.,-25.7870118687285));
#14966=CARTESIAN_POINT('Ctrl Pts',(45.9506271002841,144.,-25.6959549515349));
#14967=CARTESIAN_POINT('Ctrl Pts',(46.33889851521,-91.3747025381524,-26.1630938130427));
#14968=CARTESIAN_POINT('Ctrl Pts',(46.33889851521,381.374702538152,-26.1630938130427));
#14969=CARTESIAN_POINT('Ctrl Pts',(46.6553072388704,-91.3747025381524,-26.3369377817265));
#14970=CARTESIAN_POINT('Ctrl Pts',(46.6553072388704,381.374702538152,-26.3369377817265));
#14971=CARTESIAN_POINT('Ctrl Pts',(47.4306400810448,-91.3747025381524,-26.3343608083745));
#14972=CARTESIAN_POINT('Ctrl Pts',(47.4306400810448,381.374702538152,-26.3343608083745));
#14973=CARTESIAN_POINT('Ctrl Pts',(48.1736234320728,-91.3747025381524,-26.1558980317064));
#14974=CARTESIAN_POINT('Ctrl Pts',(48.1736234320728,381.374702538152,-26.1558980317064));
#14975=CARTESIAN_POINT('',(48.1736234320728,145.,-26.1558980317064));
#14976=CARTESIAN_POINT('Ctrl Pts',(48.1736234320728,145.,-26.1558980317064));
#14977=CARTESIAN_POINT('Ctrl Pts',(47.4306400810448,145.,-26.3343608083745));
#14978=CARTESIAN_POINT('Ctrl Pts',(46.6553072388704,145.,-26.3369377817265));
#14979=CARTESIAN_POINT('Ctrl Pts',(46.33889851521,145.,-26.1630938130427));
#14980=CARTESIAN_POINT('',(48.1736234320728,144.,-26.1558980317064));
#14981=CARTESIAN_POINT('',(48.1736234320728,-91.3747025381524,-26.1558980317064));
#14982=CARTESIAN_POINT('Ctrl Pts',(48.1736234320728,144.,-26.1558980317064));
#14983=CARTESIAN_POINT('Ctrl Pts',(47.6783011980541,144.,-26.2748732161518));
#14984=CARTESIAN_POINT('Ctrl Pts',(47.3014179406824,144.,-26.3347903039331));
#14985=CARTESIAN_POINT('Ctrl Pts',(47.0429736599576,144.,-26.3356492950505));
#14986=CARTESIAN_POINT('Ctrl Pts',(46.7845293792328,144.,-26.3365082861678));
#14987=CARTESIAN_POINT('Ctrl Pts',(46.5498376643169,144.,-26.2789897921652));
#14988=CARTESIAN_POINT('Ctrl Pts',(46.33889851521,144.,-26.1630938130427));
#14989=CARTESIAN_POINT('Ctrl Pts',(48.1736234320728,-91.3747025381524,-26.1558980317064));
#14990=CARTESIAN_POINT('Ctrl Pts',(48.1736234320728,381.374702538152,-26.1558980317064));
#14991=CARTESIAN_POINT('Ctrl Pts',(48.5426390838881,-91.3747025381524,-26.0673866673874));
#14992=CARTESIAN_POINT('Ctrl Pts',(48.5426390838881,381.374702538152,-26.0673866673874));
#14993=CARTESIAN_POINT('Ctrl Pts',(49.2560498607696,-91.3747025381524,-25.8518716559466));
#14994=CARTESIAN_POINT('Ctrl Pts',(49.2560498607696,381.374702538152,-25.8518716559466));
#14995=CARTESIAN_POINT('Ctrl Pts',(49.646137508789,-91.3747025381524,-25.7250077190627));
#14996=CARTESIAN_POINT('Ctrl Pts',(49.646137508789,381.374702538152,-25.7250077190627));
#14997=CARTESIAN_POINT('',(49.646137508789,145.,-25.7250077190627));
#14998=CARTESIAN_POINT('Ctrl Pts',(49.646137508789,145.,-25.7250077190627));
#14999=CARTESIAN_POINT('Ctrl Pts',(49.2560498607696,145.,-25.8518716559466));
#15000=CARTESIAN_POINT('Ctrl Pts',(48.5426390838881,145.,-26.0673866673874));
#15001=CARTESIAN_POINT('Ctrl Pts',(48.1736234320728,145.,-26.1558980317064));
#15002=CARTESIAN_POINT('',(49.646137508789,144.,-25.7250077190627));
#15003=CARTESIAN_POINT('',(49.646137508789,-91.3747025381524,-25.7250077190627));
#15004=CARTESIAN_POINT('Ctrl Pts',(49.646137508789,144.,-25.7250077190627));
#15005=CARTESIAN_POINT('Ctrl Pts',(49.3860790767761,144.,-25.8095836769853));
#15006=CARTESIAN_POINT('Ctrl Pts',(49.1371480646227,144.,-25.88779082452));
#15007=CARTESIAN_POINT('Ctrl Pts',(48.8993444723289,144.,-25.959629161667));
#15008=CARTESIAN_POINT('Ctrl Pts',(48.661540880035,144.,-26.031467498814));
#15009=CARTESIAN_POINT('Ctrl Pts',(48.4196338666164,144.,-26.0968904554938));
#15010=CARTESIAN_POINT('Ctrl Pts',(48.1736234320728,144.,-26.1558980317064));
#15011=CARTESIAN_POINT('Origin',(50.2054458586938,-91.3747025381524,-26.0323076637057));
#15012=CARTESIAN_POINT('',(50.2054458586938,145.,-26.0323076637057));
#15013=CARTESIAN_POINT('',(33.9763180593306,145.,-17.1155624100412));
#15014=CARTESIAN_POINT('',(50.2054458586938,144.,-26.0323076637057));
#15015=CARTESIAN_POINT('',(50.2054458586938,-91.3747025381524,-26.0323076637057));
#15016=CARTESIAN_POINT('',(33.9763180593306,144.,-17.1155624100412));
#15017=CARTESIAN_POINT('Origin',(48.8691300994177,-91.3747025381524,-28.4644999738631));
#15018=CARTESIAN_POINT('',(48.8691300994177,145.,-28.4644999738631));
#15019=CARTESIAN_POINT('',(40.6636928490718,145.,-43.3989952405961));
#15020=CARTESIAN_POINT('',(48.8691300994177,144.,-28.4644999738631));
#15021=CARTESIAN_POINT('',(48.8691300994177,-91.3747025381524,-28.4644999738631));
#15022=CARTESIAN_POINT('',(40.6636928490718,144.,-43.3989952405961));
#15023=CARTESIAN_POINT('Origin',(48.4120952763526,-91.3747025381524,-28.2133920190977));
#15024=CARTESIAN_POINT('',(48.4120952763526,145.,-28.2133920190977));
#15025=CARTESIAN_POINT('',(32.4114848885221,145.,-19.4222007428159));
#15026=CARTESIAN_POINT('',(48.4120952763526,144.,-28.2133920190977));
#15027=CARTESIAN_POINT('',(48.4120952763526,-91.3747025381524,-28.2133920190977));
#15028=CARTESIAN_POINT('',(32.4114848885221,144.,-19.4222007428159));
#15029=CARTESIAN_POINT('Origin',(49.4762310846593,-91.3747025381524,-26.2765871045702));
#15030=CARTESIAN_POINT('',(49.4762310846593,145.,-26.2765871045702));
#15031=CARTESIAN_POINT('',(40.7387259301601,145.,-42.1794848285669));
#15032=CARTESIAN_POINT('',(49.4762310846593,144.,-26.2765871045702));
#15033=CARTESIAN_POINT('',(49.4762310846593,-91.3747025381524,-26.2765871045702));
#15034=CARTESIAN_POINT('',(40.7387259301601,144.,-42.1794848285669));
#15035=CARTESIAN_POINT('Ctrl Pts',(49.4762310846593,-91.3747025381524,-26.2765871045702));
#15036=CARTESIAN_POINT('Ctrl Pts',(49.4762310846593,381.374702538152,-26.2765871045702));
#15037=CARTESIAN_POINT('Ctrl Pts',(49.2067485738615,-91.3747025381524,-26.3656938410187));
#15038=CARTESIAN_POINT('Ctrl Pts',(49.2067485738615,381.374702538152,-26.3656938410187));
#15039=CARTESIAN_POINT('Ctrl Pts',(48.2896719503787,-91.3747025381524,-26.6565470119147));
#15040=CARTESIAN_POINT('Ctrl Pts',(48.2896719503787,381.374702538152,-26.6565470119147));
#15041=CARTESIAN_POINT('Ctrl Pts',(47.8810399193841,-91.3747025381524,-26.7565787604742));
#15042=CARTESIAN_POINT('Ctrl Pts',(47.8810399193841,381.374702538152,-26.7565787604742));
#15043=CARTESIAN_POINT('',(47.8810399193841,145.,-26.7565787604742));
#15044=CARTESIAN_POINT('Ctrl Pts',(47.8810399193841,145.,-26.7565787604742));
#15045=CARTESIAN_POINT('Ctrl Pts',(48.2896719503787,145.,-26.6565470119147));
#15046=CARTESIAN_POINT('Ctrl Pts',(49.2067485738615,145.,-26.3656938410187));
#15047=CARTESIAN_POINT('Ctrl Pts',(49.4762310846593,145.,-26.2765871045702));
#15048=CARTESIAN_POINT('',(47.8810399193841,144.,-26.7565787604742));
#15049=CARTESIAN_POINT('',(47.8810399193841,-91.3747025381524,-26.7565787604742));
#15050=CARTESIAN_POINT('Ctrl Pts',(47.8810399193841,144.,-26.7565787604742));
#15051=CARTESIAN_POINT('Ctrl Pts',(48.1534612733805,144.,-26.6898909281012));
#15052=CARTESIAN_POINT('Ctrl Pts',(48.4425180542925,144.,-26.608071483432));
#15053=CARTESIAN_POINT('Ctrl Pts',(48.7482102621201,144.,-26.5111204264667));
#15054=CARTESIAN_POINT('Ctrl Pts',(49.0539024699477,144.,-26.4141693695014));
#15055=CARTESIAN_POINT('Ctrl Pts',(49.2965760774608,144.,-26.3359915955359));
#15056=CARTESIAN_POINT('Ctrl Pts',(49.4762310846593,144.,-26.2765871045702));
#15057=CARTESIAN_POINT('Ctrl Pts',(47.8810399193841,-91.3747025381524,-26.7565787604742));
#15058=CARTESIAN_POINT('Ctrl Pts',(47.8810399193841,381.374702538152,-26.7565787604742));
#15059=CARTESIAN_POINT('Ctrl Pts',(47.6337535011669,-91.3747025381524,-26.8204330668664));
#15060=CARTESIAN_POINT('Ctrl Pts',(47.6337535011669,381.374702538152,-26.8204330668664));
#15061=CARTESIAN_POINT('Ctrl Pts',(47.1422004710306,-91.3747025381524,-26.9123532514925));
#15062=CARTESIAN_POINT('Ctrl Pts',(47.1422004710306,381.374702538152,-26.9123532514925));
#15063=CARTESIAN_POINT('Ctrl Pts',(46.9169339039784,-91.3747025381524,-26.9134106999863));
#15064=CARTESIAN_POINT('Ctrl Pts',(46.9169339039784,381.374702538152,-26.9134106999863));
#15065=CARTESIAN_POINT('',(46.9169339039783,145.,-26.9134106999863));
#15066=CARTESIAN_POINT('Ctrl Pts',(46.9169339039784,145.,-26.9134106999863));
#15067=CARTESIAN_POINT('Ctrl Pts',(47.1422004710306,145.,-26.9123532514925));
#15068=CARTESIAN_POINT('Ctrl Pts',(47.6337535011669,145.,-26.8204330668664));
#15069=CARTESIAN_POINT('Ctrl Pts',(47.8810399193841,145.,-26.7565787604742));
#15070=CARTESIAN_POINT('',(46.9169339039783,144.,-26.9134106999863));
#15071=CARTESIAN_POINT('',(46.9169339039783,-91.3747025381524,-26.9134106999863));
#15072=CARTESIAN_POINT('Ctrl Pts',(46.9169339039784,144.,-26.9134106999863));
#15073=CARTESIAN_POINT('Ctrl Pts',(47.0671116153465,144.,-26.9127057343238));
#15074=CARTESIAN_POINT('Ctrl Pts',(47.2241259760534,144.,-26.8970332207215));
#15075=CARTESIAN_POINT('Ctrl Pts',(47.3879769860988,144.,-26.8663931591795));
#15076=CARTESIAN_POINT('Ctrl Pts',(47.5518279961442,144.,-26.8357530976374));
#15077=CARTESIAN_POINT('Ctrl Pts',(47.7161823072393,144.,-26.799148298069));
#15078=CARTESIAN_POINT('Ctrl Pts',(47.8810399193841,144.,-26.7565787604742));
#15079=CARTESIAN_POINT('Ctrl Pts',(46.9169339039784,-91.3747025381524,-26.9134106999863));
#15080=CARTESIAN_POINT('Ctrl Pts',(46.9169339039784,381.374702538152,-26.9134106999863));
#15081=CARTESIAN_POINT('Ctrl Pts',(46.6980594323535,-91.3747025381524,-26.9179801478475));
#15082=CARTESIAN_POINT('Ctrl Pts',(46.6980594323535,381.374702538152,-26.9179801478475));
#15083=CARTESIAN_POINT('Ctrl Pts',(46.2484376220321,-91.3747025381524,-26.8124138087065));
#15084=CARTESIAN_POINT('Ctrl Pts',(46.2484376220321,381.374702538152,-26.8124138087065));
#15085=CARTESIAN_POINT('Ctrl Pts',(46.015126138929,-91.3747025381524,-26.6842258317982));
#15086=CARTESIAN_POINT('Ctrl Pts',(46.015126138929,381.374702538152,-26.6842258317982));
#15087=CARTESIAN_POINT('',(46.015126138929,145.,-26.6842258317982));
#15088=CARTESIAN_POINT('Ctrl Pts',(46.015126138929,145.,-26.6842258317982));
#15089=CARTESIAN_POINT('Ctrl Pts',(46.2484376220321,145.,-26.8124138087065));
#15090=CARTESIAN_POINT('Ctrl Pts',(46.6980594323535,145.,-26.9179801478475));
#15091=CARTESIAN_POINT('Ctrl Pts',(46.9169339039784,145.,-26.9134106999863));
#15092=CARTESIAN_POINT('',(46.015126138929,144.,-26.6842258317982));
#15093=CARTESIAN_POINT('',(46.015126138929,-91.3747025381524,-26.6842258317982));
#15094=CARTESIAN_POINT('Ctrl Pts',(46.015126138929,144.,-26.6842258317982));
#15095=CARTESIAN_POINT('Ctrl Pts',(46.1706671276644,144.,-26.7696844830704));
#15096=CARTESIAN_POINT('Ctrl Pts',(46.323374590419,144.,-26.8300081985633));
#15097=CARTESIAN_POINT('Ctrl Pts',(46.4732485271929,144.,-26.865196978277));
#15098=CARTESIAN_POINT('Ctrl Pts',(46.6231224639667,144.,-26.9003857579907));
#15099=CARTESIAN_POINT('Ctrl Pts',(46.7710175895618,144.,-26.9164569985604));
#15100=CARTESIAN_POINT('Ctrl Pts',(46.9169339039784,144.,-26.9134106999863));
#15101=CARTESIAN_POINT('Ctrl Pts',(46.015126138929,-91.3747025381524,-26.6842258317982));
#15102=CARTESIAN_POINT('Ctrl Pts',(46.015126138929,381.374702538152,-26.6842258317982));
#15103=CARTESIAN_POINT('Ctrl Pts',(45.5165426955853,-91.3747025381524,-26.410289881145));
#15104=CARTESIAN_POINT('Ctrl Pts',(45.5165426955853,381.374702538152,-26.410289881145));
#15105=CARTESIAN_POINT('Ctrl Pts',(45.2740859022871,-91.3747025381524,-25.465712634853));
#15106=CARTESIAN_POINT('Ctrl Pts',(45.2740859022871,381.374702538152,-25.465712634853));
#15107=CARTESIAN_POINT('Ctrl Pts',(45.5778738475627,-91.3747025381524,-24.9127963803757));
#15108=CARTESIAN_POINT('Ctrl Pts',(45.5778738475627,381.374702538152,-24.9127963803757));
#15109=CARTESIAN_POINT('',(45.5778738475627,145.,-24.9127963803757));
#15110=CARTESIAN_POINT('Ctrl Pts',(45.5778738475627,145.,-24.9127963803757));
#15111=CARTESIAN_POINT('Ctrl Pts',(45.2740859022871,145.,-25.465712634853));
#15112=CARTESIAN_POINT('Ctrl Pts',(45.5165426955853,145.,-26.410289881145));
#15113=CARTESIAN_POINT('Ctrl Pts',(46.015126138929,145.,-26.6842258317982));
#15114=CARTESIAN_POINT('',(45.5778738475627,144.,-24.9127963803757));
#15115=CARTESIAN_POINT('',(45.5778738475627,-91.3747025381524,-24.9127963803757));
#15116=CARTESIAN_POINT('Ctrl Pts',(45.5778738475627,144.,-24.9127963803757));
#15117=CARTESIAN_POINT('Ctrl Pts',(45.3753485507123,144.,-25.2814072166939));
#15118=CARTESIAN_POINT('Ctrl Pts',(45.3144953678368,144.,-25.6231421759017));
#15119=CARTESIAN_POINT('Ctrl Pts',(45.3953142989362,144.,-25.938001257999));
#15120=CARTESIAN_POINT('Ctrl Pts',(45.4761332300356,144.,-26.2528603400964));
#15121=CARTESIAN_POINT('Ctrl Pts',(45.6827371766999,144.,-26.5016018646961));
#15122=CARTESIAN_POINT('Ctrl Pts',(46.015126138929,144.,-26.6842258317982));
#15123=CARTESIAN_POINT('Ctrl Pts',(45.5778738475627,-91.3747025381524,-24.9127963803757));
#15124=CARTESIAN_POINT('Ctrl Pts',(45.5778738475627,381.374702538152,-24.9127963803757));
#15125=CARTESIAN_POINT('Ctrl Pts',(45.721865821624,-91.3747025381524,-24.6507204678489));
#15126=CARTESIAN_POINT('Ctrl Pts',(45.721865821624,381.374702538152,-24.6507204678489));
#15127=CARTESIAN_POINT('Ctrl Pts',(46.1998201017098,-91.3747025381524,-24.1518877207342));
#15128=CARTESIAN_POINT('Ctrl Pts',(46.1998201017098,381.374702538152,-24.1518877207342));
#15129=CARTESIAN_POINT('Ctrl Pts',(46.3692772784207,-91.3747025381524,-24.0327892794252));
#15130=CARTESIAN_POINT('Ctrl Pts',(46.3692772784207,381.374702538152,-24.0327892794252));
#15131=CARTESIAN_POINT('Ctrl Pts',(46.3692772784207,145.,-24.0327892794252));
#15132=CARTESIAN_POINT('Ctrl Pts',(46.1998201017098,145.,-24.1518877207342));
#15133=CARTESIAN_POINT('Ctrl Pts',(45.721865821624,145.,-24.6507204678489));
#15134=CARTESIAN_POINT('Ctrl Pts',(45.5778738475627,145.,-24.9127963803757));
#15135=CARTESIAN_POINT('Ctrl Pts',(46.3692772784207,144.,-24.0327892794252));
#15136=CARTESIAN_POINT('Ctrl Pts',(46.2563058272801,144.,-24.1121882402979));
#15137=CARTESIAN_POINT('Ctrl Pts',(46.1201610550288,144.,-24.23502651192));
#15138=CARTESIAN_POINT('Ctrl Pts',(45.9608429616669,144.,-24.4013040942916));
#15139=CARTESIAN_POINT('Ctrl Pts',(45.801524868305,144.,-24.5675816766631));
#15140=CARTESIAN_POINT('Ctrl Pts',(45.6738684969369,144.,-24.7380791053578));
#15141=CARTESIAN_POINT('Ctrl Pts',(45.5778738475627,144.,-24.9127963803757));
#15142=CARTESIAN_POINT('Origin',(0.,144.,-40.5));
#15143=CARTESIAN_POINT('Origin',(0.,144.,-40.5));
#15144=CARTESIAN_POINT('',(47.4747207531102,144.,-32.4744186555615));
#15145=CARTESIAN_POINT('',(47.7684005503762,144.,-32.0568087995016));
#15146=CARTESIAN_POINT('',(37.7318493120409,144.,-46.3286884350752));
#15147=CARTESIAN_POINT('',(41.8171072676481,144.,-30.6490337708036));
#15148=CARTESIAN_POINT('',(24.3192175439227,144.,-25.0034760636672));
#15149=CARTESIAN_POINT('',(42.1149824905893,144.,-30.2254580596571));
#15150=CARTESIAN_POINT('',(32.7297710883334,144.,-43.5711386930407));
#15151=CARTESIAN_POINT('',(27.3901273694592,144.,-25.4555340888831));
#15152=CARTESIAN_POINT('Origin',(41.8171072676481,-91.3747025381523,-30.6490337708036));
#15153=CARTESIAN_POINT('',(41.8171072676481,145.,-30.6490337708036));
#15154=CARTESIAN_POINT('',(47.4747207531102,145.,-32.4744186555615));
#15155=CARTESIAN_POINT('',(24.3192175439227,145.,-25.0034760636673));
#15156=CARTESIAN_POINT('',(41.8171072676481,-91.3747025381523,-30.6490337708036));
#15157=CARTESIAN_POINT('',(47.4747207531102,-91.3747025381523,-32.4744186555615));
#15158=CARTESIAN_POINT('Origin',(47.4747207531102,-91.3747025381523,-32.4744186555615));
#15159=CARTESIAN_POINT('',(47.7684005503762,145.,-32.0568087995016));
#15160=CARTESIAN_POINT('',(37.7318493120409,145.,-46.3286884350752));
#15161=CARTESIAN_POINT('',(47.7684005503762,-91.3747025381523,-32.0568087995016));
#15162=CARTESIAN_POINT('Origin',(47.7684005503762,-91.3747025381523,-32.0568087995016));
#15163=CARTESIAN_POINT('',(42.1149824905893,145.,-30.2254580596571));
#15164=CARTESIAN_POINT('',(27.3901273694592,145.,-25.4555340888831));
#15165=CARTESIAN_POINT('',(42.1149824905893,-91.3747025381523,-30.2254580596571));
#15166=CARTESIAN_POINT('Origin',(42.1149824905893,-91.3747025381523,-30.2254580596571));
#15167=CARTESIAN_POINT('',(32.7297710883334,145.,-43.5711386930407));
#15168=CARTESIAN_POINT('Origin',(42.4140264922505,-91.3747025381524,-31.5621278892786));
#15169=CARTESIAN_POINT('',(42.4140264922505,145.,-31.5621278892786));
#15170=CARTESIAN_POINT('',(41.9084487602546,145.,-31.1667572644546));
#15171=CARTESIAN_POINT('',(31.4232335425207,145.,-22.9671356638699));
#15172=CARTESIAN_POINT('',(42.4140264922505,144.,-31.5621278892786));
#15173=CARTESIAN_POINT('',(42.4140264922505,-91.3747025381524,-31.5621278892786));
#15174=CARTESIAN_POINT('',(41.9084487602546,144.,-31.1667572644546));
#15175=CARTESIAN_POINT('',(31.4232335425207,144.,-22.9671356638699));
#15176=CARTESIAN_POINT('',(41.9084487602546,-91.3747025381524,-31.1667572644546));
#15177=CARTESIAN_POINT('Origin',(42.3938086762084,-91.3747025381524,-31.5879812960284));
#15178=CARTESIAN_POINT('',(42.3938086762084,145.,-31.5879812960284));
#15179=CARTESIAN_POINT('',(32.1876972878325,145.,-44.6389828734229));
#15180=CARTESIAN_POINT('',(42.3938086762084,144.,-31.5879812960284));
#15181=CARTESIAN_POINT('',(42.3938086762084,-91.3747025381524,-31.5879812960284));
#15182=CARTESIAN_POINT('',(32.1876972878325,144.,-44.6389828734229));
#15183=CARTESIAN_POINT('Ctrl Pts',(42.3938086762084,-91.3747025381524,-31.5879812960284));
#15184=CARTESIAN_POINT('Ctrl Pts',(42.3938086762084,381.374702538152,-31.5879812960284));
#15185=CARTESIAN_POINT('Ctrl Pts',(42.3086637856151,-91.3747025381524,-31.6139833749624));
#15186=CARTESIAN_POINT('Ctrl Pts',(42.3086637856151,381.374702538152,-31.6139833749624));
#15187=CARTESIAN_POINT('Ctrl Pts',(42.0477421953117,-91.3747025381524,-31.7108454635236));
#15188=CARTESIAN_POINT('Ctrl Pts',(42.0477421953117,381.374702538152,-31.7108454635236));
#15189=CARTESIAN_POINT('Ctrl Pts',(41.9289009446482,-91.3747025381524,-31.7799365537073));
#15190=CARTESIAN_POINT('Ctrl Pts',(41.9289009446482,381.374702538152,-31.7799365537073));
#15191=CARTESIAN_POINT('',(41.9289009446482,145.,-31.7799365537073));
#15192=CARTESIAN_POINT('Ctrl Pts',(41.9289009446482,145.,-31.7799365537073));
#15193=CARTESIAN_POINT('Ctrl Pts',(42.0477421953117,145.,-31.7108454635236));
#15194=CARTESIAN_POINT('Ctrl Pts',(42.3086637856151,145.,-31.6139833749624));
#15195=CARTESIAN_POINT('Ctrl Pts',(42.3938086762084,145.,-31.5879812960284));
#15196=CARTESIAN_POINT('',(41.9289009446482,144.,-31.7799365537073));
#15197=CARTESIAN_POINT('',(41.9289009446482,-91.3747025381524,-31.7799365537073));
#15198=CARTESIAN_POINT('Ctrl Pts',(41.9289009446482,144.,-31.7799365537073));
#15199=CARTESIAN_POINT('Ctrl Pts',(42.0081284450905,144.,-31.7338758269182));
#15200=CARTESIAN_POINT('Ctrl Pts',(42.0912291270289,144.,-31.6947017820967));
#15201=CARTESIAN_POINT('Ctrl Pts',(42.1782029904634,144.,-31.662414419243));
#15202=CARTESIAN_POINT('Ctrl Pts',(42.2651768538978,144.,-31.6301270563892));
#15203=CARTESIAN_POINT('Ctrl Pts',(42.3370454158128,144.,-31.6053160153177));
#15204=CARTESIAN_POINT('Ctrl Pts',(42.3938086762084,144.,-31.5879812960284));
#15205=CARTESIAN_POINT('Ctrl Pts',(41.9289009446482,-91.3747025381524,-31.7799365537073));
#15206=CARTESIAN_POINT('Ctrl Pts',(41.9289009446482,381.374702538152,-31.7799365537073));
#15207=CARTESIAN_POINT('Ctrl Pts',(41.7879633477066,-91.3747025381524,-31.8595239763767));
#15208=CARTESIAN_POINT('Ctrl Pts',(41.7879633477066,381.374702538152,-31.8595239763767));
#15209=CARTESIAN_POINT('Ctrl Pts',(41.5225879707858,-91.3747025381524,-32.0686367157717));
#15210=CARTESIAN_POINT('Ctrl Pts',(41.5225879707858,381.374702538152,-32.0686367157717));
#15211=CARTESIAN_POINT('Ctrl Pts',(41.4237453145798,-91.3747025381524,-32.1950311487707));
#15212=CARTESIAN_POINT('Ctrl Pts',(41.4237453145798,381.374702538152,-32.1950311487707));
#15213=CARTESIAN_POINT('',(41.4237453145798,145.,-32.1950311487707));
#15214=CARTESIAN_POINT('Ctrl Pts',(41.4237453145798,145.,-32.1950311487707));
#15215=CARTESIAN_POINT('Ctrl Pts',(41.5225879707858,145.,-32.0686367157717));
#15216=CARTESIAN_POINT('Ctrl Pts',(41.7879633477066,145.,-31.8595239763767));
#15217=CARTESIAN_POINT('Ctrl Pts',(41.9289009446482,145.,-31.7799365537073));
#15218=CARTESIAN_POINT('',(41.4237453145798,144.,-32.1950311487707));
#15219=CARTESIAN_POINT('',(41.4237453145798,-91.3747025381524,-32.1950311487707));
#15220=CARTESIAN_POINT('Ctrl Pts',(41.4237453145798,144.,-32.1950311487707));
#15221=CARTESIAN_POINT('Ctrl Pts',(41.4896404187172,144.,-32.110768193438));
#15222=CARTESIAN_POINT('Ctrl Pts',(41.5668172002726,144.,-32.0337845925392));
#15223=CARTESIAN_POINT('Ctrl Pts',(41.6552756592462,144.,-31.9640803460742));
#15224=CARTESIAN_POINT('Ctrl Pts',(41.7437341182198,144.,-31.8943760996092));
#15225=CARTESIAN_POINT('Ctrl Pts',(41.8349425466871,144.,-31.8329948354869));
#15226=CARTESIAN_POINT('Ctrl Pts',(41.9289009446482,144.,-31.7799365537073));
#15227=CARTESIAN_POINT('Ctrl Pts',(41.4237453145798,-91.3747025381524,-32.1950311487707));
#15228=CARTESIAN_POINT('Ctrl Pts',(41.4237453145798,381.374702538152,-32.1950311487707));
#15229=CARTESIAN_POINT('Ctrl Pts',(41.3204098103645,-91.3747025381524,-32.3271707832696));
#15230=CARTESIAN_POINT('Ctrl Pts',(41.3204098103645,381.374702538152,-32.3271707832696));
#15231=CARTESIAN_POINT('Ctrl Pts',(41.2214966047581,-91.3747025381524,-32.6016490403849));
#15232=CARTESIAN_POINT('Ctrl Pts',(41.2214966047581,381.374702538152,-32.6016490403849));
#15233=CARTESIAN_POINT('Ctrl Pts',(41.2281653273718,-91.3747025381524,-32.7411150622513));
#15234=CARTESIAN_POINT('Ctrl Pts',(41.2281653273718,381.374702538152,-32.7411150622513));
#15235=CARTESIAN_POINT('',(41.2281653273718,145.,-32.7411150622513));
#15236=CARTESIAN_POINT('Ctrl Pts',(41.2281653273718,145.,-32.7411150622513));
#15237=CARTESIAN_POINT('Ctrl Pts',(41.2214966047581,145.,-32.6016490403849));
#15238=CARTESIAN_POINT('Ctrl Pts',(41.3204098103645,145.,-32.3271707832696));
#15239=CARTESIAN_POINT('Ctrl Pts',(41.4237453145798,145.,-32.1950311487707));
#15240=CARTESIAN_POINT('',(41.2281653273718,144.,-32.7411150622513));
#15241=CARTESIAN_POINT('',(41.2281653273718,-91.3747025381524,-32.7411150622513));
#15242=CARTESIAN_POINT('Ctrl Pts',(41.2281653273718,144.,-32.7411150622513));
#15243=CARTESIAN_POINT('Ctrl Pts',(41.223719512296,144.,-32.6481377143404));
#15244=CARTESIAN_POINT('Ctrl Pts',(41.2379821390259,144.,-32.555902664199));
#15245=CARTESIAN_POINT('Ctrl Pts',(41.2709532075613,144.,-32.4644099118273));
#15246=CARTESIAN_POINT('Ctrl Pts',(41.3039242760968,144.,-32.3729171594555));
#15247=CARTESIAN_POINT('Ctrl Pts',(41.3548549784363,144.,-32.2831242384366));
#15248=CARTESIAN_POINT('Ctrl Pts',(41.4237453145798,144.,-32.1950311487707));
#15249=CARTESIAN_POINT('Ctrl Pts',(41.2281653273718,-91.3747025381524,-32.7411150622513));
#15250=CARTESIAN_POINT('Ctrl Pts',(41.2281653273718,381.374702538152,-32.7411150622513));
#15251=CARTESIAN_POINT('Ctrl Pts',(41.2348340499855,-91.3747025381524,-32.8805810841177));
#15252=CARTESIAN_POINT('Ctrl Pts',(41.2348340499855,381.374702538152,-32.8805810841177));
#15253=CARTESIAN_POINT('Ctrl Pts',(41.3870113403339,-91.3747025381524,-33.1477253804821));
#15254=CARTESIAN_POINT('Ctrl Pts',(41.3870113403339,381.374702538152,-33.1477253804821));
#15255=CARTESIAN_POINT('Ctrl Pts',(41.5363865793327,-91.3747025381524,-33.2645394287255));
#15256=CARTESIAN_POINT('Ctrl Pts',(41.5363865793327,381.374702538152,-33.2645394287255));
#15257=CARTESIAN_POINT('',(41.5363865793327,145.,-33.2645394287255));
#15258=CARTESIAN_POINT('Ctrl Pts',(41.5363865793327,145.,-33.2645394287255));
#15259=CARTESIAN_POINT('Ctrl Pts',(41.3870113403339,145.,-33.1477253804821));
#15260=CARTESIAN_POINT('Ctrl Pts',(41.2348340499855,145.,-32.8805810841177));
#15261=CARTESIAN_POINT('Ctrl Pts',(41.2281653273718,145.,-32.7411150622513));
#15262=CARTESIAN_POINT('',(41.5363865793327,144.,-33.2645394287255));
#15263=CARTESIAN_POINT('',(41.5363865793327,-91.3747025381524,-33.2645394287255));
#15264=CARTESIAN_POINT('Ctrl Pts',(41.5363865793327,144.,-33.2645394287255));
#15265=CARTESIAN_POINT('Ctrl Pts',(41.4368030866668,144.,-33.1866633965632));
#15266=CARTESIAN_POINT('Ctrl Pts',(41.3616484586091,144.,-33.103201331088));
#15267=CARTESIAN_POINT('Ctrl Pts',(41.3109226951597,144.,-33.0141532322999));
#15268=CARTESIAN_POINT('Ctrl Pts',(41.2601969317102,144.,-32.9251051335117));
#15269=CARTESIAN_POINT('Ctrl Pts',(41.2326111424476,144.,-32.8340924101622));
#15270=CARTESIAN_POINT('Ctrl Pts',(41.2281653273718,144.,-32.7411150622513));
#15271=CARTESIAN_POINT('Ctrl Pts',(41.5363865793327,-91.3747025381524,-33.2645394287255));
#15272=CARTESIAN_POINT('Ctrl Pts',(41.5363865793327,381.374702538152,-33.2645394287255));
#15273=CARTESIAN_POINT('Ctrl Pts',(41.8207740535804,-91.3747025381524,-33.486935405189));
#15274=CARTESIAN_POINT('Ctrl Pts',(41.8207740535804,381.374702538152,-33.486935405189));
#15275=CARTESIAN_POINT('Ctrl Pts',(42.5864594655583,-91.3747025381524,-33.6088923928121));
#15276=CARTESIAN_POINT('Ctrl Pts',(42.5864594655583,381.374702538152,-33.6088923928121));
#15277=CARTESIAN_POINT('Ctrl Pts',(43.3484583664648,-91.3747025381524,-33.5520514077909));
#15278=CARTESIAN_POINT('Ctrl Pts',(43.3484583664648,381.374702538152,-33.5520514077909));
#15279=CARTESIAN_POINT('',(43.3484583664648,145.,-33.5520514077909));
#15280=CARTESIAN_POINT('Ctrl Pts',(43.3484583664648,145.,-33.5520514077909));
#15281=CARTESIAN_POINT('Ctrl Pts',(42.5864594655583,145.,-33.6088923928121));
#15282=CARTESIAN_POINT('Ctrl Pts',(41.8207740535804,145.,-33.486935405189));
#15283=CARTESIAN_POINT('Ctrl Pts',(41.5363865793327,145.,-33.2645394287255));
#15284=CARTESIAN_POINT('',(43.3484583664648,144.,-33.5520514077909));
#15285=CARTESIAN_POINT('',(43.3484583664648,-91.3747025381524,-33.5520514077909));
#15286=CARTESIAN_POINT('Ctrl Pts',(43.3484583664648,144.,-33.5520514077909));
#15287=CARTESIAN_POINT('Ctrl Pts',(42.8404590991938,144.,-33.589945397805));
#15288=CARTESIAN_POINT('Ctrl Pts',(42.4588452302287,144.,-33.5885662282082));
#15289=CARTESIAN_POINT('Ctrl Pts',(42.2036167595694,144.,-33.5479138990005));
#15290=CARTESIAN_POINT('Ctrl Pts',(41.9483882889101,144.,-33.5072615697928));
#15291=CARTESIAN_POINT('Ctrl Pts',(41.7259782288312,144.,-33.4128034130345));
#15292=CARTESIAN_POINT('Ctrl Pts',(41.5363865793327,144.,-33.2645394287255));
#15293=CARTESIAN_POINT('Ctrl Pts',(43.3484583664648,-91.3747025381524,-33.5520514077909));
#15294=CARTESIAN_POINT('Ctrl Pts',(43.3484583664648,381.374702538152,-33.5520514077909));
#15295=CARTESIAN_POINT('Ctrl Pts',(43.7268983045408,-91.3747025381524,-33.523944003653));
#15296=CARTESIAN_POINT('Ctrl Pts',(43.7268983045408,381.374702538152,-33.523944003653));
#15297=CARTESIAN_POINT('Ctrl Pts',(44.465658116471,-91.3747025381524,-33.4257829268258));
#15298=CARTESIAN_POINT('Ctrl Pts',(44.465658116471,381.374702538152,-33.4257829268258));
#15299=CARTESIAN_POINT('Ctrl Pts',(44.8710551426031,-91.3747025381524,-33.3632043136881));
#15300=CARTESIAN_POINT('Ctrl Pts',(44.8710551426031,381.374702538152,-33.3632043136881));
#15301=CARTESIAN_POINT('',(44.8710551426031,145.,-33.3632043136881));
#15302=CARTESIAN_POINT('Ctrl Pts',(44.8710551426031,145.,-33.3632043136881));
#15303=CARTESIAN_POINT('Ctrl Pts',(44.465658116471,145.,-33.4257829268258));
#15304=CARTESIAN_POINT('Ctrl Pts',(43.7268983045408,145.,-33.523944003653));
#15305=CARTESIAN_POINT('Ctrl Pts',(43.3484583664648,145.,-33.5520514077909));
#15306=CARTESIAN_POINT('',(44.8710551426031,144.,-33.3632043136881));
#15307=CARTESIAN_POINT('',(44.8710551426031,-91.3747025381524,-33.3632043136881));
#15308=CARTESIAN_POINT('Ctrl Pts',(44.8710551426031,144.,-33.3632043136881));
#15309=CARTESIAN_POINT('Ctrl Pts',(44.600790458515,144.,-33.4049233891132));
#15310=CARTESIAN_POINT('Ctrl Pts',(44.3425314811493,144.,-33.442143106297));
#15311=CARTESIAN_POINT('Ctrl Pts',(44.0962782105059,144.,-33.4748634652394));
#15312=CARTESIAN_POINT('Ctrl Pts',(43.8500249398625,144.,-33.5075838241818));
#15313=CARTESIAN_POINT('Ctrl Pts',(43.6007516585155,144.,-33.5333131383656));
#15314=CARTESIAN_POINT('Ctrl Pts',(43.3484583664648,144.,-33.5520514077909));
#15315=CARTESIAN_POINT('Origin',(45.3737602738491,-91.3747025381524,-33.7563285145074));
#15316=CARTESIAN_POINT('',(45.3737602738491,145.,-33.7563285145074));
#15317=CARTESIAN_POINT('',(32.9323039453807,145.,-24.0268921667346));
#15318=CARTESIAN_POINT('',(45.3737602738491,144.,-33.7563285145074));
#15319=CARTESIAN_POINT('',(45.3737602738491,-91.3747025381524,-33.7563285145074));
#15320=CARTESIAN_POINT('',(32.9323039453807,144.,-24.0268921667346));
#15321=CARTESIAN_POINT('Origin',(43.6642316062865,-91.3747025381524,-35.9423776852399));
#15322=CARTESIAN_POINT('',(43.6642316062865,145.,-35.9423776852399));
#15323=CARTESIAN_POINT('',(34.2735721316115,145.,-47.9506251903927));
#15324=CARTESIAN_POINT('',(43.6642316062865,144.,-35.9423776852399));
#15325=CARTESIAN_POINT('',(43.6642316062865,-91.3747025381524,-35.9423776852399));
#15326=CARTESIAN_POINT('',(34.2735721316115,144.,-47.9506251903927));
#15327=CARTESIAN_POINT('Origin',(43.2534496990398,-91.3747025381524,-35.6211390525705));
#15328=CARTESIAN_POINT('',(43.2534496990398,145.,-35.6211390525705));
#15329=CARTESIAN_POINT('',(31.0173843241948,145.,-26.0523220211324));
#15330=CARTESIAN_POINT('',(43.2534496990398,144.,-35.6211390525705));
#15331=CARTESIAN_POINT('',(43.2534496990398,-91.3747025381524,-35.6211390525705));
#15332=CARTESIAN_POINT('',(31.0173843241948,144.,-26.0523220211324));
#15333=CARTESIAN_POINT('Origin',(44.6147826458767,-91.3747025381524,-33.8803429980844));
#15334=CARTESIAN_POINT('',(44.6147826458767,145.,-33.8803429980844));
#15335=CARTESIAN_POINT('',(34.5434566977832,145.,-46.7589885304802));
#15336=CARTESIAN_POINT('',(44.6147826458767,144.,-33.8803429980844));
#15337=CARTESIAN_POINT('',(44.6147826458767,-91.3747025381524,-33.8803429980844));
#15338=CARTESIAN_POINT('',(34.5434566977832,144.,-46.7589885304802));
#15339=CARTESIAN_POINT('Ctrl Pts',(44.6147826458767,-91.3747025381524,-33.8803429980844));
#15340=CARTESIAN_POINT('Ctrl Pts',(44.6147826458767,381.374702538152,-33.8803429980844));
#15341=CARTESIAN_POINT('Ctrl Pts',(44.3344886378611,-91.3747025381524,-33.9250207685849));
#15342=CARTESIAN_POINT('Ctrl Pts',(44.3344886378611,381.374702538152,-33.9250207685849));
#15343=CARTESIAN_POINT('Ctrl Pts',(43.3826083164711,-91.3747025381524,-34.0648383429785));
#15344=CARTESIAN_POINT('Ctrl Pts',(43.3826083164711,381.374702538152,-34.0648383429785));
#15345=CARTESIAN_POINT('Ctrl Pts',(42.9632161803579,-91.3747025381524,-34.0979551610788));
#15346=CARTESIAN_POINT('Ctrl Pts',(42.9632161803579,381.374702538152,-34.0979551610788));
#15347=CARTESIAN_POINT('',(42.9632161803579,145.,-34.0979551610788));
#15348=CARTESIAN_POINT('Ctrl Pts',(42.9632161803579,145.,-34.0979551610788));
#15349=CARTESIAN_POINT('Ctrl Pts',(43.3826083164711,145.,-34.0648383429785));
#15350=CARTESIAN_POINT('Ctrl Pts',(44.3344886378611,145.,-33.9250207685849));
#15351=CARTESIAN_POINT('Ctrl Pts',(44.6147826458767,145.,-33.8803429980844));
#15352=CARTESIAN_POINT('',(42.9632161803579,144.,-34.0979551610788));
#15353=CARTESIAN_POINT('',(42.9632161803579,-91.3747025381524,-34.0979551610788));
#15354=CARTESIAN_POINT('Ctrl Pts',(42.9632161803579,144.,-34.0979551610788));
#15355=CARTESIAN_POINT('Ctrl Pts',(43.2428109377667,144.,-34.0758772823453));
#15356=CARTESIAN_POINT('Ctrl Pts',(43.5412550367028,144.,-34.0415354139129));
#15357=CARTESIAN_POINT('Ctrl Pts',(43.8585484771661,144.,-33.9949295557817));
#15358=CARTESIAN_POINT('Ctrl Pts',(44.1758419176294,144.,-33.9483236976505));
#15359=CARTESIAN_POINT('Ctrl Pts',(44.4279199738663,144.,-33.9101281784181));
#15360=CARTESIAN_POINT('Ctrl Pts',(44.6147826458767,144.,-33.8803429980844));
#15361=CARTESIAN_POINT('Ctrl Pts',(42.9632161803579,-91.3747025381524,-34.0979551610788));
#15362=CARTESIAN_POINT('Ctrl Pts',(42.9632161803579,381.374702538152,-34.0979551610788));
#15363=CARTESIAN_POINT('Ctrl Pts',(42.7088851898844,-91.3747025381524,-34.121272372839));
#15364=CARTESIAN_POINT('Ctrl Pts',(42.7088851898844,381.374702538152,-34.121272372839));
#15365=CARTESIAN_POINT('Ctrl Pts',(42.2089506219796,-91.3747025381524,-34.1330676935908));
#15366=CARTESIAN_POINT('Ctrl Pts',(42.2089506219796,381.374702538152,-34.1330676935908));
#15367=CARTESIAN_POINT('Ctrl Pts',(41.9864374613404,-91.3747025381524,-34.0979388198373));
#15368=CARTESIAN_POINT('Ctrl Pts',(41.9864374613404,381.374702538152,-34.0979388198373));
#15369=CARTESIAN_POINT('',(41.9864374613404,145.,-34.0979388198373));
#15370=CARTESIAN_POINT('Ctrl Pts',(41.9864374613404,145.,-34.0979388198373));
#15371=CARTESIAN_POINT('Ctrl Pts',(42.2089506219796,145.,-34.1330676935908));
#15372=CARTESIAN_POINT('Ctrl Pts',(42.7088851898844,145.,-34.121272372839));
#15373=CARTESIAN_POINT('Ctrl Pts',(42.9632161803579,145.,-34.0979551610788));
#15374=CARTESIAN_POINT('',(41.9864374613404,144.,-34.0979388198373));
#15375=CARTESIAN_POINT('',(41.9864374613404,-91.3747025381524,-34.0979388198373));
#15376=CARTESIAN_POINT('Ctrl Pts',(41.9864374613404,144.,-34.0979388198373));
#15377=CARTESIAN_POINT('Ctrl Pts',(42.1347795684332,144.,-34.1213580690063));
#15378=CARTESIAN_POINT('Ctrl Pts',(42.2922730499637,144.,-34.1311018067988));
#15379=CARTESIAN_POINT('Ctrl Pts',(42.458917905932,144.,-34.1271700332149));
#15380=CARTESIAN_POINT('Ctrl Pts',(42.6255627619003,144.,-34.123238259631));
#15381=CARTESIAN_POINT('Ctrl Pts',(42.7936621867089,144.,-34.1134999689189));
#15382=CARTESIAN_POINT('Ctrl Pts',(42.9632161803579,144.,-34.0979551610788));
#15383=CARTESIAN_POINT('Ctrl Pts',(41.9864374613404,-91.3747025381524,-34.0979388198373));
#15384=CARTESIAN_POINT('Ctrl Pts',(41.9864374613404,381.374702538152,-34.0979388198373));
#15385=CARTESIAN_POINT('Ctrl Pts',(41.7696695022011,-91.3747025381524,-34.0673027940932));
#15386=CARTESIAN_POINT('Ctrl Pts',(41.7696695022011,381.374702538152,-34.0673027940932));
#15387=CARTESIAN_POINT('Ctrl Pts',(41.3428337945447,-91.3747025381524,-33.8909074910213));
#15388=CARTESIAN_POINT('Ctrl Pts',(41.3428337945447,381.374702538152,-33.8909074910213));
#15389=CARTESIAN_POINT('Ctrl Pts',(41.1331339397964,-91.3747025381524,-33.7269185386795));
#15390=CARTESIAN_POINT('Ctrl Pts',(41.1331339397964,381.374702538152,-33.7269185386795));
#15391=CARTESIAN_POINT('',(41.1331339397964,145.,-33.7269185386795));
#15392=CARTESIAN_POINT('Ctrl Pts',(41.1331339397964,145.,-33.7269185386795));
#15393=CARTESIAN_POINT('Ctrl Pts',(41.3428337945447,145.,-33.8909074910213));
#15394=CARTESIAN_POINT('Ctrl Pts',(41.7696695022011,145.,-34.0673027940932));
#15395=CARTESIAN_POINT('Ctrl Pts',(41.9864374613404,145.,-34.0979388198373));
#15396=CARTESIAN_POINT('',(41.1331339397964,144.,-33.7269185386795));
#15397=CARTESIAN_POINT('',(41.1331339397964,-91.3747025381524,-33.7269185386795));
#15398=CARTESIAN_POINT('Ctrl Pts',(41.1331339397964,144.,-33.7269185386795));
#15399=CARTESIAN_POINT('Ctrl Pts',(41.272933842962,144.,-33.8362445069073));
#15400=CARTESIAN_POINT('Ctrl Pts',(41.4139730791541,144.,-33.9203067081999));
#15401=CARTESIAN_POINT('Ctrl Pts',(41.5562516483729,144.,-33.9791051425572));
#15402=CARTESIAN_POINT('Ctrl Pts',(41.6985302175917,144.,-34.0379035769145));
#15403=CARTESIAN_POINT('Ctrl Pts',(41.8419254885809,144.,-34.0775148026745));
#15404=CARTESIAN_POINT('Ctrl Pts',(41.9864374613404,144.,-34.0979388198373));
#15405=CARTESIAN_POINT('Ctrl Pts',(41.1331339397964,-91.3747025381524,-33.7269185386795));
#15406=CARTESIAN_POINT('Ctrl Pts',(41.1331339397964,381.374702538152,-33.7269185386795));
#15407=CARTESIAN_POINT('Ctrl Pts',(40.6850082228,-91.3747025381524,-33.3764763939492));
#15408=CARTESIAN_POINT('Ctrl Pts',(40.6850082228,381.374702538152,-33.3764763939492));
#15409=CARTESIAN_POINT('Ctrl Pts',(40.5973749664671,-91.3747025381524,-32.405223654847));
#15410=CARTESIAN_POINT('Ctrl Pts',(40.5973749664671,381.374702538152,-32.405223654847));
#15411=CARTESIAN_POINT('Ctrl Pts',(40.9860063192769,-91.3747025381524,-31.908263725101));
#15412=CARTESIAN_POINT('Ctrl Pts',(40.9860063192769,381.374702538152,-31.908263725101));
#15413=CARTESIAN_POINT('',(40.9860063192769,145.,-31.908263725101));
#15414=CARTESIAN_POINT('Ctrl Pts',(40.9860063192769,145.,-31.908263725101));
#15415=CARTESIAN_POINT('Ctrl Pts',(40.5973749664671,145.,-32.405223654847));
#15416=CARTESIAN_POINT('Ctrl Pts',(40.6850082228,145.,-33.3764763939492));
#15417=CARTESIAN_POINT('Ctrl Pts',(41.1331339397964,145.,-33.7269185386795));
#15418=CARTESIAN_POINT('',(40.9860063192769,144.,-31.908263725101));
#15419=CARTESIAN_POINT('',(40.9860063192769,-91.3747025381524,-31.908263725101));
#15420=CARTESIAN_POINT('Ctrl Pts',(40.9860063192769,144.,-31.908263725101));
#15421=CARTESIAN_POINT('Ctrl Pts',(40.726918750737,144.,-32.2395703449317));
#15422=CARTESIAN_POINT('Ctrl Pts',(40.6119805091892,144.,-32.567099111364));
#15423=CARTESIAN_POINT('Ctrl Pts',(40.6411915946335,144.,-32.8908500243981));
#15424=CARTESIAN_POINT('Ctrl Pts',(40.6704026800778,144.,-33.2146009374322));
#15425=CARTESIAN_POINT('Ctrl Pts',(40.8343834617988,144.,-33.4932904421927));
#15426=CARTESIAN_POINT('Ctrl Pts',(41.1331339397964,144.,-33.7269185386795));
#15427=CARTESIAN_POINT('Ctrl Pts',(40.9860063192769,-91.3747025381524,-31.908263725101));
#15428=CARTESIAN_POINT('Ctrl Pts',(40.9860063192769,381.374702538152,-31.908263725101));
#15429=CARTESIAN_POINT('Ctrl Pts',(41.1702130876608,-91.3747025381524,-31.6727104636028));
#15430=CARTESIAN_POINT('Ctrl Pts',(41.1702130876608,381.374702538152,-31.6727104636028));
#15431=CARTESIAN_POINT('Ctrl Pts',(41.7220661172664,-91.3747025381524,-31.2570993025864));
#15432=CARTESIAN_POINT('Ctrl Pts',(41.7220661172664,381.374702538152,-31.2570993025864));
#15433=CARTESIAN_POINT('Ctrl Pts',(41.9084487602546,-91.3747025381524,-31.1667572644546));
#15434=CARTESIAN_POINT('Ctrl Pts',(41.9084487602546,381.374702538152,-31.1667572644546));
#15435=CARTESIAN_POINT('Ctrl Pts',(41.9084487602546,145.,-31.1667572644546));
#15436=CARTESIAN_POINT('Ctrl Pts',(41.7220661172664,145.,-31.2570993025864));
#15437=CARTESIAN_POINT('Ctrl Pts',(41.1702130876608,145.,-31.6727104636028));
#15438=CARTESIAN_POINT('Ctrl Pts',(40.9860063192769,145.,-31.908263725101));
#15439=CARTESIAN_POINT('Ctrl Pts',(41.9084487602546,144.,-31.1667572644546));
#15440=CARTESIAN_POINT('Ctrl Pts',(41.7841936649291,144.,-31.2269852898758));
#15441=CARTESIAN_POINT('Ctrl Pts',(41.6300906123321,144.,-31.3263678294225));
#15442=CARTESIAN_POINT('Ctrl Pts',(41.4461396024636,144.,-31.4649048830946));
#15443=CARTESIAN_POINT('Ctrl Pts',(41.2621885925951,144.,-31.6034419367668));
#15444=CARTESIAN_POINT('Ctrl Pts',(41.1088108315328,144.,-31.7512282174356));
#15445=CARTESIAN_POINT('Ctrl Pts',(40.9860063192769,144.,-31.908263725101));
#15446=CARTESIAN_POINT('Origin',(0.,144.,-40.5));
#15447=CARTESIAN_POINT('Origin',(0.,144.,-40.5));
#15448=CARTESIAN_POINT('',(42.4467962032284,144.,-37.488892856964));
#15449=CARTESIAN_POINT('',(41.6454036032697,144.,-34.8595026977149));
#15450=CARTESIAN_POINT('Ctrl Pts',(42.4467962032284,144.,-37.488892856964));
#15451=CARTESIAN_POINT('Ctrl Pts',(42.7750786992193,144.,-37.1171467829597));
#15452=CARTESIAN_POINT('Ctrl Pts',(42.8716445198556,144.,-36.7167283398742));
#15453=CARTESIAN_POINT('Ctrl Pts',(42.7364936651371,144.,-36.2876375277077));
#15454=CARTESIAN_POINT('Ctrl Pts',(42.6013428104187,144.,-35.8585467155411));
#15455=CARTESIAN_POINT('Ctrl Pts',(42.2376461231296,144.,-35.3825017722102));
#15456=CARTESIAN_POINT('Ctrl Pts',(41.6454036032697,144.,-34.8595026977149));
#15457=CARTESIAN_POINT('',(39.7381489311312,144.,-37.0137627704608));
#15458=CARTESIAN_POINT('Ctrl Pts',(39.7381489311312,144.,-37.0137627704608));
#15459=CARTESIAN_POINT('Ctrl Pts',(40.3431474437265,144.,-37.5480264404068));
#15460=CARTESIAN_POINT('Ctrl Pts',(40.864974580835,144.,-37.8523505106376));
#15461=CARTESIAN_POINT('Ctrl Pts',(41.3036303424566,144.,-37.9267349811531));
#15462=CARTESIAN_POINT('Ctrl Pts',(41.7422861040781,144.,-38.0011194516686));
#15463=CARTESIAN_POINT('Ctrl Pts',(42.1233413910021,144.,-37.8551720769389));
#15464=CARTESIAN_POINT('Ctrl Pts',(42.4467962032284,144.,-37.488892856964));
#15465=CARTESIAN_POINT('',(38.9343424892902,144.,-34.3871060382264));
#15466=CARTESIAN_POINT('Ctrl Pts',(38.9343424892902,144.,-34.3871060382264));
#15467=CARTESIAN_POINT('Ctrl Pts',(38.6076692212208,144.,-34.7570298275543));
#15468=CARTESIAN_POINT('Ctrl Pts',(38.5132747280527,144.,-35.1577440492426));
#15469=CARTESIAN_POINT('Ctrl Pts',(38.6511590097858,144.,-35.5892487032915));
#15470=CARTESIAN_POINT('Ctrl Pts',(38.789043291519,144.,-36.0207533573403));
#15471=CARTESIAN_POINT('Ctrl Pts',(39.1513732653008,144.,-36.4955913797301));
#15472=CARTESIAN_POINT('Ctrl Pts',(39.7381489311312,144.,-37.0137627704608));
#15473=CARTESIAN_POINT('Ctrl Pts',(41.6454036032697,144.,-34.8595026977149));
#15474=CARTESIAN_POINT('Ctrl Pts',(41.0367605213214,144.,-34.3220205719259));
#15475=CARTESIAN_POINT('Ctrl Pts',(40.5140222418747,144.,-34.0168918877343));
#15476=CARTESIAN_POINT('Ctrl Pts',(40.0771887649296,144.,-33.9441166451404));
#15477=CARTESIAN_POINT('Ctrl Pts',(39.6403552879845,144.,-33.8713414025464));
#15478=CARTESIAN_POINT('Ctrl Pts',(39.259406529438,144.,-34.019004533575));
#15479=CARTESIAN_POINT('Ctrl Pts',(38.9343424892902,144.,-34.3871060382264));
#15480=CARTESIAN_POINT('',(42.0723167022093,144.,-37.1581965190908));
#15481=CARTESIAN_POINT('',(41.2776519677173,144.,-37.341880791076));
#15482=CARTESIAN_POINT('Ctrl Pts',(42.0723167022093,144.,-37.1581965190908));
#15483=CARTESIAN_POINT('Ctrl Pts',(41.9628892035457,144.,-37.2821118770923));
#15484=CARTESIAN_POINT('Ctrl Pts',(41.842758006967,144.,-37.3584654364202));
#15485=CARTESIAN_POINT('Ctrl Pts',(41.7119231124732,144.,-37.3872571970746));
#15486=CARTESIAN_POINT('Ctrl Pts',(41.5810882179793,144.,-37.4160489577289));
#15487=CARTESIAN_POINT('Ctrl Pts',(41.4363311697274,144.,-37.4009234890627));
#15488=CARTESIAN_POINT('Ctrl Pts',(41.2776519677173,144.,-37.341880791076));
#15489=CARTESIAN_POINT('',(42.1553316574721,144.,-36.3314715510203));
#15490=CARTESIAN_POINT('Ctrl Pts',(42.1553316574721,144.,-36.3314715510203));
#15491=CARTESIAN_POINT('Ctrl Pts',(42.233336406651,144.,-36.4781969702336));
#15492=CARTESIAN_POINT('Ctrl Pts',(42.267967870656,144.,-36.6198646955385));
#15493=CARTESIAN_POINT('Ctrl Pts',(42.2592260494872,144.,-36.756474726935));
#15494=CARTESIAN_POINT('Ctrl Pts',(42.2504842283183,144.,-36.8930847583315));
#15495=CARTESIAN_POINT('Ctrl Pts',(42.1881811125591,144.,-37.0269920223834));
#15496=CARTESIAN_POINT('Ctrl Pts',(42.0723167022093,144.,-37.1581965190908));
#15497=CARTESIAN_POINT('',(41.2398781670456,144.,-35.3187184361909));
#15498=CARTESIAN_POINT('Ctrl Pts',(41.2398781670456,144.,-35.3187184361909));
#15499=CARTESIAN_POINT('Ctrl Pts',(41.4767751749896,144.,-35.527918065989));
#15500=CARTESIAN_POINT('Ctrl Pts',(41.6680561507028,144.,-35.7098084341803));
#15501=CARTESIAN_POINT('Ctrl Pts',(41.8137210941855,144.,-35.8643895407648));
#15502=CARTESIAN_POINT('Ctrl Pts',(41.9593860376681,144.,-36.0189706473494));
#15503=CARTESIAN_POINT('Ctrl Pts',(42.0732562254303,144.,-36.1746646507679));
#15504=CARTESIAN_POINT('Ctrl Pts',(42.1553316574721,144.,-36.3314715510203));
#15505=CARTESIAN_POINT('',(40.1083144085658,144.,-34.528651250085));
#15506=CARTESIAN_POINT('Ctrl Pts',(40.1083144085658,144.,-34.528651250085));
#15507=CARTESIAN_POINT('Ctrl Pts',(40.2633490412229,144.,-34.5844754922287));
#15508=CARTESIAN_POINT('Ctrl Pts',(40.43557754767,144.,-34.6814302724895));
#15509=CARTESIAN_POINT('Ctrl Pts',(40.6249999279069,144.,-34.8195155908674));
#15510=CARTESIAN_POINT('Ctrl Pts',(40.8144223081438,144.,-34.9576009092453));
#15511=CARTESIAN_POINT('Ctrl Pts',(41.0193817211901,144.,-35.1240018576865));
#15512=CARTESIAN_POINT('Ctrl Pts',(41.2398781670456,144.,-35.3187184361909));
#15513=CARTESIAN_POINT('',(39.3088219903093,144.,-34.7178023760996));
#15514=CARTESIAN_POINT('Ctrl Pts',(39.3088219903093,144.,-34.7178023760996));
#15515=CARTESIAN_POINT('Ctrl Pts',(39.4198587168944,144.,-34.5920647334217));
#15516=CARTESIAN_POINT('Ctrl Pts',(39.5407945274339,144.,-34.5148000317555));
#15517=CARTESIAN_POINT('Ctrl Pts',(39.6716294219277,144.,-34.4860082711012));
#15518=CARTESIAN_POINT('Ctrl Pts',(39.8024643164215,144.,-34.4572165104468));
#15519=CARTESIAN_POINT('Ctrl Pts',(39.9480259786342,144.,-34.4714308367748));
#15520=CARTESIAN_POINT('Ctrl Pts',(40.1083144085658,144.,-34.528651250085));
#15521=CARTESIAN_POINT('',(39.221795267502,144.,-35.5215244266998));
#15522=CARTESIAN_POINT('Ctrl Pts',(39.221795267502,144.,-35.5215244266998));
#15523=CARTESIAN_POINT('Ctrl Pts',(39.1472220309211,144.,-35.3745859507315));
#15524=CARTESIAN_POINT('Ctrl Pts',(39.1153239939308,144.,-35.2353320673089));
#15525=CARTESIAN_POINT('Ctrl Pts',(39.1261011565311,144.,-35.1037627764319));
#15526=CARTESIAN_POINT('Ctrl Pts',(39.1368783191314,144.,-34.972193485555));
#15527=CARTESIAN_POINT('Ctrl Pts',(39.1977852637241,144.,-34.8435400187776));
#15528=CARTESIAN_POINT('Ctrl Pts',(39.3088219903093,144.,-34.7178023760996));
#15529=CARTESIAN_POINT('',(40.1436743673553,144.,-36.5545470319849));
#15530=CARTESIAN_POINT('Ctrl Pts',(40.1436743673553,144.,-36.5545470319849));
#15531=CARTESIAN_POINT('Ctrl Pts',(39.9122442134408,144.,-36.3501750859513));
#15532=CARTESIAN_POINT('Ctrl Pts',(39.7193834674652,144.,-36.1636462842208));
#15533=CARTESIAN_POINT('Ctrl Pts',(39.5650921294284,144.,-35.9949606267934));
#15534=CARTESIAN_POINT('Ctrl Pts',(39.4108007913917,144.,-35.826274969366));
#15535=CARTESIAN_POINT('Ctrl Pts',(39.2963685040828,144.,-35.6684629026681));
#15536=CARTESIAN_POINT('Ctrl Pts',(39.221795267502,144.,-35.5215244266998));
#15537=CARTESIAN_POINT('Ctrl Pts',(41.2776519677173,144.,-37.341880791076));
#15538=CARTESIAN_POINT('Ctrl Pts',(41.1278711323347,144.,-37.2874527200988));
#15539=CARTESIAN_POINT('Ctrl Pts',(40.9592871952407,144.,-37.193716395681));
#15540=CARTESIAN_POINT('Ctrl Pts',(40.7719001564352,144.,-37.0606718178227));
#15541=CARTESIAN_POINT('Ctrl Pts',(40.5845131176297,144.,-36.9276272399644));
#15542=CARTESIAN_POINT('Ctrl Pts',(40.3751045212697,144.,-36.7589189780184));
#15543=CARTESIAN_POINT('Ctrl Pts',(40.1436743673553,144.,-36.5545470319849));
#15544=CARTESIAN_POINT('Ctrl Pts',(40.1083144085658,-91.3747025381524,-34.528651250085));
#15545=CARTESIAN_POINT('Ctrl Pts',(40.1083144085658,381.374702538152,-34.528651250085));
#15546=CARTESIAN_POINT('Ctrl Pts',(40.3408663575515,-91.3747025381524,-34.6123876133006));
#15547=CARTESIAN_POINT('Ctrl Pts',(40.3408663575515,381.374702538152,-34.6123876133006));
#15548=CARTESIAN_POINT('Ctrl Pts',(40.9091334982623,-91.3747025381524,-35.0266435684342));
#15549=CARTESIAN_POINT('Ctrl Pts',(40.9091334982623,381.374702538152,-35.0266435684342));
#15550=CARTESIAN_POINT('Ctrl Pts',(41.2398781670456,-91.3747025381524,-35.3187184361909));
#15551=CARTESIAN_POINT('Ctrl Pts',(41.2398781670456,381.374702538152,-35.3187184361909));
#15552=CARTESIAN_POINT('',(40.1083144085658,145.,-34.528651250085));
#15553=CARTESIAN_POINT('',(41.2398781670456,145.,-35.3187184361909));
#15554=CARTESIAN_POINT('Ctrl Pts',(40.1083144085658,145.,-34.528651250085));
#15555=CARTESIAN_POINT('Ctrl Pts',(40.3408663575515,145.,-34.6123876133006));
#15556=CARTESIAN_POINT('Ctrl Pts',(40.9091334982623,145.,-35.0266435684342));
#15557=CARTESIAN_POINT('Ctrl Pts',(41.2398781670456,145.,-35.3187184361909));
#15558=CARTESIAN_POINT('',(40.1083144085658,-91.3747025381524,-34.528651250085));
#15559=CARTESIAN_POINT('',(41.2398781670456,-91.3747025381524,-35.3187184361909));
#15560=CARTESIAN_POINT('Ctrl Pts',(41.2398781670456,-91.3747025381524,-35.3187184361909));
#15561=CARTESIAN_POINT('Ctrl Pts',(41.2398781670456,381.374702538152,-35.3187184361909));
#15562=CARTESIAN_POINT('Ctrl Pts',(41.5952236789615,-91.3747025381524,-35.6325178808881));
#15563=CARTESIAN_POINT('Ctrl Pts',(41.5952236789615,381.374702538152,-35.6325178808881));
#15564=CARTESIAN_POINT('Ctrl Pts',(42.0322185094094,-91.3747025381524,-36.0962612006416));
#15565=CARTESIAN_POINT('Ctrl Pts',(42.0322185094094,381.374702538152,-36.0962612006416));
#15566=CARTESIAN_POINT('Ctrl Pts',(42.1553316574721,-91.3747025381524,-36.3314715510203));
#15567=CARTESIAN_POINT('Ctrl Pts',(42.1553316574721,381.374702538152,-36.3314715510203));
#15568=CARTESIAN_POINT('',(42.1553316574721,145.,-36.3314715510203));
#15569=CARTESIAN_POINT('Ctrl Pts',(41.2398781670456,145.,-35.3187184361909));
#15570=CARTESIAN_POINT('Ctrl Pts',(41.5952236789615,145.,-35.6325178808881));
#15571=CARTESIAN_POINT('Ctrl Pts',(42.0322185094094,145.,-36.0962612006416));
#15572=CARTESIAN_POINT('Ctrl Pts',(42.1553316574721,145.,-36.3314715510203));
#15573=CARTESIAN_POINT('',(42.1553316574721,-91.3747025381524,-36.3314715510203));
#15574=CARTESIAN_POINT('Ctrl Pts',(42.1553316574721,-91.3747025381524,-36.3314715510203));
#15575=CARTESIAN_POINT('Ctrl Pts',(42.1553316574721,381.374702538152,-36.3314715510203));
#15576=CARTESIAN_POINT('Ctrl Pts',(42.2723387812405,-91.3747025381524,-36.5515596798403));
#15577=CARTESIAN_POINT('Ctrl Pts',(42.2723387812405,381.374702538152,-36.5515596798403));
#15578=CARTESIAN_POINT('Ctrl Pts',(42.2461133177339,-91.3747025381524,-36.9613897740297));
#15579=CARTESIAN_POINT('Ctrl Pts',(42.2461133177339,381.374702538152,-36.9613897740297));
#15580=CARTESIAN_POINT('Ctrl Pts',(42.0723167022093,-91.3747025381524,-37.1581965190908));
#15581=CARTESIAN_POINT('Ctrl Pts',(42.0723167022093,381.374702538152,-37.1581965190908));
#15582=CARTESIAN_POINT('',(42.0723167022093,145.,-37.1581965190908));
#15583=CARTESIAN_POINT('Ctrl Pts',(42.1553316574721,145.,-36.3314715510203));
#15584=CARTESIAN_POINT('Ctrl Pts',(42.2723387812405,145.,-36.5515596798403));
#15585=CARTESIAN_POINT('Ctrl Pts',(42.2461133177339,145.,-36.9613897740297));
#15586=CARTESIAN_POINT('Ctrl Pts',(42.0723167022093,145.,-37.1581965190908));
#15587=CARTESIAN_POINT('',(42.0723167022093,-91.3747025381524,-37.1581965190908));
#15588=CARTESIAN_POINT('Ctrl Pts',(42.0723167022093,-91.3747025381524,-37.1581965190908));
#15589=CARTESIAN_POINT('Ctrl Pts',(42.0723167022093,381.374702538152,-37.1581965190908));
#15590=CARTESIAN_POINT('Ctrl Pts',(41.9081754542139,-91.3747025381524,-37.344069556093));
#15591=CARTESIAN_POINT('Ctrl Pts',(41.9081754542139,381.374702538152,-37.344069556093));
#15592=CARTESIAN_POINT('Ctrl Pts',(41.5156707707324,-91.3747025381524,-37.4304448380561));
#15593=CARTESIAN_POINT('Ctrl Pts',(41.5156707707324,381.374702538152,-37.4304448380561));
#15594=CARTESIAN_POINT('Ctrl Pts',(41.2776519677173,-91.3747025381524,-37.341880791076));
#15595=CARTESIAN_POINT('Ctrl Pts',(41.2776519677173,381.374702538152,-37.341880791076));
#15596=CARTESIAN_POINT('',(41.2776519677173,145.,-37.341880791076));
#15597=CARTESIAN_POINT('Ctrl Pts',(42.0723167022093,145.,-37.1581965190908));
#15598=CARTESIAN_POINT('Ctrl Pts',(41.9081754542139,145.,-37.344069556093));
#15599=CARTESIAN_POINT('Ctrl Pts',(41.5156707707324,145.,-37.4304448380561));
#15600=CARTESIAN_POINT('Ctrl Pts',(41.2776519677173,145.,-37.341880791076));
#15601=CARTESIAN_POINT('',(41.2776519677173,-91.3747025381524,-37.341880791076));
#15602=CARTESIAN_POINT('Ctrl Pts',(42.4467962032284,-91.3747025381524,-37.488892856964));
#15603=CARTESIAN_POINT('Ctrl Pts',(42.4467962032284,381.374702538152,-37.488892856964));
#15604=CARTESIAN_POINT('Ctrl Pts',(41.9616139848889,-91.3747025381524,-38.0383116869264));
#15605=CARTESIAN_POINT('Ctrl Pts',(41.9616139848889,381.374702538152,-38.0383116869264));
#15606=CARTESIAN_POINT('Ctrl Pts',(40.6456467000242,-91.3747025381524,-37.8151582753798));
#15607=CARTESIAN_POINT('Ctrl Pts',(40.6456467000242,381.374702538152,-37.8151582753798));
#15608=CARTESIAN_POINT('Ctrl Pts',(39.7381489311312,-91.3747025381524,-37.0137627704608));
#15609=CARTESIAN_POINT('Ctrl Pts',(39.7381489311312,381.374702538152,-37.0137627704608));
#15610=CARTESIAN_POINT('',(39.7381489311312,145.,-37.0137627704608));
#15611=CARTESIAN_POINT('',(42.4467962032284,145.,-37.488892856964));
#15612=CARTESIAN_POINT('Ctrl Pts',(39.7381489311312,145.,-37.0137627704608));
#15613=CARTESIAN_POINT('Ctrl Pts',(40.6456467000242,145.,-37.8151582753798));
#15614=CARTESIAN_POINT('Ctrl Pts',(41.9616139848889,145.,-38.0383116869264));
#15615=CARTESIAN_POINT('Ctrl Pts',(42.4467962032284,145.,-37.488892856964));
#15616=CARTESIAN_POINT('',(39.7381489311312,-91.3747025381524,-37.0137627704608));
#15617=CARTESIAN_POINT('',(42.4467962032284,-91.3747025381524,-37.488892856964));
#15618=CARTESIAN_POINT('Ctrl Pts',(41.6454036032697,-91.3747025381524,-34.8595026977149));
#15619=CARTESIAN_POINT('Ctrl Pts',(41.6454036032697,381.374702538152,-34.8595026977149));
#15620=CARTESIAN_POINT('Ctrl Pts',(42.5337673830595,-91.3747025381524,-35.6440013094579));
#15621=CARTESIAN_POINT('Ctrl Pts',(42.5337673830595,381.374702538152,-35.6440013094579));
#15622=CARTESIAN_POINT('Ctrl Pts',(42.9392199472148,-91.3747025381524,-36.9312737459575));
#15623=CARTESIAN_POINT('Ctrl Pts',(42.9392199472148,381.374702538152,-36.9312737459575));
#15624=CARTESIAN_POINT('Ctrl Pts',(42.4467962032284,-91.3747025381524,-37.488892856964));
#15625=CARTESIAN_POINT('Ctrl Pts',(42.4467962032284,381.374702538152,-37.488892856964));
#15626=CARTESIAN_POINT('',(41.6454036032697,145.,-34.8595026977149));
#15627=CARTESIAN_POINT('Ctrl Pts',(42.4467962032284,145.,-37.488892856964));
#15628=CARTESIAN_POINT('Ctrl Pts',(42.9392199472148,145.,-36.9312737459575));
#15629=CARTESIAN_POINT('Ctrl Pts',(42.5337673830595,145.,-35.6440013094579));
#15630=CARTESIAN_POINT('Ctrl Pts',(41.6454036032697,145.,-34.8595026977149));
#15631=CARTESIAN_POINT('',(41.6454036032697,-91.3747025381524,-34.8595026977149));
#15632=CARTESIAN_POINT('Ctrl Pts',(39.3088219903093,-91.3747025381524,-34.7178023760996));
#15633=CARTESIAN_POINT('Ctrl Pts',(39.3088219903093,381.374702538152,-34.7178023760996));
#15634=CARTESIAN_POINT('Ctrl Pts',(39.475377080187,-91.3747025381524,-34.5291959120827));
#15635=CARTESIAN_POINT('Ctrl Pts',(39.475377080187,381.374702538152,-34.5291959120827));
#15636=CARTESIAN_POINT('Ctrl Pts',(39.8678817636684,-91.3747025381524,-34.4428206301196));
#15637=CARTESIAN_POINT('Ctrl Pts',(39.8678817636684,381.374702538152,-34.4428206301196));
#15638=CARTESIAN_POINT('Ctrl Pts',(40.1083144085658,-91.3747025381524,-34.528651250085));
#15639=CARTESIAN_POINT('Ctrl Pts',(40.1083144085658,381.374702538152,-34.528651250085));
#15640=CARTESIAN_POINT('',(39.3088219903093,145.,-34.7178023760996));
#15641=CARTESIAN_POINT('Ctrl Pts',(39.3088219903093,145.,-34.7178023760996));
#15642=CARTESIAN_POINT('Ctrl Pts',(39.475377080187,145.,-34.5291959120827));
#15643=CARTESIAN_POINT('Ctrl Pts',(39.8678817636684,145.,-34.4428206301196));
#15644=CARTESIAN_POINT('Ctrl Pts',(40.1083144085658,145.,-34.528651250085));
#15645=CARTESIAN_POINT('',(39.3088219903093,-91.3747025381524,-34.7178023760996));
#15646=CARTESIAN_POINT('Ctrl Pts',(39.221795267502,-91.3747025381524,-35.5215244266998));
#15647=CARTESIAN_POINT('Ctrl Pts',(39.221795267502,381.374702538152,-35.5215244266998));
#15648=CARTESIAN_POINT('Ctrl Pts',(39.1099354126306,-91.3747025381524,-35.3011167127473));
#15649=CARTESIAN_POINT('Ctrl Pts',(39.1099354126306,381.374702538152,-35.3011167127473));
#15650=CARTESIAN_POINT('Ctrl Pts',(39.1422669004315,-91.3747025381524,-34.9064088401165));
#15651=CARTESIAN_POINT('Ctrl Pts',(39.1422669004315,381.374702538152,-34.9064088401165));
#15652=CARTESIAN_POINT('Ctrl Pts',(39.3088219903093,-91.3747025381524,-34.7178023760996));
#15653=CARTESIAN_POINT('Ctrl Pts',(39.3088219903093,381.374702538152,-34.7178023760996));
#15654=CARTESIAN_POINT('',(39.221795267502,145.,-35.5215244266998));
#15655=CARTESIAN_POINT('Ctrl Pts',(39.221795267502,145.,-35.5215244266998));
#15656=CARTESIAN_POINT('Ctrl Pts',(39.1099354126306,145.,-35.3011167127473));
#15657=CARTESIAN_POINT('Ctrl Pts',(39.1422669004315,145.,-34.9064088401165));
#15658=CARTESIAN_POINT('Ctrl Pts',(39.3088219903093,145.,-34.7178023760996));
#15659=CARTESIAN_POINT('',(39.221795267502,-91.3747025381524,-35.5215244266998));
#15660=CARTESIAN_POINT('Ctrl Pts',(40.1436743673553,-91.3747025381524,-36.5545470319849));
#15661=CARTESIAN_POINT('Ctrl Pts',(40.1436743673553,381.374702538152,-36.5545470319849));
#15662=CARTESIAN_POINT('Ctrl Pts',(39.7965291364835,-91.3747025381524,-36.2479891129345));
#15663=CARTESIAN_POINT('Ctrl Pts',(39.7965291364835,381.374702538152,-36.2479891129345));
#15664=CARTESIAN_POINT('Ctrl Pts',(39.3336551223733,-91.3747025381524,-35.7419321406523));
#15665=CARTESIAN_POINT('Ctrl Pts',(39.3336551223733,381.374702538152,-35.7419321406523));
#15666=CARTESIAN_POINT('Ctrl Pts',(39.221795267502,-91.3747025381524,-35.5215244266998));
#15667=CARTESIAN_POINT('Ctrl Pts',(39.221795267502,381.374702538152,-35.5215244266998));
#15668=CARTESIAN_POINT('',(40.1436743673553,145.,-36.5545470319849));
#15669=CARTESIAN_POINT('Ctrl Pts',(40.1436743673553,145.,-36.5545470319849));
#15670=CARTESIAN_POINT('Ctrl Pts',(39.7965291364835,145.,-36.2479891129345));
#15671=CARTESIAN_POINT('Ctrl Pts',(39.3336551223733,145.,-35.7419321406523));
#15672=CARTESIAN_POINT('Ctrl Pts',(39.221795267502,145.,-35.5215244266998));
#15673=CARTESIAN_POINT('',(40.1436743673553,-91.3747025381524,-36.5545470319849));
#15674=CARTESIAN_POINT('Ctrl Pts',(41.2776519677173,-91.3747025381524,-37.341880791076));
#15675=CARTESIAN_POINT('Ctrl Pts',(41.2776519677173,381.374702538152,-37.341880791076));
#15676=CARTESIAN_POINT('Ctrl Pts',(41.0529807146434,-91.3747025381524,-37.2602386846102));
#15677=CARTESIAN_POINT('Ctrl Pts',(41.0529807146434,381.374702538152,-37.2602386846102));
#15678=CARTESIAN_POINT('Ctrl Pts',(40.490819598227,-91.3747025381524,-36.8611049510352));
#15679=CARTESIAN_POINT('Ctrl Pts',(40.490819598227,381.374702538152,-36.8611049510352));
#15680=CARTESIAN_POINT('Ctrl Pts',(40.1436743673553,-91.3747025381524,-36.5545470319849));
#15681=CARTESIAN_POINT('Ctrl Pts',(40.1436743673553,381.374702538152,-36.5545470319849));
#15682=CARTESIAN_POINT('Ctrl Pts',(41.2776519677173,145.,-37.341880791076));
#15683=CARTESIAN_POINT('Ctrl Pts',(41.0529807146434,145.,-37.2602386846102));
#15684=CARTESIAN_POINT('Ctrl Pts',(40.490819598227,145.,-36.8611049510352));
#15685=CARTESIAN_POINT('Ctrl Pts',(40.1436743673553,145.,-36.5545470319849));
#15686=CARTESIAN_POINT('Ctrl Pts',(38.9343424892902,-91.3747025381524,-34.3871060382264));
#15687=CARTESIAN_POINT('Ctrl Pts',(38.9343424892902,381.374702538152,-34.3871060382264));
#15688=CARTESIAN_POINT('Ctrl Pts',(39.421938549512,-91.3747025381524,-33.8349537812494));
#15689=CARTESIAN_POINT('Ctrl Pts',(39.421938549512,381.374702538152,-33.8349537812494));
#15690=CARTESIAN_POINT('Ctrl Pts',(40.7324389803472,-91.3747025381524,-34.0532795090313));
#15691=CARTESIAN_POINT('Ctrl Pts',(40.7324389803472,381.374702538152,-34.0532795090313));
#15692=CARTESIAN_POINT('Ctrl Pts',(41.6454036032697,-91.3747025381524,-34.8595026977149));
#15693=CARTESIAN_POINT('Ctrl Pts',(41.6454036032697,381.374702538152,-34.8595026977149));
#15694=CARTESIAN_POINT('',(38.9343424892902,145.,-34.3871060382264));
#15695=CARTESIAN_POINT('Ctrl Pts',(41.6454036032697,145.,-34.8595026977149));
#15696=CARTESIAN_POINT('Ctrl Pts',(40.7324389803472,145.,-34.0532795090313));
#15697=CARTESIAN_POINT('Ctrl Pts',(39.421938549512,145.,-33.8349537812494));
#15698=CARTESIAN_POINT('Ctrl Pts',(38.9343424892902,145.,-34.3871060382264));
#15699=CARTESIAN_POINT('',(38.9343424892902,-91.3747025381524,-34.3871060382264));
#15700=CARTESIAN_POINT('Ctrl Pts',(39.7381489311312,-91.3747025381524,-37.0137627704608));
#15701=CARTESIAN_POINT('Ctrl Pts',(39.7381489311312,381.374702538152,-37.0137627704608));
#15702=CARTESIAN_POINT('Ctrl Pts',(38.8579854323856,-91.3747025381524,-36.2365056843647));
#15703=CARTESIAN_POINT('Ctrl Pts',(38.8579854323856,381.374702538152,-36.2365056843647));
#15704=CARTESIAN_POINT('Ctrl Pts',(38.4443325871861,-91.3747025381524,-34.9419917222182));
#15705=CARTESIAN_POINT('Ctrl Pts',(38.4443325871861,381.374702538152,-34.9419917222182));
#15706=CARTESIAN_POINT('Ctrl Pts',(38.9343424892902,-91.3747025381524,-34.3871060382264));
#15707=CARTESIAN_POINT('Ctrl Pts',(38.9343424892902,381.374702538152,-34.3871060382264));
#15708=CARTESIAN_POINT('Ctrl Pts',(38.9343424892902,145.,-34.3871060382264));
#15709=CARTESIAN_POINT('Ctrl Pts',(38.4443325871861,145.,-34.9419917222182));
#15710=CARTESIAN_POINT('Ctrl Pts',(38.8579854323856,145.,-36.2365056843647));
#15711=CARTESIAN_POINT('Ctrl Pts',(39.7381489311312,145.,-37.0137627704608));
#15712=CARTESIAN_POINT('Origin',(34.1782169449001,-91.3747025381524,-39.9907557718574));
#15713=CARTESIAN_POINT('',(34.1782169449001,145.,-39.9907557718574));
#15714=CARTESIAN_POINT('',(34.1972730526412,145.,-39.9737710935924));
#15715=CARTESIAN_POINT('',(24.5282342559941,145.,-48.5917698645816));
#15716=CARTESIAN_POINT('',(34.1782169449001,144.,-39.9907557718574));
#15717=CARTESIAN_POINT('',(34.1782169449001,-91.3747025381524,-39.9907557718574));
#15718=CARTESIAN_POINT('',(34.1972730526412,144.,-39.9737710935924));
#15719=CARTESIAN_POINT('',(24.5282342559941,144.,-48.5917698645816));
#15720=CARTESIAN_POINT('',(34.1972730526412,-91.3747025381524,-39.9737710935924));
#15721=CARTESIAN_POINT('Origin',(33.7924221100255,-91.3747025381524,-39.557909896025));
#15722=CARTESIAN_POINT('',(33.7924221100255,145.,-39.557909896025));
#15723=CARTESIAN_POINT('',(26.546193743923,145.,-31.4279408552888));
#15724=CARTESIAN_POINT('',(33.7924221100255,144.,-39.557909896025));
#15725=CARTESIAN_POINT('',(33.7924221100255,-91.3747025381524,-39.557909896025));
#15726=CARTESIAN_POINT('',(26.546193743923,144.,-31.4279408552888));
#15727=CARTESIAN_POINT('Ctrl Pts',(33.7924221100255,-91.3747025381524,-39.557909896025));
#15728=CARTESIAN_POINT('Ctrl Pts',(33.7924221100255,381.374702538152,-39.557909896025));
#15729=CARTESIAN_POINT('Ctrl Pts',(33.8440867964003,-91.3747025381524,-39.4678968556218));
#15730=CARTESIAN_POINT('Ctrl Pts',(33.8440867964003,381.374702538152,-39.4678968556218));
#15731=CARTESIAN_POINT('Ctrl Pts',(34.0206814151483,-91.3747025381524,-39.2714188989071));
#15732=CARTESIAN_POINT('Ctrl Pts',(34.0206814151483,381.374702538152,-39.2714188989071));
#15733=CARTESIAN_POINT('Ctrl Pts',(34.1322957604887,-91.3747025381524,-39.1719372119269));
#15734=CARTESIAN_POINT('Ctrl Pts',(34.1322957604887,381.374702538152,-39.1719372119269));
#15735=CARTESIAN_POINT('',(34.1322957604887,145.,-39.1719372119269));
#15736=CARTESIAN_POINT('Ctrl Pts',(34.1322957604887,145.,-39.1719372119269));
#15737=CARTESIAN_POINT('Ctrl Pts',(34.0206814151483,145.,-39.2714188989071));
#15738=CARTESIAN_POINT('Ctrl Pts',(33.8440867964003,145.,-39.4678968556218));
#15739=CARTESIAN_POINT('Ctrl Pts',(33.7924221100255,145.,-39.557909896025));
#15740=CARTESIAN_POINT('',(34.1322957604887,144.,-39.1719372119269));
#15741=CARTESIAN_POINT('',(34.1322957604887,-91.3747025381524,-39.1719372119269));
#15742=CARTESIAN_POINT('Ctrl Pts',(34.1322957604887,144.,-39.1719372119269));
#15743=CARTESIAN_POINT('Ctrl Pts',(34.0578861969285,144.,-39.2382583365804));
#15744=CARTESIAN_POINT('Ctrl Pts',(33.9912489786903,144.,-39.3041652250263));
#15745=CARTESIAN_POINT('Ctrl Pts',(33.9323841057743,144.,-39.3696578772645));
#15746=CARTESIAN_POINT('Ctrl Pts',(33.8735192328583,144.,-39.4351505295027));
#15747=CARTESIAN_POINT('Ctrl Pts',(33.8268652342754,144.,-39.4979012024229));
#15748=CARTESIAN_POINT('Ctrl Pts',(33.7924221100255,144.,-39.557909896025));
#15749=CARTESIAN_POINT('Ctrl Pts',(34.1322957604887,-91.3747025381524,-39.1719372119269));
#15750=CARTESIAN_POINT('Ctrl Pts',(34.1322957604887,381.374702538152,-39.1719372119269));
#15751=CARTESIAN_POINT('Ctrl Pts',(34.5106956142038,-91.3747025381524,-38.8346700292377));
#15752=CARTESIAN_POINT('Ctrl Pts',(34.5106956142038,381.374702538152,-38.8346700292377));
#15753=CARTESIAN_POINT('Ctrl Pts',(35.3425936226208,-91.3747025381524,-38.6061185321872));
#15754=CARTESIAN_POINT('Ctrl Pts',(35.3425936226208,381.374702538152,-38.6061185321872));
#15755=CARTESIAN_POINT('Ctrl Pts',(35.7530677619855,-91.3747025381524,-38.6994472013171));
#15756=CARTESIAN_POINT('Ctrl Pts',(35.7530677619855,381.374702538152,-38.6994472013171));
#15757=CARTESIAN_POINT('',(35.7530677619855,145.,-38.6994472013171));
#15758=CARTESIAN_POINT('Ctrl Pts',(35.7530677619855,145.,-38.6994472013171));
#15759=CARTESIAN_POINT('Ctrl Pts',(35.3425936226208,145.,-38.6061185321872));
#15760=CARTESIAN_POINT('Ctrl Pts',(34.5106956142038,145.,-38.8346700292377));
#15761=CARTESIAN_POINT('Ctrl Pts',(34.1322957604887,145.,-39.1719372119269));
#15762=CARTESIAN_POINT('',(35.7530677619855,144.,-38.6994472013171));
#15763=CARTESIAN_POINT('',(35.7530677619855,-91.3747025381524,-38.6994472013171));
#15764=CARTESIAN_POINT('Ctrl Pts',(35.7530677619855,144.,-38.6994472013171));
#15765=CARTESIAN_POINT('Ctrl Pts',(35.4794183357423,144.,-38.6372280885638));
#15766=CARTESIAN_POINT('Ctrl Pts',(35.2039439545513,144.,-38.6442104483623));
#15767=CARTESIAN_POINT('Ctrl Pts',(34.9266446184123,144.,-38.7203942807125));
#15768=CARTESIAN_POINT('Ctrl Pts',(34.6493452822733,144.,-38.7965781130627));
#15769=CARTESIAN_POINT('Ctrl Pts',(34.3845623296321,144.,-38.9470924234675));
#15770=CARTESIAN_POINT('Ctrl Pts',(34.1322957604887,144.,-39.1719372119269));
#15771=CARTESIAN_POINT('Ctrl Pts',(35.7530677619855,-91.3747025381524,-38.6994472013171));
#15772=CARTESIAN_POINT('Ctrl Pts',(35.7530677619855,381.374702538152,-38.6994472013171));
#15773=CARTESIAN_POINT('Ctrl Pts',(36.1738392687804,-91.3747025381524,-38.79336770744));
#15774=CARTESIAN_POINT('Ctrl Pts',(36.1738392687804,381.374702538152,-38.79336770744));
#15775=CARTESIAN_POINT('Ctrl Pts',(36.9819442375696,-91.3747025381524,-39.3383024416467));
#15776=CARTESIAN_POINT('Ctrl Pts',(36.9819442375696,381.374702538152,-39.3383024416467));
#15777=CARTESIAN_POINT('Ctrl Pts',(37.3725918376628,-91.3747025381524,-39.7765929196907));
#15778=CARTESIAN_POINT('Ctrl Pts',(37.3725918376628,381.374702538152,-39.7765929196907));
#15779=CARTESIAN_POINT('',(37.3725918376628,145.,-39.7765929196907));
#15780=CARTESIAN_POINT('Ctrl Pts',(37.3725918376628,145.,-39.7765929196907));
#15781=CARTESIAN_POINT('Ctrl Pts',(36.9819442375696,145.,-39.3383024416467));
#15782=CARTESIAN_POINT('Ctrl Pts',(36.1738392687804,145.,-38.79336770744));
#15783=CARTESIAN_POINT('Ctrl Pts',(35.7530677619855,145.,-38.6994472013171));
#15784=CARTESIAN_POINT('',(37.3725918376628,144.,-39.7765929196907));
#15785=CARTESIAN_POINT('',(37.3725918376628,-91.3747025381524,-39.7765929196907));
#15786=CARTESIAN_POINT('Ctrl Pts',(37.3725918376628,144.,-39.7765929196907));
#15787=CARTESIAN_POINT('Ctrl Pts',(37.1121601042673,144.,-39.4843992676614));
#15788=CARTESIAN_POINT('Ctrl Pts',(36.8472600761047,144.,-39.2474799859456));
#15789=CARTESIAN_POINT('Ctrl Pts',(36.577891753175,144.,-39.0658350745434));
#15790=CARTESIAN_POINT('Ctrl Pts',(36.3085234302453,144.,-38.8841901631411));
#15791=CARTESIAN_POINT('Ctrl Pts',(36.0335820998488,144.,-38.7620608720657));
#15792=CARTESIAN_POINT('Ctrl Pts',(35.7530677619855,144.,-38.6994472013171));
#15793=CARTESIAN_POINT('Ctrl Pts',(37.3725918376628,-91.3747025381524,-39.7765929196907));
#15794=CARTESIAN_POINT('Ctrl Pts',(37.3725918376628,381.374702538152,-39.7765929196907));
#15795=CARTESIAN_POINT('Ctrl Pts',(37.7705185855838,-91.3747025381524,-40.2230503010524));
#15796=CARTESIAN_POINT('Ctrl Pts',(37.7705185855838,381.374702538152,-40.2230503010524));
#15797=CARTESIAN_POINT('Ctrl Pts',(38.1204489930483,-91.3747025381524,-41.0102675977396));
#15798=CARTESIAN_POINT('Ctrl Pts',(38.1204489930483,381.374702538152,-41.0102675977396));
#15799=CARTESIAN_POINT('Ctrl Pts',(38.1087893570945,-91.3747025381524,-41.347950258826));
#15800=CARTESIAN_POINT('Ctrl Pts',(38.1087893570945,381.374702538152,-41.347950258826));
#15801=CARTESIAN_POINT('',(38.1087893570944,145.,-41.347950258826));
#15802=CARTESIAN_POINT('Ctrl Pts',(38.1087893570945,145.,-41.347950258826));
#15803=CARTESIAN_POINT('Ctrl Pts',(38.1204489930483,145.,-41.0102675977396));
#15804=CARTESIAN_POINT('Ctrl Pts',(37.7705185855838,145.,-40.2230503010524));
#15805=CARTESIAN_POINT('Ctrl Pts',(37.3725918376628,145.,-39.7765929196907));
#15806=CARTESIAN_POINT('',(38.1087893570944,144.,-41.347950258826));
#15807=CARTESIAN_POINT('',(38.1087893570944,-91.3747025381524,-41.347950258826));
#15808=CARTESIAN_POINT('Ctrl Pts',(38.1087893570945,144.,-41.347950258826));
#15809=CARTESIAN_POINT('Ctrl Pts',(38.1165624477304,144.,-41.1228284847684));
#15810=CARTESIAN_POINT('Ctrl Pts',(38.0621272584709,144.,-40.8790647149584));
#15811=CARTESIAN_POINT('Ctrl Pts',(37.9454837893161,144.,-40.616658949396));
#15812=CARTESIAN_POINT('Ctrl Pts',(37.8288403201612,144.,-40.3542531838336));
#15813=CARTESIAN_POINT('Ctrl Pts',(37.6378763362768,144.,-40.0742311739319));
#15814=CARTESIAN_POINT('Ctrl Pts',(37.3725918376628,144.,-39.7765929196907));
#15815=CARTESIAN_POINT('Ctrl Pts',(38.1087893570945,-91.3747025381524,-41.347950258826));
#15816=CARTESIAN_POINT('Ctrl Pts',(38.1087893570945,381.374702538152,-41.347950258826));
#15817=CARTESIAN_POINT('Ctrl Pts',(38.1031071257089,-91.3747025381524,-41.6265710164367));
#15818=CARTESIAN_POINT('Ctrl Pts',(38.1031071257089,381.374702538152,-41.6265710164367));
#15819=CARTESIAN_POINT('Ctrl Pts',(37.8660293003249,-91.3747025381524,-42.1114342958357));
#15820=CARTESIAN_POINT('Ctrl Pts',(37.8660293003249,381.374702538152,-42.1114342958357));
#15821=CARTESIAN_POINT('Ctrl Pts',(37.6400783085382,-91.3747025381524,-42.3128240524054));
#15822=CARTESIAN_POINT('Ctrl Pts',(37.6400783085382,381.374702538152,-42.3128240524054));
#15823=CARTESIAN_POINT('',(37.6400783085382,145.,-42.3128240524054));
#15824=CARTESIAN_POINT('Ctrl Pts',(37.6400783085382,145.,-42.3128240524054));
#15825=CARTESIAN_POINT('Ctrl Pts',(37.8660293003249,145.,-42.1114342958357));
#15826=CARTESIAN_POINT('Ctrl Pts',(38.1031071257089,145.,-41.6265710164367));
#15827=CARTESIAN_POINT('Ctrl Pts',(38.1087893570945,145.,-41.347950258826));
#15828=CARTESIAN_POINT('',(37.6400783085382,144.,-42.3128240524054));
#15829=CARTESIAN_POINT('',(37.6400783085382,-91.3747025381524,-42.3128240524054));
#15830=CARTESIAN_POINT('Ctrl Pts',(37.6400783085382,144.,-42.3128240524054));
#15831=CARTESIAN_POINT('Ctrl Pts',(37.7907123030627,144.,-42.1785642146922));
#15832=CARTESIAN_POINT('Ctrl Pts',(37.9055422712223,144.,-42.0306237492692));
#15833=CARTESIAN_POINT('Ctrl Pts',(37.9845682130169,144.,-41.8690026561362));
#15834=CARTESIAN_POINT('Ctrl Pts',(38.0635941548116,144.,-41.7073815630032));
#15835=CARTESIAN_POINT('Ctrl Pts',(38.1050012028374,144.,-41.5336974305664));
#15836=CARTESIAN_POINT('Ctrl Pts',(38.1087893570945,144.,-41.347950258826));
#15837=CARTESIAN_POINT('Ctrl Pts',(36.0136285475387,-91.3747025381524,-41.715689593526));
#15838=CARTESIAN_POINT('Ctrl Pts',(36.0136285475387,381.374702538152,-41.715689593526));
#15839=CARTESIAN_POINT('Ctrl Pts',(35.8292234692338,-91.3747025381524,-41.5087947094803));
#15840=CARTESIAN_POINT('Ctrl Pts',(35.8292234692338,381.374702538152,-41.5087947094803));
#15841=CARTESIAN_POINT('Ctrl Pts',(35.6881981047131,-91.3747025381524,-41.1313423912054));
#15842=CARTESIAN_POINT('Ctrl Pts',(35.6881981047131,381.374702538152,-41.1313423912054));
#15843=CARTESIAN_POINT('Ctrl Pts',(35.7206295794372,-91.3747025381524,-40.9265787165862));
#15844=CARTESIAN_POINT('Ctrl Pts',(35.7206295794372,381.374702538152,-40.9265787165862));
#15845=CARTESIAN_POINT('',(36.0136285475387,145.,-41.715689593526));
#15846=CARTESIAN_POINT('',(35.7206295794372,145.,-40.9265787165862));
#15847=CARTESIAN_POINT('Ctrl Pts',(36.0136285475387,145.,-41.715689593526));
#15848=CARTESIAN_POINT('Ctrl Pts',(35.8292234692338,145.,-41.5087947094803));
#15849=CARTESIAN_POINT('Ctrl Pts',(35.6881981047131,145.,-41.1313423912054));
#15850=CARTESIAN_POINT('Ctrl Pts',(35.7206295794372,145.,-40.9265787165862));
#15851=CARTESIAN_POINT('',(36.0136285475387,144.,-41.715689593526));
#15852=CARTESIAN_POINT('',(36.0136285475387,-91.3747025381524,-41.715689593526));
#15853=CARTESIAN_POINT('',(35.7206295794372,144.,-40.9265787165862));
#15854=CARTESIAN_POINT('Ctrl Pts',(36.0136285475387,144.,-41.715689593526));
#15855=CARTESIAN_POINT('Ctrl Pts',(35.8906918286688,144.,-41.5777596708289));
#15856=CARTESIAN_POINT('Ctrl Pts',(35.8057192418137,144.,-41.4458859897678));
#15857=CARTESIAN_POINT('Ctrl Pts',(35.7587107869735,144.,-41.3200685503428));
#15858=CARTESIAN_POINT('Ctrl Pts',(35.7117023321332,144.,-41.1942511109178));
#15859=CARTESIAN_POINT('Ctrl Pts',(35.6990085962878,144.,-41.063087832999));
#15860=CARTESIAN_POINT('Ctrl Pts',(35.7206295794372,144.,-40.9265787165862));
#15861=CARTESIAN_POINT('',(35.7206295794372,-91.3747025381524,-40.9265787165862));
#15862=CARTESIAN_POINT('Ctrl Pts',(35.7206295794372,-91.3747025381524,-40.9265787165862));
#15863=CARTESIAN_POINT('Ctrl Pts',(35.7206295794372,381.374702538152,-40.9265787165862));
#15864=CARTESIAN_POINT('Ctrl Pts',(35.7473795680896,-91.3747025381524,-40.7757282617277));
#15865=CARTESIAN_POINT('Ctrl Pts',(35.7473795680896,381.374702538152,-40.7757282617277));
#15866=CARTESIAN_POINT('Ctrl Pts',(35.9293597544128,-91.3747025381524,-40.5304857689675));
#15867=CARTESIAN_POINT('Ctrl Pts',(35.9293597544128,381.374702538152,-40.5304857689675));
#15868=CARTESIAN_POINT('Ctrl Pts',(36.0464187019649,-91.3747025381524,-40.4261513167687));
#15869=CARTESIAN_POINT('Ctrl Pts',(36.0464187019649,381.374702538152,-40.4261513167687));
#15870=CARTESIAN_POINT('',(36.0464187019649,145.,-40.4261513167687));
#15871=CARTESIAN_POINT('Ctrl Pts',(35.7206295794372,145.,-40.9265787165862));
#15872=CARTESIAN_POINT('Ctrl Pts',(35.7473795680896,145.,-40.7757282617277));
#15873=CARTESIAN_POINT('Ctrl Pts',(35.9293597544128,145.,-40.5304857689675));
#15874=CARTESIAN_POINT('Ctrl Pts',(36.0464187019649,145.,-40.4261513167687));
#15875=CARTESIAN_POINT('',(36.0464187019649,144.,-40.4261513167687));
#15876=CARTESIAN_POINT('Ctrl Pts',(35.7206295794372,144.,-40.9265787165862));
#15877=CARTESIAN_POINT('Ctrl Pts',(35.7294178594723,144.,-40.8770192174051));
#15878=CARTESIAN_POINT('Ctrl Pts',(35.7435357426834,144.,-40.8290157010801));
#15879=CARTESIAN_POINT('Ctrl Pts',(35.7833109048215,144.,-40.7366310085492));
#15880=CARTESIAN_POINT('Ctrl Pts',(35.8084253376665,144.,-40.6934609720519));
#15881=CARTESIAN_POINT('Ctrl Pts',(35.8995261288458,144.,-40.5706905453771));
#15882=CARTESIAN_POINT('Ctrl Pts',(35.9698050144066,144.,-40.4944369736063));
#15883=CARTESIAN_POINT('Ctrl Pts',(36.0464187019649,144.,-40.4261513167687));
#15884=CARTESIAN_POINT('',(36.0464187019649,-91.3747025381524,-40.4261513167687));
#15885=CARTESIAN_POINT('Ctrl Pts',(36.0464187019649,-91.3747025381524,-40.4261513167687));
#15886=CARTESIAN_POINT('Ctrl Pts',(36.0464187019649,381.374702538152,-40.4261513167687));
#15887=CARTESIAN_POINT('Ctrl Pts',(36.204312166105,-91.3747025381524,-40.2854211254307));
#15888=CARTESIAN_POINT('Ctrl Pts',(36.204312166105,381.374702538152,-40.2854211254307));
#15889=CARTESIAN_POINT('Ctrl Pts',(36.5859663779688,-91.3747025381524,-40.116225959725));
#15890=CARTESIAN_POINT('Ctrl Pts',(36.5859663779688,381.374702538152,-40.116225959725));
#15891=CARTESIAN_POINT('Ctrl Pts',(36.8103189626856,-91.3747025381524,-40.077463617927));
#15892=CARTESIAN_POINT('Ctrl Pts',(36.8103189626856,381.374702538152,-40.077463617927));
#15893=CARTESIAN_POINT('',(36.8103189626856,145.,-40.077463617927));
#15894=CARTESIAN_POINT('Ctrl Pts',(36.0464187019649,145.,-40.4261513167687));
#15895=CARTESIAN_POINT('Ctrl Pts',(36.204312166105,145.,-40.2854211254307));
#15896=CARTESIAN_POINT('Ctrl Pts',(36.5859663779688,145.,-40.116225959725));
#15897=CARTESIAN_POINT('Ctrl Pts',(36.8103189626856,145.,-40.077463617927));
#15898=CARTESIAN_POINT('',(36.8103189626856,144.,-40.077463617927));
#15899=CARTESIAN_POINT('Ctrl Pts',(36.0464187019649,144.,-40.4261513167687));
#15900=CARTESIAN_POINT('Ctrl Pts',(36.1516810113917,144.,-40.33233118921));
#15901=CARTESIAN_POINT('Ctrl Pts',(36.2679212014156,144.,-40.2572219311465));
#15902=CARTESIAN_POINT('Ctrl Pts',(36.3951392720369,144.,-40.2008235425779));
#15903=CARTESIAN_POINT('Ctrl Pts',(36.5223573426582,144.,-40.1444251540093));
#15904=CARTESIAN_POINT('Ctrl Pts',(36.6607505728744,144.,-40.1033051791257));
#15905=CARTESIAN_POINT('Ctrl Pts',(36.8103189626856,144.,-40.077463617927));
#15906=CARTESIAN_POINT('',(36.8103189626856,-91.3747025381524,-40.077463617927));
#15907=CARTESIAN_POINT('Ctrl Pts',(37.6400783085382,-91.3747025381524,-42.3128240524054));
#15908=CARTESIAN_POINT('Ctrl Pts',(37.6400783085382,381.374702538152,-42.3128240524054));
#15909=CARTESIAN_POINT('Ctrl Pts',(37.4141273167515,-91.3747025381524,-42.5142138089752));
#15910=CARTESIAN_POINT('Ctrl Pts',(37.4141273167515,381.374702538152,-42.5142138089752));
#15911=CARTESIAN_POINT('Ctrl Pts',(36.8952931901951,-91.3747025381524,-42.6884388438091));
#15912=CARTESIAN_POINT('Ctrl Pts',(36.8952931901951,381.374702538152,-42.6884388438091));
#15913=CARTESIAN_POINT('Ctrl Pts',(36.6072628206439,-91.3747025381524,-42.666718724285));
#15914=CARTESIAN_POINT('Ctrl Pts',(36.6072628206439,381.374702538152,-42.666718724285));
#15915=CARTESIAN_POINT('',(36.6072628206439,145.,-42.666718724285));
#15916=CARTESIAN_POINT('Ctrl Pts',(36.6072628206439,145.,-42.666718724285));
#15917=CARTESIAN_POINT('Ctrl Pts',(36.8952931901951,145.,-42.6884388438091));
#15918=CARTESIAN_POINT('Ctrl Pts',(37.4141273167515,145.,-42.5142138089752));
#15919=CARTESIAN_POINT('Ctrl Pts',(37.6400783085382,145.,-42.3128240524054));
#15920=CARTESIAN_POINT('',(36.6072628206439,144.,-42.666718724285));
#15921=CARTESIAN_POINT('',(36.6072628206439,-91.3747025381524,-42.666718724285));
#15922=CARTESIAN_POINT('Ctrl Pts',(36.6072628206439,144.,-42.666718724285));
#15923=CARTESIAN_POINT('Ctrl Pts',(36.7992830670114,144.,-42.6811988039678));
#15924=CARTESIAN_POINT('Ctrl Pts',(36.9817655446212,144.,-42.6594013380035));
#15925=CARTESIAN_POINT('Ctrl Pts',(37.1547102534733,144.,-42.6013263263922));
#15926=CARTESIAN_POINT('Ctrl Pts',(37.3276549623254,144.,-42.5432513147809));
#15927=CARTESIAN_POINT('Ctrl Pts',(37.4894443140138,144.,-42.4470838901186));
#15928=CARTESIAN_POINT('Ctrl Pts',(37.6400783085382,144.,-42.3128240524054));
#15929=CARTESIAN_POINT('Ctrl Pts',(36.6072628206439,-91.3747025381524,-42.666718724285));
#15930=CARTESIAN_POINT('Ctrl Pts',(36.6072628206439,381.374702538152,-42.666718724285));
#15931=CARTESIAN_POINT('Ctrl Pts',(36.3319562011323,-91.3747025381524,-42.6483127428599));
#15932=CARTESIAN_POINT('Ctrl Pts',(36.3319562011323,381.374702538152,-42.6483127428599));
#15933=CARTESIAN_POINT('Ctrl Pts',(35.7698036313697,-91.3747025381524,-42.3628843692001));
#15934=CARTESIAN_POINT('Ctrl Pts',(35.7698036313697,381.374702538152,-42.3628843692001));
#15935=CARTESIAN_POINT('Ctrl Pts',(35.5392972834886,-91.3747025381524,-42.104265764143));
#15936=CARTESIAN_POINT('Ctrl Pts',(35.5392972834886,381.374702538152,-42.104265764143));
#15937=CARTESIAN_POINT('',(35.5392972834886,145.,-42.104265764143));
#15938=CARTESIAN_POINT('Ctrl Pts',(35.5392972834886,145.,-42.104265764143));
#15939=CARTESIAN_POINT('Ctrl Pts',(35.7698036313697,145.,-42.3628843692001));
#15940=CARTESIAN_POINT('Ctrl Pts',(36.3319562011323,145.,-42.6483127428599));
#15941=CARTESIAN_POINT('Ctrl Pts',(36.6072628206439,145.,-42.666718724285));
#15942=CARTESIAN_POINT('',(35.5392972834886,144.,-42.104265764143));
#15943=CARTESIAN_POINT('',(35.5392972834886,-91.3747025381524,-42.104265764143));
#15944=CARTESIAN_POINT('Ctrl Pts',(35.5392972834886,144.,-42.104265764143));
#15945=CARTESIAN_POINT('Ctrl Pts',(35.692968182076,144.,-42.2766781675144));
#15946=CARTESIAN_POINT('Ctrl Pts',(35.8634957263302,144.,-42.4104557648101));
#15947=CARTESIAN_POINT('Ctrl Pts',(36.050879916251,144.,-42.50559855603));
#15948=CARTESIAN_POINT('Ctrl Pts',(36.2382641061719,144.,-42.6007413472499));
#15949=CARTESIAN_POINT('Ctrl Pts',(36.4237250743029,144.,-42.6544480700016));
#15950=CARTESIAN_POINT('Ctrl Pts',(36.6072628206439,144.,-42.666718724285));
#15951=CARTESIAN_POINT('Ctrl Pts',(35.5392972834886,-91.3747025381524,-42.104265764143));
#15952=CARTESIAN_POINT('Ctrl Pts',(35.5392972834886,381.374702538152,-42.104265764143));
#15953=CARTESIAN_POINT('Ctrl Pts',(35.2821007269055,-91.3747025381524,-41.8157018469215));
#15954=CARTESIAN_POINT('Ctrl Pts',(35.2821007269055,381.374702538152,-41.8157018469215));
#15955=CARTESIAN_POINT('Ctrl Pts',(35.0784041476272,-91.3747025381524,-41.2254370199829));
#15956=CARTESIAN_POINT('Ctrl Pts',(35.0784041476272,381.374702538152,-41.2254370199829));
#15957=CARTESIAN_POINT('Ctrl Pts',(35.1397751097529,-91.3747025381524,-40.9216056461531));
#15958=CARTESIAN_POINT('Ctrl Pts',(35.1397751097529,381.374702538152,-40.9216056461531));
#15959=CARTESIAN_POINT('',(35.1397751097529,145.,-40.9216056461531));
#15960=CARTESIAN_POINT('Ctrl Pts',(35.1397751097529,145.,-40.9216056461531));
#15961=CARTESIAN_POINT('Ctrl Pts',(35.0784041476272,145.,-41.2254370199829));
#15962=CARTESIAN_POINT('Ctrl Pts',(35.2821007269055,145.,-41.8157018469215));
#15963=CARTESIAN_POINT('Ctrl Pts',(35.5392972834886,145.,-42.104265764143));
#15964=CARTESIAN_POINT('',(35.1397751097529,144.,-40.9216056461531));
#15965=CARTESIAN_POINT('',(35.1397751097529,-91.3747025381524,-40.9216056461531));
#15966=CARTESIAN_POINT('Ctrl Pts',(35.1397751097529,144.,-40.9216056461531));
#15967=CARTESIAN_POINT('Ctrl Pts',(35.0988611350024,144.,-41.1241598953729));
#15968=CARTESIAN_POINT('Ctrl Pts',(35.1123535775069,144.,-41.3238144911393));
#15969=CARTESIAN_POINT('Ctrl Pts',(35.1802524372664,144.,-41.5205694334522));
#15970=CARTESIAN_POINT('Ctrl Pts',(35.2481512970258,144.,-41.717324375765));
#15971=CARTESIAN_POINT('Ctrl Pts',(35.3678329124332,144.,-41.9118898193287));
#15972=CARTESIAN_POINT('Ctrl Pts',(35.5392972834886,144.,-42.104265764143));
#15973=CARTESIAN_POINT('Ctrl Pts',(35.1397751097529,-91.3747025381524,-40.9216056461531));
#15974=CARTESIAN_POINT('Ctrl Pts',(35.1397751097529,381.374702538152,-40.9216056461531));
#15975=CARTESIAN_POINT('Ctrl Pts',(35.1936300401908,-91.3747025381524,-40.6586678235479));
#15976=CARTESIAN_POINT('Ctrl Pts',(35.1936300401908,381.374702538152,-40.6586678235479));
#15977=CARTESIAN_POINT('Ctrl Pts',(35.4172734639551,-91.3747025381524,-40.3176717696762));
#15978=CARTESIAN_POINT('Ctrl Pts',(35.4172734639551,381.374702538152,-40.3176717696762));
#15979=CARTESIAN_POINT('Ctrl Pts',(35.6132791435773,-91.3747025381524,-40.1429722218085));
#15980=CARTESIAN_POINT('Ctrl Pts',(35.6132791435773,381.374702538152,-40.1429722218085));
#15981=CARTESIAN_POINT('',(35.6132791435774,145.,-40.1429722218085));
#15982=CARTESIAN_POINT('Ctrl Pts',(35.6132791435773,145.,-40.1429722218085));
#15983=CARTESIAN_POINT('Ctrl Pts',(35.4172734639551,145.,-40.3176717696762));
#15984=CARTESIAN_POINT('Ctrl Pts',(35.1936300401908,145.,-40.6586678235479));
#15985=CARTESIAN_POINT('Ctrl Pts',(35.1397751097529,145.,-40.9216056461531));
#15986=CARTESIAN_POINT('',(35.6132791435774,144.,-40.1429722218085));
#15987=CARTESIAN_POINT('',(35.6132791435774,-91.3747025381524,-40.1429722218085));
#15988=CARTESIAN_POINT('Ctrl Pts',(35.6132791435773,144.,-40.1429722218085));
#15989=CARTESIAN_POINT('Ctrl Pts',(35.4826086904959,144.,-40.2594385870536));
#15990=CARTESIAN_POINT('Ctrl Pts',(35.3799995599944,144.,-40.3745044453215));
#15991=CARTESIAN_POINT('Ctrl Pts',(35.305451752073,144.,-40.4881697966121));
#15992=CARTESIAN_POINT('Ctrl Pts',(35.2309039441515,144.,-40.6018351479026));
#15993=CARTESIAN_POINT('Ctrl Pts',(35.1756783967115,144.,-40.7463137644163));
#15994=CARTESIAN_POINT('Ctrl Pts',(35.1397751097529,144.,-40.9216056461531));
#15995=CARTESIAN_POINT('Ctrl Pts',(35.6132791435773,-91.3747025381524,-40.1429722218085));
#15996=CARTESIAN_POINT('Ctrl Pts',(35.6132791435773,381.374702538152,-40.1429722218085));
#15997=CARTESIAN_POINT('Ctrl Pts',(35.8147294254113,-91.3747025381524,-39.9634199087221));
#15998=CARTESIAN_POINT('Ctrl Pts',(35.8147294254113,381.374702538152,-39.9634199087221));
#15999=CARTESIAN_POINT('Ctrl Pts',(36.2614819799557,-91.3747025381524,-39.785052014936));
#16000=CARTESIAN_POINT('Ctrl Pts',(36.2614819799557,381.374702538152,-39.785052014936));
#16001=CARTESIAN_POINT('Ctrl Pts',(36.521579432182,-91.3747025381524,-39.7535097863292));
#16002=CARTESIAN_POINT('Ctrl Pts',(36.521579432182,381.374702538152,-39.7535097863292));
#16003=CARTESIAN_POINT('',(36.521579432182,145.,-39.7535097863292));
#16004=CARTESIAN_POINT('Ctrl Pts',(36.521579432182,145.,-39.7535097863292));
#16005=CARTESIAN_POINT('Ctrl Pts',(36.2614819799557,145.,-39.785052014936));
#16006=CARTESIAN_POINT('Ctrl Pts',(35.8147294254113,145.,-39.9634199087221));
#16007=CARTESIAN_POINT('Ctrl Pts',(35.6132791435773,145.,-40.1429722218085));
#16008=CARTESIAN_POINT('',(36.521579432182,144.,-39.7535097863292));
#16009=CARTESIAN_POINT('',(36.521579432182,-91.3747025381524,-39.7535097863292));
#16010=CARTESIAN_POINT('Ctrl Pts',(36.521579432182,144.,-39.7535097863292));
#16011=CARTESIAN_POINT('Ctrl Pts',(36.3481811306978,144.,-39.7745379387337));
#16012=CARTESIAN_POINT('Ctrl Pts',(36.187023220865,144.,-39.8147799972337));
#16013=CARTESIAN_POINT('Ctrl Pts',(36.0381057026835,144.,-39.8742359618291));
#16014=CARTESIAN_POINT('Ctrl Pts',(35.889188184502,144.,-39.9336919264245));
#16015=CARTESIAN_POINT('Ctrl Pts',(35.7475793314666,144.,-40.0232706797509));
#16016=CARTESIAN_POINT('Ctrl Pts',(35.6132791435773,144.,-40.1429722218085));
#16017=CARTESIAN_POINT('Ctrl Pts',(36.521579432182,-91.3747025381524,-39.7535097863292));
#16018=CARTESIAN_POINT('Ctrl Pts',(36.521579432182,381.374702538152,-39.7535097863292));
#16019=CARTESIAN_POINT('Ctrl Pts',(35.9775959599844,-91.3747025381524,-39.2418352476999));
#16020=CARTESIAN_POINT('Ctrl Pts',(35.9775959599844,381.374702538152,-39.2418352476999));
#16021=CARTESIAN_POINT('Ctrl Pts',(34.958393468247,-91.3747025381524,-39.1341829308331));
#16022=CARTESIAN_POINT('Ctrl Pts',(34.958393468247,381.374702538152,-39.1341829308331));
#16023=CARTESIAN_POINT('Ctrl Pts',(34.539159097944,-91.3747025381524,-39.5078458526614));
#16024=CARTESIAN_POINT('Ctrl Pts',(34.539159097944,381.374702538152,-39.5078458526614));
#16025=CARTESIAN_POINT('',(34.539159097944,145.,-39.5078458526614));
#16026=CARTESIAN_POINT('Ctrl Pts',(34.539159097944,145.,-39.5078458526614));
#16027=CARTESIAN_POINT('Ctrl Pts',(34.958393468247,145.,-39.1341829308331));
#16028=CARTESIAN_POINT('Ctrl Pts',(35.9775959599844,145.,-39.2418352476999));
#16029=CARTESIAN_POINT('Ctrl Pts',(36.521579432182,145.,-39.7535097863292));
#16030=CARTESIAN_POINT('',(34.539159097944,144.,-39.5078458526614));
#16031=CARTESIAN_POINT('',(34.539159097944,-91.3747025381524,-39.5078458526614));
#16032=CARTESIAN_POINT('Ctrl Pts',(34.539159097944,144.,-39.5078458526614));
#16033=CARTESIAN_POINT('Ctrl Pts',(34.818648678146,144.,-39.2587372381092));
#16034=CARTESIAN_POINT('Ctrl Pts',(35.1282605502033,144.,-39.1521249836442));
#16035=CARTESIAN_POINT('Ctrl Pts',(35.4679947141157,144.,-39.1880090892665));
#16036=CARTESIAN_POINT('Ctrl Pts',(35.8077288780282,144.,-39.2238931948888));
#16037=CARTESIAN_POINT('Ctrl Pts',(36.1589237840503,144.,-39.412393427243));
#16038=CARTESIAN_POINT('Ctrl Pts',(36.521579432182,144.,-39.7535097863292));
#16039=CARTESIAN_POINT('Ctrl Pts',(34.539159097944,-91.3747025381524,-39.5078458526614));
#16040=CARTESIAN_POINT('Ctrl Pts',(34.539159097944,381.374702538152,-39.5078458526614));
#16041=CARTESIAN_POINT('Ctrl Pts',(34.4084886448625,-91.3747025381524,-39.6243122179066));
#16042=CARTESIAN_POINT('Ctrl Pts',(34.4084886448625,381.374702538152,-39.6243122179066));
#16043=CARTESIAN_POINT('Ctrl Pts',(34.2307693867647,-91.3747025381524,-39.8852966803088));
#16044=CARTESIAN_POINT('Ctrl Pts',(34.2307693867647,381.374702538152,-39.8852966803088));
#16045=CARTESIAN_POINT('Ctrl Pts',(34.1972730526412,-91.3747025381524,-39.9737710935924));
#16046=CARTESIAN_POINT('Ctrl Pts',(34.1972730526412,381.374702538152,-39.9737710935924));
#16047=CARTESIAN_POINT('Ctrl Pts',(34.1972730526412,145.,-39.9737710935924));
#16048=CARTESIAN_POINT('Ctrl Pts',(34.2307693867647,145.,-39.8852966803088));
#16049=CARTESIAN_POINT('Ctrl Pts',(34.4084886448625,145.,-39.6243122179066));
#16050=CARTESIAN_POINT('Ctrl Pts',(34.539159097944,145.,-39.5078458526614));
#16051=CARTESIAN_POINT('Ctrl Pts',(34.1972730526412,144.,-39.9737710935924));
#16052=CARTESIAN_POINT('Ctrl Pts',(34.2196039420569,144.,-39.9147881514033));
#16053=CARTESIAN_POINT('Ctrl Pts',(34.2603892631144,144.,-39.8417992699084));
#16054=CARTESIAN_POINT('Ctrl Pts',(34.3196290158136,144.,-39.7548044491077));
#16055=CARTESIAN_POINT('Ctrl Pts',(34.3788687685129,144.,-39.6678096283069));
#16056=CARTESIAN_POINT('Ctrl Pts',(34.4520454625564,144.,-39.5854900961582));
#16057=CARTESIAN_POINT('Ctrl Pts',(34.539159097944,144.,-39.5078458526614));
#16058=CARTESIAN_POINT('Ctrl Pts',(37.3097943551803,-91.3747025381524,-41.9477397857231));
#16059=CARTESIAN_POINT('Ctrl Pts',(37.3097943551803,381.374702538152,-41.9477397857231));
#16060=CARTESIAN_POINT('Ctrl Pts',(37.0375642445939,-91.3747025381524,-42.1903780466505));
#16061=CARTESIAN_POINT('Ctrl Pts',(37.0375642445939,381.374702538152,-42.1903780466505));
#16062=CARTESIAN_POINT('Ctrl Pts',(36.3581748780557,-91.3747025381524,-42.1022563505586));
#16063=CARTESIAN_POINT('Ctrl Pts',(36.3581748780557,381.374702538152,-42.1022563505586));
#16064=CARTESIAN_POINT('Ctrl Pts',(36.0136285475387,-91.3747025381524,-41.715689593526));
#16065=CARTESIAN_POINT('Ctrl Pts',(36.0136285475387,381.374702538152,-41.715689593526));
#16066=CARTESIAN_POINT('',(37.3097943551803,145.,-41.9477397857231));
#16067=CARTESIAN_POINT('Ctrl Pts',(37.3097943551803,145.,-41.9477397857231));
#16068=CARTESIAN_POINT('Ctrl Pts',(37.0375642445939,145.,-42.1903780466505));
#16069=CARTESIAN_POINT('Ctrl Pts',(36.3581748780557,145.,-42.1022563505586));
#16070=CARTESIAN_POINT('Ctrl Pts',(36.0136285475387,145.,-41.715689593526));
#16071=CARTESIAN_POINT('',(37.3097943551803,144.,-41.9477397857231));
#16072=CARTESIAN_POINT('',(37.3097943551803,-91.3747025381524,-41.9477397857231));
#16073=CARTESIAN_POINT('Ctrl Pts',(37.3097943551803,144.,-41.9477397857231));
#16074=CARTESIAN_POINT('Ctrl Pts',(37.1283076147894,144.,-42.1094986263414));
#16075=CARTESIAN_POINT('Ctrl Pts',(36.9243326835042,144.,-42.1756910973019));
#16076=CARTESIAN_POINT('Ctrl Pts',(36.6978695613248,144.,-42.1463171986046));
#16077=CARTESIAN_POINT('Ctrl Pts',(36.4714064391454,144.,-42.1169432999073));
#16078=CARTESIAN_POINT('Ctrl Pts',(36.2433261012167,144.,-41.9734007648811));
#16079=CARTESIAN_POINT('Ctrl Pts',(36.0136285475387,144.,-41.715689593526));
#16080=CARTESIAN_POINT('Ctrl Pts',(37.5591819428341,-91.3747025381524,-41.3835157864843));
#16081=CARTESIAN_POINT('Ctrl Pts',(37.5591819428341,381.374702538152,-41.3835157864843));
#16082=CARTESIAN_POINT('Ctrl Pts',(37.5585303258906,-91.3747025381524,-41.5746089209376));
#16083=CARTESIAN_POINT('Ctrl Pts',(37.5585303258906,381.374702538152,-41.5746089209376));
#16084=CARTESIAN_POINT('Ctrl Pts',(37.4268533027324,-91.3747025381524,-41.8434053335243));
#16085=CARTESIAN_POINT('Ctrl Pts',(37.4268533027324,381.374702538152,-41.8434053335243));
#16086=CARTESIAN_POINT('Ctrl Pts',(37.3097943551803,-91.3747025381524,-41.9477397857231));
#16087=CARTESIAN_POINT('Ctrl Pts',(37.3097943551803,381.374702538152,-41.9477397857231));
#16088=CARTESIAN_POINT('',(37.5591819428341,145.,-41.3835157864843));
#16089=CARTESIAN_POINT('Ctrl Pts',(37.5591819428341,145.,-41.3835157864843));
#16090=CARTESIAN_POINT('Ctrl Pts',(37.5585303258906,145.,-41.5746089209376));
#16091=CARTESIAN_POINT('Ctrl Pts',(37.4268533027324,145.,-41.8434053335243));
#16092=CARTESIAN_POINT('Ctrl Pts',(37.3097943551803,145.,-41.9477397857231));
#16093=CARTESIAN_POINT('',(37.5591819428341,144.,-41.3835157864843));
#16094=CARTESIAN_POINT('',(37.5591819428341,-91.3747025381524,-41.3835157864843));
#16095=CARTESIAN_POINT('Ctrl Pts',(37.5591819428341,144.,-41.3835157864843));
#16096=CARTESIAN_POINT('Ctrl Pts',(37.5587475315384,144.,-41.5109112094532));
#16097=CARTESIAN_POINT('Ctrl Pts',(37.5365841553642,144.,-41.6194083230354));
#16098=CARTESIAN_POINT('Ctrl Pts',(37.4926918143115,144.,-41.709007127231));
#16099=CARTESIAN_POINT('Ctrl Pts',(37.4487994732588,144.,-41.7986059314265));
#16100=CARTESIAN_POINT('Ctrl Pts',(37.3878336535484,144.,-41.8781834842572));
#16101=CARTESIAN_POINT('Ctrl Pts',(37.3097943551803,144.,-41.9477397857231));
#16102=CARTESIAN_POINT('Ctrl Pts',(37.0077437095266,-91.3747025381524,-40.2825239563566));
#16103=CARTESIAN_POINT('Ctrl Pts',(37.0077437095266,381.374702538152,-40.2825239563566));
#16104=CARTESIAN_POINT('Ctrl Pts',(37.3183206835138,-91.3747025381524,-40.6309784979071));
#16105=CARTESIAN_POINT('Ctrl Pts',(37.3183206835138,381.374702538152,-40.6309784979071));
#16106=CARTESIAN_POINT('Ctrl Pts',(37.5631476978767,-91.3747025381524,-41.1796989019915));
#16107=CARTESIAN_POINT('Ctrl Pts',(37.5631476978767,381.374702538152,-41.1796989019915));
#16108=CARTESIAN_POINT('Ctrl Pts',(37.5591819428341,-91.3747025381524,-41.3835157864843));
#16109=CARTESIAN_POINT('Ctrl Pts',(37.5591819428341,381.374702538152,-41.3835157864843));
#16110=CARTESIAN_POINT('',(37.0077437095266,145.,-40.2825239563566));
#16111=CARTESIAN_POINT('Ctrl Pts',(37.0077437095266,145.,-40.2825239563566));
#16112=CARTESIAN_POINT('Ctrl Pts',(37.3183206835138,145.,-40.6309784979071));
#16113=CARTESIAN_POINT('Ctrl Pts',(37.5631476978767,145.,-41.1796989019915));
#16114=CARTESIAN_POINT('Ctrl Pts',(37.5591819428341,145.,-41.3835157864843));
#16115=CARTESIAN_POINT('',(37.0077437095266,144.,-40.2825239563566));
#16116=CARTESIAN_POINT('',(37.0077437095266,-91.3747025381524,-40.2825239563566));
#16117=CARTESIAN_POINT('Ctrl Pts',(37.0077437095266,144.,-40.2825239563566));
#16118=CARTESIAN_POINT('Ctrl Pts',(37.2147950255181,144.,-40.5148269840569));
#16119=CARTESIAN_POINT('Ctrl Pts',(37.3591251859076,144.,-40.7224318985879));
#16120=CARTESIAN_POINT('Ctrl Pts',(37.4407341906952,144.,-40.9053386999493));
#16121=CARTESIAN_POINT('Ctrl Pts',(37.5223431954829,144.,-41.0882455013108));
#16122=CARTESIAN_POINT('Ctrl Pts',(37.5618257795292,144.,-41.2476378634891));
#16123=CARTESIAN_POINT('Ctrl Pts',(37.5591819428341,144.,-41.3835157864843));
#16124=CARTESIAN_POINT('Ctrl Pts',(36.8103189626856,-91.3747025381524,-40.077463617927));
#16125=CARTESIAN_POINT('Ctrl Pts',(36.8103189626856,381.374702538152,-40.077463617927));
#16126=CARTESIAN_POINT('Ctrl Pts',(36.8567161507584,-91.3747025381524,-40.1240386552233));
#16127=CARTESIAN_POINT('Ctrl Pts',(36.8567161507584,381.374702538152,-40.1240386552233));
#16128=CARTESIAN_POINT('Ctrl Pts',(36.9446577616855,-91.3747025381524,-40.2117441276041));
#16129=CARTESIAN_POINT('Ctrl Pts',(36.9446577616855,381.374702538152,-40.2117441276041));
#16130=CARTESIAN_POINT('Ctrl Pts',(37.0077437095266,-91.3747025381524,-40.2825239563566));
#16131=CARTESIAN_POINT('Ctrl Pts',(37.0077437095266,381.374702538152,-40.2825239563566));
#16132=CARTESIAN_POINT('Ctrl Pts',(36.8103189626856,145.,-40.077463617927));
#16133=CARTESIAN_POINT('Ctrl Pts',(36.8567161507584,145.,-40.1240386552233));
#16134=CARTESIAN_POINT('Ctrl Pts',(36.9446577616855,145.,-40.2117441276041));
#16135=CARTESIAN_POINT('Ctrl Pts',(37.0077437095266,145.,-40.2825239563566));
#16136=CARTESIAN_POINT('Ctrl Pts',(36.8103189626856,144.,-40.077463617927));
#16137=CARTESIAN_POINT('Ctrl Pts',(36.8412504214008,144.,-40.1085136427912));
#16138=CARTESIAN_POINT('Ctrl Pts',(36.871373085913,144.,-40.1386562339534));
#16139=CARTESIAN_POINT('Ctrl Pts',(36.900686956222,144.,-40.1678913914137));
#16140=CARTESIAN_POINT('Ctrl Pts',(36.930000826531,144.,-40.197126548874));
#16141=CARTESIAN_POINT('Ctrl Pts',(36.9656864109659,144.,-40.2353374038549));
#16142=CARTESIAN_POINT('Ctrl Pts',(37.0077437095266,144.,-40.2825239563566));
#16143=CARTESIAN_POINT('Origin',(0.,144.,-40.5));
#16144=CARTESIAN_POINT('Origin',(0.,145.,-40.5));
#16145=CARTESIAN_POINT('Origin',(0.,145.,-40.5));
#16146=CARTESIAN_POINT('',(7.47034547479885E-15,145.,61.));
#16147=CARTESIAN_POINT('Origin',(0.,145.,0.));
#16148=CARTESIAN_POINT('',(4.95981953654678E-15,145.,40.5));
#16149=CARTESIAN_POINT('Origin',(0.,145.,0.));
#16150=CARTESIAN_POINT('',(-53.75,145.,3.36777869765522E-16));
#16151=CARTESIAN_POINT('Origin',(-51.,145.,0.));
#16152=CARTESIAN_POINT('',(22.75,145.,44.1672955930064));
#16153=CARTESIAN_POINT('Origin',(25.5,145.,44.1672955930064));
#16154=CARTESIAN_POINT('',(22.75,145.,-44.1672955930064));
#16155=CARTESIAN_POINT('Origin',(25.5,145.,-44.1672955930064));
#16156=CARTESIAN_POINT('Origin',(0.,145.,-40.5));
#16157=CARTESIAN_POINT('Origin',(0.,145.,-40.5));
#16158=CARTESIAN_POINT('Origin',(0.,145.,-40.5));
#16159=CARTESIAN_POINT('Origin',(0.,145.,-40.5));
#16160=CARTESIAN_POINT('Origin',(0.,145.,-40.5));
#16161=CARTESIAN_POINT('Origin',(0.,145.,-40.5));
#16162=CARTESIAN_POINT('Origin',(0.,145.,-40.5));
#16163=CARTESIAN_POINT('Origin',(25.5,-91.3747025381523,-44.1672955930064));
#16164=CARTESIAN_POINT('',(22.75,140.,-44.1672955930064));
#16165=CARTESIAN_POINT('',(22.75,-91.3747025381523,-44.1672955930064));
#16166=CARTESIAN_POINT('Origin',(25.5,140.,-44.1672955930064));
#16167=CARTESIAN_POINT('Origin',(25.5,-91.3747025381523,44.1672955930064));
#16168=CARTESIAN_POINT('',(22.75,140.,44.1672955930064));
#16169=CARTESIAN_POINT('',(22.75,-91.3747025381523,44.1672955930064));
#16170=CARTESIAN_POINT('Origin',(25.5,140.,44.1672955930064));
#16171=CARTESIAN_POINT('Origin',(-51.,-91.3747025381523,0.));
#16172=CARTESIAN_POINT('',(-53.75,140.,3.36777869765522E-16));
#16173=CARTESIAN_POINT('',(-53.75,-91.3747025381523,3.36777869765522E-16));
#16174=CARTESIAN_POINT('Origin',(-51.,140.,0.));
#16175=CARTESIAN_POINT('Origin',(0.,70.,0.));
#16176=CARTESIAN_POINT('',(6.85802207522518E-15,140.,56.));
#16177=CARTESIAN_POINT('Origin',(0.,140.,0.));
#16178=CARTESIAN_POINT('',(6.85802207522518E-15,3.5527136788005E-14,56.));
#16179=CARTESIAN_POINT('',(6.85802207522518E-15,70.,56.));
#16180=CARTESIAN_POINT('Origin',(0.,3.5527136788005E-14,0.));
#16181=CARTESIAN_POINT('Origin',(0.,3.63598040564739E-14,-66.));
#16182=CARTESIAN_POINT('',(8.08266887437253E-15,3.5527136788005E-14,66.));
#16183=CARTESIAN_POINT('Origin',(0.,3.5527136788005E-14,0.));
#16184=CARTESIAN_POINT('Origin',(0.,2.50000000000004,0.));
#16185=CARTESIAN_POINT('',(8.08266887437253E-15,5.00000000000004,66.));
#16186=CARTESIAN_POINT('Origin',(0.,5.00000000000004,0.));
#16187=CARTESIAN_POINT('',(8.08266887437253E-15,2.50000000000004,66.));
#16188=CARTESIAN_POINT('Origin',(0.,7.47653731400169,0.));
#16189=CARTESIAN_POINT('',(7.47034547479886E-15,9.95307462800334,61.));
#16190=CARTESIAN_POINT('Origin',(0.,9.95307462800334,0.));
#16191=CARTESIAN_POINT('',(7.7765071745857E-15,7.47653731400169,63.5));
#16192=CARTESIAN_POINT('Origin',(0.,77.4765373140017,0.));
#16193=CARTESIAN_POINT('',(7.47034547479885E-15,77.4765373140017,61.));
#16194=CARTESIAN_POINT('Origin',(0.,145.,-40.5));
#16195=CARTESIAN_POINT('Origin',(0.,142.5,0.));
#16196=CARTESIAN_POINT('',(4.95981953654678E-15,140.,40.5));
#16197=CARTESIAN_POINT('',(4.95981953654678E-15,142.5,40.5));
#16198=CARTESIAN_POINT('Origin',(0.,140.,0.));
#16199=CARTESIAN_POINT('Origin',(0.,140.,-56.));
#16200=UNCERTAINTY_MEASURE_WITH_UNIT(LENGTH_MEASURE(0.01),#16204,
'DISTANCE_ACCURACY_VALUE',
'Maximum model space distance between geometric entities at asserted c
onnectivities');
#16201=UNCERTAINTY_MEASURE_WITH_UNIT(LENGTH_MEASURE(0.01),#16204,
'DISTANCE_ACCURACY_VALUE',
'Maximum model space distance between geometric entities at asserted c
onnectivities');
#16202=(
GEOMETRIC_REPRESENTATION_CONTEXT(3)
GLOBAL_UNCERTAINTY_ASSIGNED_CONTEXT((#16200))
GLOBAL_UNIT_ASSIGNED_CONTEXT((#16204,#16206,#16207))
REPRESENTATION_CONTEXT('','3D')
);
#16203=(
GEOMETRIC_REPRESENTATION_CONTEXT(3)
GLOBAL_UNCERTAINTY_ASSIGNED_CONTEXT((#16201))
GLOBAL_UNIT_ASSIGNED_CONTEXT((#16204,#16206,#16207))
REPRESENTATION_CONTEXT('','3D')
);
#16204=(
LENGTH_UNIT()
NAMED_UNIT(*)
SI_UNIT(.MILLI.,.METRE.)
);
#16205=(
LENGTH_UNIT()
NAMED_UNIT(*)
SI_UNIT(.CENTI.,.METRE.)
);
#16206=(
NAMED_UNIT(*)
PLANE_ANGLE_UNIT()
SI_UNIT($,.RADIAN.)
);
#16207=(
NAMED_UNIT(*)
SI_UNIT($,.STERADIAN.)
SOLID_ANGLE_UNIT()
);
#16208=SHAPE_DEFINITION_REPRESENTATION(#16209,#16210);
#16209=PRODUCT_DEFINITION_SHAPE('',$,#16212);
#16210=SHAPE_REPRESENTATION('',(#8790),#16202);
#16211=PRODUCT_DEFINITION_CONTEXT('part definition',#16216,'design');
#16212=PRODUCT_DEFINITION('Mithril Center Cylinder',
'Damascus Center Cylinder',#16213,#16211);
#16213=PRODUCT_DEFINITION_FORMATION('',$,#16218);
#16214=PRODUCT_RELATED_PRODUCT_CATEGORY('Damascus Center Cylinder',
'Damascus Center Cylinder',(#16218));
#16215=APPLICATION_PROTOCOL_DEFINITION('international standard',
'automotive_design',2009,#16216);
#16216=APPLICATION_CONTEXT(
'Core Data for Automotive Mechanical Design Process');
#16217=PRODUCT_CONTEXT('part definition',#16216,'mechanical');
#16218=PRODUCT('Mithril Center Cylinder','Damascus Center Cylinder',$,(#16217));
#16219=PRESENTATION_STYLE_ASSIGNMENT((#16220));
#16220=SURFACE_STYLE_USAGE(.BOTH.,#16223);
#16221=SURFACE_STYLE_RENDERING_WITH_PROPERTIES($,#16227,(#16222));
#16222=SURFACE_STYLE_TRANSPARENT(0.);
#16223=SURFACE_SIDE_STYLE('',(#16224,#16221));
#16224=SURFACE_STYLE_FILL_AREA(#16225);
#16225=FILL_AREA_STYLE('',(#16226));
#16226=FILL_AREA_STYLE_COLOUR('',#16227);
#16227=COLOUR_RGB('',0.749019607843137,0.749019607843137,0.749019607843137);
ENDSEC;
END-ISO-10303-21;
